# Blender v2.83.20 OBJ File: ''
# www.blender.org
mtllib Coffee door.mtl
o DOOR_Cubo.006
v -0.061670 -0.061559 0.313172
v -0.061670 -0.005376 0.346951
v -0.067725 -0.005376 0.313172
v -0.061670 0.409001 0.346951
v -0.061670 0.465183 0.313172
v -0.067725 0.409001 0.313172
v -0.061670 -0.061559 0.064039
v -0.067725 -0.005376 0.064039
v -0.061670 -0.005376 0.030260
v -0.061670 0.465183 0.064039
v -0.061670 0.409001 0.030260
v -0.067725 0.409001 0.064039
v -0.017005 -0.061559 0.313172
v -0.010949 -0.005376 0.313172
v -0.017005 -0.005376 0.346951
v -0.017005 0.465183 0.313172
v -0.017005 0.409001 0.346951
v -0.010949 0.409001 0.313172
v -0.017005 -0.061559 0.064039
v -0.017005 -0.005376 0.030260
v -0.010949 -0.005376 0.064039
v -0.017005 0.465183 0.064039
v -0.010949 0.409001 0.064039
v -0.017005 0.409001 0.030260
v -0.061670 -0.061559 -0.050669
v -0.061670 -0.005376 -0.016891
v -0.067725 -0.005376 -0.050669
v -0.061670 0.409001 -0.016891
v -0.061670 0.465183 -0.050669
v -0.067725 0.409001 -0.050669
v -0.061670 -0.061559 -0.299803
v -0.067725 -0.005376 -0.299803
v -0.061670 -0.005376 -0.333581
v -0.061670 0.465183 -0.299803
v -0.061670 0.409001 -0.333581
v -0.067725 0.409001 -0.299803
v -0.017005 -0.061559 -0.050669
v -0.010949 -0.005376 -0.050669
v -0.017005 -0.005376 -0.016891
v -0.017005 0.465183 -0.050669
v -0.017005 0.409001 -0.016891
v -0.010949 0.409001 -0.050669
v -0.017005 -0.061559 -0.299803
v -0.017005 -0.005376 -0.333581
v -0.010949 -0.005376 -0.299803
v -0.017005 0.465183 -0.299803
v -0.010949 0.409001 -0.299803
v -0.017005 0.409001 -0.333581
v -0.061670 -0.900098 0.313172
v -0.061670 -0.843915 0.346951
v -0.067725 -0.843915 0.313172
v -0.061670 -0.200527 0.346951
v -0.061670 -0.144344 0.313172
v -0.067725 -0.200527 0.313172
v -0.061670 -0.900098 0.064039
v -0.067725 -0.843915 0.064039
v -0.061670 -0.843915 0.030260
v -0.061670 -0.144344 0.064039
v -0.061670 -0.200527 0.030260
v -0.067725 -0.200527 0.064039
v -0.017005 -0.900098 0.313172
v -0.010949 -0.843915 0.313172
v -0.017005 -0.843915 0.346951
v -0.017005 -0.144344 0.313172
v -0.017005 -0.200527 0.346951
v -0.010949 -0.200527 0.313172
v -0.017005 -0.900098 0.064039
v -0.017005 -0.843915 0.030260
v -0.010949 -0.843915 0.064039
v -0.017005 -0.144344 0.064039
v -0.010949 -0.200527 0.064039
v -0.017005 -0.200527 0.030260
v -0.061670 -0.900098 -0.050669
v -0.061670 -0.843915 -0.016891
v -0.067725 -0.843915 -0.050669
v -0.061670 -0.200527 -0.016891
v -0.061670 -0.144344 -0.050669
v -0.067725 -0.200527 -0.050669
v -0.061670 -0.900098 -0.299803
v -0.067725 -0.843915 -0.299803
v -0.061670 -0.843915 -0.333581
v -0.061670 -0.144344 -0.299803
v -0.061670 -0.200527 -0.333581
v -0.067725 -0.200527 -0.299803
v -0.017005 -0.900098 -0.050669
v -0.010949 -0.843915 -0.050669
v -0.017005 -0.843915 -0.016891
v -0.017005 -0.144344 -0.050669
v -0.017005 -0.200527 -0.016891
v -0.010949 -0.200527 -0.050669
v -0.017005 -0.900098 -0.299803
v -0.017005 -0.843915 -0.333581
v -0.010949 -0.843915 -0.299803
v -0.017005 -0.144344 -0.299803
v -0.010949 -0.200527 -0.299803
v -0.017005 -0.200527 -0.333581
v -0.025655 -0.946833 0.369240
v -0.025655 0.539255 0.369240
v -0.025655 -0.946833 -0.361863
v -0.025655 0.539255 -0.361863
v -0.048984 -0.946833 0.369240
v -0.048984 0.539255 0.369240
v -0.048984 -0.946833 -0.361863
v -0.048984 0.539255 -0.361863
v 0.009977 -1.003372 0.397055
v 0.009977 0.595795 0.397055
v 0.009977 -1.003372 -0.389678
v 0.009977 0.595795 -0.389678
v -0.088652 -1.003372 0.397055
v -0.088652 0.595795 0.397055
v -0.088652 -1.003372 -0.389678
v -0.088652 0.595795 -0.389678
v -0.088652 0.539255 -0.361863
v -0.088652 0.539255 0.369240
v -0.088652 -0.946833 0.369240
v -0.088652 0.299591 0.369240
v -0.088652 -0.707168 -0.361863
v -0.088652 -0.946833 -0.361863
v 0.009977 0.539255 -0.361863
v 0.009977 -0.946833 0.369240
v 0.009977 -0.946833 -0.361863
v 0.009977 0.539255 0.369240
vt 0.401665 0.776665
vt 0.598335 0.776665
vt 0.598335 0.973335
vt 0.401665 0.973335
vt 0.401665 0.526665
vt 0.598335 0.526665
vt 0.598335 0.723335
vt 0.401665 0.723335
vt 0.151665 0.526665
vt 0.348335 0.526665
vt 0.348335 0.723335
vt 0.151665 0.723335
vt 0.651665 0.526665
vt 0.848335 0.526665
vt 0.848335 0.723335
vt 0.651665 0.723335
vt 0.401665 0.026665
vt 0.598335 0.026665
vt 0.598335 0.223335
vt 0.401665 0.223335
vt 0.401665 0.276665
vt 0.598335 0.276665
vt 0.598335 0.473335
vt 0.401665 0.473335
vt 0.401665 0.776665
vt 0.598335 0.776665
vt 0.598335 0.973335
vt 0.401665 0.973335
vt 0.401665 0.526665
vt 0.598335 0.526665
vt 0.598335 0.723335
vt 0.401665 0.723335
vt 0.151665 0.526665
vt 0.348335 0.526665
vt 0.348335 0.723335
vt 0.151665 0.723335
vt 0.651665 0.526665
vt 0.848335 0.526665
vt 0.848335 0.723335
vt 0.651665 0.723335
vt 0.401665 0.026665
vt 0.598335 0.026665
vt 0.598335 0.223335
vt 0.401665 0.223335
vt 0.401665 0.276665
vt 0.598335 0.276665
vt 0.598335 0.473335
vt 0.401665 0.473335
vt 0.393585 0.776665
vt 0.606415 0.776665
vt 0.606415 0.973335
vt 0.393585 0.973335
vt 0.393585 0.526665
vt 0.606415 0.526665
vt 0.606415 0.723335
vt 0.393585 0.723335
vt 0.151665 0.526665
vt 0.348335 0.526665
vt 0.348335 0.723335
vt 0.151665 0.723335
vt 0.651665 0.526665
vt 0.848335 0.526665
vt 0.848335 0.723335
vt 0.651665 0.723335
vt 0.393585 0.026665
vt 0.606415 0.026665
vt 0.606415 0.223335
vt 0.393585 0.223335
vt 0.393585 0.276665
vt 0.606415 0.276665
vt 0.606415 0.473335
vt 0.393585 0.473335
vt 0.393585 0.776665
vt 0.606415 0.776665
vt 0.606415 0.973335
vt 0.393585 0.973335
vt 0.393585 0.526665
vt 0.606415 0.526665
vt 0.606415 0.723335
vt 0.393585 0.723335
vt 0.651665 0.526665
vt 0.848335 0.526665
vt 0.848335 0.723335
vt 0.651665 0.723335
vt 0.393585 0.026665
vt 0.606415 0.026665
vt 0.606415 0.223335
vt 0.393585 0.223335
vt 0.393585 0.276665
vt 0.606415 0.276665
vt 0.606415 0.473335
vt 0.393585 0.473335
vt 0.151665 0.723335
vt 0.151665 0.750000
vt 0.125000 0.723335
vt 0.625000 0.973335
vt 0.598335 1.000000
vt 0.151665 0.526665
vt 0.125000 0.526665
vt 0.151665 0.500000
vt 0.848335 0.500000
vt 0.875000 0.526665
vt 0.348335 0.723335
vt 0.375000 0.723335
vt 0.348335 0.750000
vt 0.651665 0.750000
vt 0.625000 0.723335
vt 0.348335 0.526665
vt 0.348335 0.500000
vt 0.375000 0.526665
vt 0.625000 0.526665
vt 0.651665 0.500000
vt 0.151665 0.750000
vt 0.125000 0.723335
vt 0.625000 0.973335
vt 0.598335 1.000000
vt 0.125000 0.526665
vt 0.151665 0.500000
vt 0.848335 0.500000
vt 0.875000 0.526665
vt 0.375000 0.723335
vt 0.348335 0.750000
vt 0.651665 0.750000
vt 0.625000 0.723335
vt 0.348335 0.500000
vt 0.375000 0.526665
vt 0.625000 0.526665
vt 0.651665 0.500000
vt 0.151665 0.750000
vt 0.125000 0.723335
vt 0.625000 0.973335
vt 0.606415 1.000000
vt 0.125000 0.526665
vt 0.151665 0.500000
vt 0.848335 0.500000
vt 0.875000 0.526665
vt 0.375000 0.723335
vt 0.348335 0.750000
vt 0.651665 0.750000
vt 0.625000 0.723335
vt 0.348335 0.500000
vt 0.375000 0.526665
vt 0.625000 0.526665
vt 0.651665 0.500000
vt 0.151665 0.750000
vt 0.125000 0.723335
vt 0.625000 0.973335
vt 0.606415 1.000000
vt 0.125000 0.526665
vt 0.151665 0.500000
vt 0.848335 0.500000
vt 0.875000 0.526665
vt 0.375000 0.723335
vt 0.348335 0.750000
vt 0.651665 0.750000
vt 0.625000 0.723335
vt 0.348335 0.500000
vt 0.375000 0.526665
vt 0.625000 0.526665
vt 0.651665 0.500000
vt 0.401665 1.000000
vt 0.875000 0.723335
vt 0.848335 0.750000
vt 0.401665 1.000000
vt 0.875000 0.723335
vt 0.848335 0.750000
vt 0.393585 1.000000
vt 0.875000 0.723335
vt 0.848335 0.750000
vt 0.393585 1.000000
vt 0.875000 0.723335
vt 0.848335 0.750000
vt 0.375000 0.500000
vt 0.375000 0.750000
vt 0.625000 0.750000
vt 0.625000 0.500000
vt 0.375000 0.938350
vt 0.625000 0.938350
vt 0.813350 0.750000
vt 0.813350 0.500000
vt 0.375000 0.000000
vt 0.375000 0.250000
vt 0.625000 0.250000
vt 0.625000 0.000000
vt 0.375000 0.459682
vt 0.415318 0.459682
vt 0.625000 0.459682
vt 0.125000 0.500000
vt 0.125000 0.750000
vt 0.334682 0.750000
vt 0.334682 0.500000
vt 0.375000 0.000000
vt 0.625000 0.000000
vt 0.616161 0.008839
vt 0.383839 0.008839
vt 0.383839 0.241161
vt 0.375000 0.250000
vt 0.625000 0.250000
vt 0.625000 0.500000
vt 0.375000 0.500000
vt 0.421306 0.508839
vt 0.383839 0.508839
vt 0.383839 0.741161
vt 0.578694 0.741161
vt 0.625000 0.750000
vt 0.375000 0.750000
vt 0.625000 1.000000
vt 0.375000 1.000000
vt 0.125000 0.500000
vt 0.125000 0.750000
vt 0.875000 0.500000
vt 0.875000 0.750000
vt 0.616161 0.241161
vt 0.375000 0.311650
vt 0.625000 0.311650
vt 0.375000 0.790318
vt 0.375000 1.000000
vt 0.625000 1.000000
vt 0.625000 0.790318
vt 0.584682 0.790318
vt 0.665318 0.750000
vt 0.875000 0.750000
vt 0.875000 0.500000
vt 0.665318 0.500000
vt 0.616161 0.741161
vt 0.616161 0.508839
vt 0.186650 0.750000
vt 0.186650 0.500000
vn 0.0000 0.0000 1.0000
vn 1.0000 0.0000 0.0000
vn 0.0000 -1.0000 0.0000
vn 0.0000 1.0000 0.0000
vn -1.0000 0.0000 0.0000
vn 0.0000 0.0000 -1.0000
vn -0.9788 -0.1055 0.1755
vn -0.9788 0.1055 0.1755
vn -0.9788 -0.1055 -0.1755
vn -0.9788 0.1055 -0.1755
vn 0.9788 -0.1055 0.1755
vn 0.9788 0.1055 0.1755
vn 0.9788 -0.1055 -0.1755
vn 0.9788 0.1055 -0.1755
vn -0.9942 -0.1072 0.0000
vn -0.9843 0.0000 0.1765
vn -0.9942 0.1072 0.0000
vn -0.9843 0.0000 -0.1765
vn 0.0000 -0.5153 -0.8570
vn 0.0000 0.5153 -0.8570
vn 0.9843 0.0000 -0.1765
vn 0.9942 -0.1072 0.0000
vn 0.9942 0.1072 0.0000
vn 0.9843 0.0000 0.1765
vn 0.0000 -0.5153 0.8570
vn 0.0000 0.5153 0.8570
g DOOR_Cubo.006_Material.001
usemtl Material.001
s off
f 15/1/1 17/2/1 4/3/1 2/4/1
f 21/5/2 23/6/2 18/7/2 14/8/2
f 31/9/3 43/10/3 37/11/3 25/12/3
f 22/13/4 10/14/4 5/15/4 16/16/4
f 3/17/5 6/18/5 12/19/5 8/20/5
f 9/21/6 11/22/6 24/23/6 20/24/6
f 39/25/1 41/26/1 28/27/1 26/28/1
f 45/29/2 47/30/2 42/31/2 38/32/2
f 55/33/3 67/34/3 61/35/3 49/36/3
f 46/37/4 34/38/4 29/39/4 40/40/4
f 27/41/5 30/42/5 36/43/5 32/44/5
f 33/45/6 35/46/6 48/47/6 44/48/6
f 63/49/1 65/50/1 52/51/1 50/52/1
f 69/53/2 71/54/2 66/55/2 62/56/2
f 79/57/3 91/58/3 85/59/3 73/60/3
f 70/61/4 58/62/4 53/63/4 64/64/4
f 51/65/5 54/66/5 60/67/5 56/68/5
f 57/69/6 59/70/6 72/71/6 68/72/6
f 87/73/1 89/74/1 76/75/1 74/76/1
f 93/77/2 95/78/2 90/79/2 86/80/2
f 94/81/4 82/82/4 77/83/4 88/84/4
f 75/85/5 78/86/5 84/87/5 80/88/5
f 81/89/6 83/90/6 96/91/6 92/92/6
f 1/93/7 2/94/7 3/95/7
f 4/3/8 5/96/8 6/97/8
f 7/98/9 8/99/9 9/100/9
f 10/14/10 11/101/10 12/102/10
f 13/103/11 14/104/11 15/105/11
f 16/16/12 17/106/12 18/107/12
f 19/108/13 20/109/13 21/110/13
f 22/13/14 23/111/14 24/112/14
f 25/12/7 26/113/7 27/114/7
f 28/27/8 29/115/8 30/116/8
f 31/9/9 32/117/9 33/118/9
f 34/38/10 35/119/10 36/120/10
f 37/11/11 38/121/11 39/122/11
f 40/40/12 41/123/12 42/124/12
f 43/10/13 44/125/13 45/126/13
f 46/37/14 47/127/14 48/128/14
f 49/36/7 50/129/7 51/130/7
f 52/51/8 53/131/8 54/132/8
f 55/33/9 56/133/9 57/134/9
f 58/62/10 59/135/10 60/136/10
f 61/35/11 62/137/11 63/138/11
f 64/64/12 65/139/12 66/140/12
f 67/34/13 68/141/13 69/142/13
f 70/61/14 71/143/14 72/144/14
f 73/60/7 74/145/7 75/146/7
f 76/75/8 77/147/8 78/148/8
f 79/57/9 80/149/9 81/150/9
f 82/82/10 83/151/10 84/152/10
f 85/59/11 86/153/11 87/154/11
f 88/84/12 89/155/12 90/156/12
f 91/58/13 92/157/13 93/158/13
f 94/81/14 95/159/14 96/160/14
f 7/98/15 1/93/15 3/95/15 8/99/15
f 2/4/16 4/3/16 6/97/16 3/161/16
f 5/15/17 10/14/17 12/102/17 6/162/17
f 11/22/18 9/21/18 8/20/18 12/19/18
f 19/108/19 7/98/19 9/100/19 20/109/19
f 10/14/20 22/13/20 24/112/20 11/101/20
f 23/6/21 21/5/21 20/24/21 24/23/21
f 13/103/22 19/108/22 21/5/22 14/8/22
f 22/13/23 16/16/23 18/7/23 23/6/23
f 17/2/24 15/1/24 14/8/24 18/7/24
f 1/93/25 13/103/25 15/105/25 2/94/25
f 16/16/26 5/15/26 4/163/26 17/106/26
f 31/9/15 25/12/15 27/114/15 32/117/15
f 26/28/16 28/27/16 30/116/16 27/164/16
f 29/39/17 34/38/17 36/120/17 30/165/17
f 35/46/18 33/45/18 32/44/18 36/43/18
f 43/10/19 31/9/19 33/118/19 44/125/19
f 34/38/20 46/37/20 48/128/20 35/119/20
f 47/30/21 45/29/21 44/48/21 48/47/21
f 37/11/22 43/10/22 45/29/22 38/32/22
f 46/37/23 40/40/23 42/31/23 47/30/23
f 41/26/24 39/25/24 38/32/24 42/31/24
f 25/12/25 37/11/25 39/122/25 26/113/25
f 40/40/26 29/39/26 28/166/26 41/123/26
f 55/33/15 49/36/15 51/130/15 56/133/15
f 50/52/16 52/51/16 54/132/16 51/167/16
f 53/63/17 58/62/17 60/136/17 54/168/17
f 59/70/18 57/69/18 56/68/18 60/67/18
f 67/34/19 55/33/19 57/134/19 68/141/19
f 58/62/20 70/61/20 72/144/20 59/135/20
f 71/54/21 69/53/21 68/72/21 72/71/21
f 61/35/22 67/34/22 69/53/22 62/56/22
f 70/61/23 64/64/23 66/55/23 71/54/23
f 65/50/24 63/49/24 62/56/24 66/55/24
f 49/36/25 61/35/25 63/138/25 50/129/25
f 64/64/26 53/63/26 52/169/26 65/139/26
f 79/57/15 73/60/15 75/146/15 80/149/15
f 74/76/16 76/75/16 78/148/16 75/170/16
f 77/83/17 82/82/17 84/152/17 78/171/17
f 83/90/18 81/89/18 80/88/18 84/87/18
f 91/58/19 79/57/19 81/150/19 92/157/19
f 82/82/20 94/81/20 96/160/20 83/151/20
f 95/78/21 93/77/21 92/92/21 96/91/21
f 85/59/22 91/58/22 93/77/22 86/80/22
f 94/81/23 88/84/23 90/79/23 95/78/23
f 89/74/24 87/73/24 86/80/24 90/79/24
f 73/60/25 85/59/25 87/154/25 74/145/25
f 88/84/26 77/83/26 76/172/26 89/155/26
f 7/98/3 19/108/3 13/103/3 1/93/3
f 99/173/5 97/174/5 98/175/5 100/176/5
f 97/174/1 120/177/1 122/178/1 98/175/1
f 100/176/4 98/175/4 122/179/4 119/180/4
f 101/181/2 103/182/2 104/183/2 102/184/2
f 103/182/6 118/185/6 117/186/6 113/187/6 104/183/6
f 103/188/3 101/189/3 115/190/3 118/191/3
f 105/192/5 106/193/5 122/194/5 120/195/5 121/196/5 107/197/5
f 107/197/1 108/198/1 112/199/1 111/200/1
f 111/200/2 117/201/2 118/202/2 115/203/2 116/204/2 110/205/2 109/206/2
f 109/206/6 110/205/6 106/207/6 105/208/6
f 107/209/4 111/200/4 109/206/4 105/210/4
f 112/199/3 108/211/3 106/212/3 110/205/3
f 107/197/5 121/196/5 119/213/5 122/194/5 106/193/5 108/198/5
f 121/214/6 99/173/6 100/176/6 119/215/6
f 115/216/1 101/217/1 102/218/1 114/219/1 116/220/1
f 114/221/4 102/222/4 104/223/4 113/224/4
f 110/205/2 116/204/2 114/225/2 113/226/2 117/201/2 111/200/2 112/199/2
f 120/227/3 97/174/3 99/173/3 121/228/3
o SHEET_METAL_Esfera.001
v -0.082026 -0.063178 -0.291337
v -0.082026 -0.065631 -0.299425
v -0.082026 -0.069615 -0.306878
v -0.082026 -0.074976 -0.313411
v -0.082026 -0.081509 -0.318773
v -0.082026 -0.088963 -0.322756
v -0.082026 -0.097050 -0.325210
v -0.082026 -0.105461 -0.326038
v -0.082026 -0.113871 -0.325210
v -0.082026 -0.141306 -0.306878
v -0.080386 -0.063178 -0.291176
v -0.078808 -0.065631 -0.299108
v -0.077354 -0.069615 -0.306418
v -0.076079 -0.074976 -0.312825
v -0.075033 -0.081509 -0.318084
v -0.074256 -0.088963 -0.321991
v -0.073777 -0.097050 -0.324397
v -0.073616 -0.105461 -0.325210
v -0.073777 -0.113871 -0.324397
v -0.074256 -0.121959 -0.321991
v -0.075033 -0.129412 -0.318084
v -0.076079 -0.135945 -0.312825
v -0.077354 -0.141306 -0.306418
v -0.078808 -0.145290 -0.299108
v -0.080386 -0.147743 -0.291176
v -0.078808 -0.063178 -0.290697
v -0.075713 -0.065631 -0.298169
v -0.072861 -0.069615 -0.305055
v -0.070361 -0.074976 -0.311091
v -0.068309 -0.081509 -0.316044
v -0.066784 -0.088963 -0.319725
v -0.065845 -0.097050 -0.321991
v -0.065528 -0.105461 -0.322756
v -0.065845 -0.113871 -0.321991
v -0.066784 -0.121959 -0.319725
v -0.068309 -0.129412 -0.316044
v -0.070361 -0.135945 -0.311091
v -0.072861 -0.141306 -0.305055
v -0.075713 -0.145290 -0.298169
v -0.078808 -0.147743 -0.290697
v -0.077354 -0.063178 -0.289920
v -0.072861 -0.065631 -0.296644
v -0.068720 -0.069615 -0.302842
v -0.065090 -0.074976 -0.308274
v -0.062112 -0.081509 -0.312732
v -0.059898 -0.088963 -0.316044
v -0.058535 -0.097050 -0.318084
v -0.058075 -0.105461 -0.318773
v -0.058535 -0.113871 -0.318084
v -0.059898 -0.121959 -0.316044
v -0.062112 -0.129412 -0.312732
v -0.065090 -0.135945 -0.308274
v -0.068720 -0.141306 -0.302842
v -0.072861 -0.145290 -0.296644
v -0.077354 -0.147743 -0.289920
v -0.076079 -0.063178 -0.288874
v -0.070361 -0.065631 -0.294593
v -0.065090 -0.069615 -0.299863
v -0.060471 -0.074976 -0.304483
v -0.056680 -0.081509 -0.308274
v -0.053863 -0.088963 -0.311091
v -0.052128 -0.097050 -0.312825
v -0.051542 -0.105461 -0.313411
v -0.052128 -0.113871 -0.312825
v -0.053863 -0.121959 -0.311091
v -0.056680 -0.129412 -0.308274
v -0.060471 -0.135945 -0.304483
v -0.065090 -0.141306 -0.299863
v -0.070361 -0.145290 -0.294593
v -0.076079 -0.147743 -0.288874
v -0.075033 -0.063178 -0.287600
v -0.068309 -0.065631 -0.292093
v -0.062112 -0.069615 -0.296234
v -0.056680 -0.074976 -0.299863
v -0.052222 -0.081509 -0.302842
v -0.048909 -0.088963 -0.305055
v -0.046869 -0.097050 -0.306418
v -0.046181 -0.105461 -0.306878
v -0.046869 -0.113871 -0.306418
v -0.048909 -0.121959 -0.305055
v -0.052222 -0.129412 -0.302842
v -0.056680 -0.135945 -0.299863
v -0.062112 -0.141306 -0.296234
v -0.068309 -0.145290 -0.292093
v -0.075033 -0.147743 -0.287600
v -0.074256 -0.063178 -0.286146
v -0.066784 -0.065631 -0.289240
v -0.059898 -0.069615 -0.292093
v -0.053863 -0.074976 -0.294593
v -0.048909 -0.081509 -0.296644
v -0.045229 -0.088963 -0.298169
v -0.042962 -0.097050 -0.299108
v -0.042197 -0.105461 -0.299425
v -0.042962 -0.113871 -0.299108
v -0.045229 -0.121959 -0.298169
v -0.048909 -0.129412 -0.296644
v -0.053863 -0.135945 -0.294593
v -0.059898 -0.141306 -0.292093
v -0.066784 -0.145290 -0.289240
v -0.074256 -0.147743 -0.286146
v -0.073777 -0.063178 -0.284568
v -0.065845 -0.065631 -0.286146
v -0.058535 -0.069615 -0.287600
v -0.052128 -0.074976 -0.288874
v -0.046869 -0.081509 -0.289920
v -0.042962 -0.088963 -0.290697
v -0.040556 -0.097050 -0.291176
v -0.039744 -0.105461 -0.291337
v -0.040556 -0.113871 -0.291176
v -0.042962 -0.121959 -0.290697
v -0.046869 -0.129412 -0.289920
v -0.052128 -0.135945 -0.288874
v -0.058535 -0.141306 -0.287600
v -0.065845 -0.145290 -0.286146
v -0.073777 -0.147743 -0.284568
v -0.073616 -0.063178 -0.282927
v -0.065528 -0.065631 -0.282927
v -0.058075 -0.069615 -0.282927
v -0.051542 -0.074976 -0.282927
v -0.046181 -0.081509 -0.282927
v -0.042197 -0.088963 -0.282927
v -0.039744 -0.097050 -0.282927
v -0.038915 -0.105461 -0.282927
v -0.039744 -0.113871 -0.282927
v -0.042197 -0.121959 -0.282927
v -0.046181 -0.129412 -0.282927
v -0.051542 -0.135945 -0.282927
v -0.058075 -0.141306 -0.282927
v -0.065528 -0.145290 -0.282927
v -0.073616 -0.147743 -0.282927
v -0.073777 -0.063178 -0.281286
v -0.065845 -0.065631 -0.279708
v -0.058535 -0.069615 -0.278254
v -0.052128 -0.074976 -0.276980
v -0.046869 -0.081509 -0.275934
v -0.042962 -0.088963 -0.275157
v -0.040556 -0.097050 -0.274678
v -0.039744 -0.105461 -0.274516
v -0.040556 -0.113871 -0.274678
v -0.042962 -0.121959 -0.275157
v -0.046869 -0.129412 -0.275934
v -0.052128 -0.135945 -0.276980
v -0.058535 -0.141306 -0.278254
v -0.065845 -0.145290 -0.279708
v -0.073777 -0.147743 -0.281286
v -0.074256 -0.063178 -0.279708
v -0.066784 -0.065631 -0.276613
v -0.059898 -0.069615 -0.273761
v -0.053863 -0.074976 -0.271261
v -0.048909 -0.081509 -0.269209
v -0.045229 -0.088963 -0.267685
v -0.042962 -0.097050 -0.266746
v -0.042197 -0.105461 -0.266429
v -0.042962 -0.113871 -0.266746
v -0.045229 -0.121959 -0.267685
v -0.048909 -0.129412 -0.269209
v -0.053863 -0.135945 -0.271261
v -0.059898 -0.141306 -0.273761
v -0.066784 -0.145290 -0.276613
v -0.074256 -0.147743 -0.279708
v -0.075033 -0.063178 -0.278254
v -0.068309 -0.065631 -0.273761
v -0.062112 -0.069615 -0.269620
v -0.056680 -0.074976 -0.265991
v -0.052222 -0.081509 -0.263012
v -0.048909 -0.088963 -0.260799
v -0.046870 -0.097050 -0.259436
v -0.046181 -0.105461 -0.258976
v -0.046870 -0.113871 -0.259436
v -0.048909 -0.121959 -0.260799
v -0.052222 -0.129412 -0.263012
v -0.056680 -0.135945 -0.265991
v -0.062112 -0.141306 -0.269620
v -0.068309 -0.145290 -0.273761
v -0.075033 -0.147743 -0.278254
v -0.076079 -0.063178 -0.276980
v -0.070361 -0.065631 -0.271261
v -0.065090 -0.069615 -0.265991
v -0.060471 -0.074976 -0.261371
v -0.056680 -0.081509 -0.257580
v -0.053863 -0.088963 -0.254763
v -0.052128 -0.097050 -0.253028
v -0.051542 -0.105461 -0.252443
v -0.052128 -0.113871 -0.253028
v -0.053863 -0.121959 -0.254763
v -0.056680 -0.129412 -0.257580
v -0.060471 -0.135945 -0.261371
v -0.065090 -0.141306 -0.265991
v -0.070361 -0.145290 -0.271261
v -0.076079 -0.147743 -0.276980
v -0.077354 -0.063178 -0.275934
v -0.072861 -0.065631 -0.269209
v -0.068720 -0.069615 -0.263012
v -0.065090 -0.074976 -0.257580
v -0.062112 -0.081509 -0.253122
v -0.059898 -0.088963 -0.249810
v -0.058535 -0.097050 -0.247770
v -0.058075 -0.105461 -0.247081
v -0.058535 -0.113871 -0.247770
v -0.059898 -0.121959 -0.249810
v -0.062112 -0.129412 -0.253122
v -0.065090 -0.135945 -0.257580
v -0.068720 -0.141306 -0.263012
v -0.072861 -0.145290 -0.269209
v -0.077354 -0.147743 -0.275934
v -0.082026 -0.148572 -0.282927
v -0.078808 -0.063178 -0.275157
v -0.075713 -0.065631 -0.267685
v -0.072861 -0.069615 -0.260799
v -0.070361 -0.074976 -0.254763
v -0.068309 -0.081509 -0.249810
v -0.066784 -0.088963 -0.246129
v -0.065845 -0.097050 -0.243863
v -0.065528 -0.105461 -0.243097
v -0.065845 -0.113871 -0.243863
v -0.066784 -0.121959 -0.246129
v -0.068309 -0.129412 -0.249810
v -0.070361 -0.135945 -0.254763
v -0.072861 -0.141306 -0.260799
v -0.075713 -0.145290 -0.267685
v -0.078808 -0.147743 -0.275157
v -0.080386 -0.063178 -0.274678
v -0.078808 -0.065631 -0.266746
v -0.077354 -0.069615 -0.259436
v -0.076079 -0.074976 -0.253028
v -0.075033 -0.081509 -0.247770
v -0.074256 -0.088963 -0.243863
v -0.073777 -0.097050 -0.241457
v -0.073616 -0.105461 -0.240644
v -0.073777 -0.113871 -0.241457
v -0.074256 -0.121959 -0.243863
v -0.075033 -0.129412 -0.247770
v -0.076079 -0.135945 -0.253028
v -0.077354 -0.141306 -0.259436
v -0.078808 -0.145290 -0.266746
v -0.080386 -0.147743 -0.274678
v -0.082026 -0.063178 -0.274516
v -0.082026 -0.065631 -0.266429
v -0.082026 -0.069615 -0.258976
v -0.082026 -0.074976 -0.252443
v -0.082026 -0.081509 -0.247081
v -0.082026 -0.088963 -0.243097
v -0.082026 -0.097050 -0.240644
v -0.082026 -0.105461 -0.239816
v -0.082026 -0.113871 -0.240644
v -0.082026 -0.121959 -0.243097
v -0.082026 -0.129412 -0.247081
v -0.082026 -0.135945 -0.252443
v -0.082026 -0.141306 -0.258976
v -0.082026 -0.145290 -0.266429
v -0.082026 -0.147743 -0.274516
v -0.083667 -0.063178 -0.274678
v -0.085245 -0.065631 -0.266746
v -0.086699 -0.069615 -0.259436
v -0.087974 -0.074976 -0.253028
v -0.089020 -0.081509 -0.247770
v -0.089797 -0.088963 -0.243863
v -0.090275 -0.097050 -0.241457
v -0.090437 -0.105461 -0.240644
v -0.090275 -0.113871 -0.241457
v -0.089797 -0.121959 -0.243863
v -0.089020 -0.129412 -0.247770
v -0.087974 -0.135945 -0.253028
v -0.086699 -0.141306 -0.259436
v -0.085245 -0.145290 -0.266746
v -0.083667 -0.147743 -0.274678
v -0.085245 -0.063178 -0.275157
v -0.088340 -0.065631 -0.267685
v -0.091192 -0.069615 -0.260799
v -0.093692 -0.074976 -0.254763
v -0.095744 -0.081509 -0.249810
v -0.097269 -0.088963 -0.246129
v -0.098207 -0.097050 -0.243863
v -0.098524 -0.105461 -0.243097
v -0.098207 -0.113871 -0.243863
v -0.097269 -0.121959 -0.246129
v -0.095744 -0.129412 -0.249810
v -0.093692 -0.135945 -0.254763
v -0.091192 -0.141306 -0.260799
v -0.088340 -0.145290 -0.267685
v -0.085245 -0.147743 -0.275157
v -0.086699 -0.063178 -0.275934
v -0.091192 -0.065631 -0.269209
v -0.095333 -0.069615 -0.263012
v -0.098963 -0.074976 -0.257580
v -0.101941 -0.081509 -0.253122
v -0.104155 -0.088963 -0.249810
v -0.105517 -0.097050 -0.247770
v -0.105978 -0.105461 -0.247081
v -0.105517 -0.113871 -0.247770
v -0.104155 -0.121959 -0.249810
v -0.101941 -0.129412 -0.253122
v -0.098963 -0.135945 -0.257580
v -0.095333 -0.141306 -0.263012
v -0.091192 -0.145290 -0.269209
v -0.086699 -0.147743 -0.275934
v -0.082026 -0.062349 -0.282927
v -0.087974 -0.063178 -0.276980
v -0.093692 -0.065631 -0.271261
v -0.098963 -0.069615 -0.265991
v -0.103582 -0.074976 -0.261371
v -0.107373 -0.081509 -0.257580
v -0.110190 -0.088963 -0.254763
v -0.111925 -0.097050 -0.253028
v -0.112511 -0.105461 -0.252443
v -0.111925 -0.113871 -0.253028
v -0.110190 -0.121959 -0.254763
v -0.107373 -0.129412 -0.257580
v -0.103582 -0.135945 -0.261371
v -0.098963 -0.141306 -0.265991
v -0.093692 -0.145290 -0.271261
v -0.087974 -0.147743 -0.276980
v -0.089020 -0.063178 -0.278254
v -0.095744 -0.065631 -0.273761
v -0.101941 -0.069615 -0.269620
v -0.107373 -0.074976 -0.265991
v -0.111831 -0.081509 -0.263012
v -0.115143 -0.088963 -0.260799
v -0.117183 -0.097050 -0.259436
v -0.117872 -0.105461 -0.258976
v -0.117183 -0.113871 -0.259436
v -0.115143 -0.121959 -0.260799
v -0.111831 -0.129412 -0.263012
v -0.107373 -0.135945 -0.265991
v -0.101941 -0.141306 -0.269620
v -0.095744 -0.145290 -0.273761
v -0.089020 -0.147743 -0.278254
v -0.089797 -0.063178 -0.279708
v -0.097269 -0.065631 -0.276613
v -0.104155 -0.069615 -0.273761
v -0.110190 -0.074976 -0.271261
v -0.115143 -0.081509 -0.269209
v -0.118824 -0.088963 -0.267685
v -0.121091 -0.097050 -0.266746
v -0.121856 -0.105461 -0.266429
v -0.121091 -0.113871 -0.266746
v -0.118824 -0.121959 -0.267685
v -0.115143 -0.129412 -0.269209
v -0.110190 -0.135945 -0.271261
v -0.104155 -0.141306 -0.273761
v -0.097269 -0.145290 -0.276613
v -0.089797 -0.147743 -0.279708
v -0.090275 -0.063178 -0.281286
v -0.098207 -0.065631 -0.279708
v -0.105517 -0.069615 -0.278254
v -0.111925 -0.074976 -0.276980
v -0.117183 -0.081509 -0.275934
v -0.121091 -0.088963 -0.275157
v -0.123497 -0.097050 -0.274678
v -0.124309 -0.105461 -0.274516
v -0.123497 -0.113871 -0.274678
v -0.121091 -0.121959 -0.275157
v -0.117183 -0.129412 -0.275934
v -0.111925 -0.135945 -0.276980
v -0.105517 -0.141306 -0.278254
v -0.098207 -0.145290 -0.279708
v -0.090275 -0.147743 -0.281286
v -0.090437 -0.063178 -0.282927
v -0.098524 -0.065631 -0.282927
v -0.105978 -0.069615 -0.282927
v -0.112511 -0.074976 -0.282927
v -0.117872 -0.081509 -0.282927
v -0.121856 -0.088963 -0.282927
v -0.124309 -0.097050 -0.282927
v -0.125138 -0.105461 -0.282927
v -0.124309 -0.113871 -0.282927
v -0.121856 -0.121959 -0.282927
v -0.117872 -0.129412 -0.282927
v -0.112511 -0.135945 -0.282927
v -0.105978 -0.141306 -0.282927
v -0.098524 -0.145290 -0.282927
v -0.090437 -0.147743 -0.282927
v -0.090275 -0.063178 -0.284568
v -0.098207 -0.065631 -0.286146
v -0.105517 -0.069615 -0.287600
v -0.111925 -0.074976 -0.288874
v -0.117183 -0.081509 -0.289920
v -0.121091 -0.088963 -0.290697
v -0.123497 -0.097050 -0.291176
v -0.124309 -0.105461 -0.291337
v -0.123497 -0.113871 -0.291176
v -0.121091 -0.121959 -0.290697
v -0.117183 -0.129412 -0.289920
v -0.111925 -0.135945 -0.288874
v -0.105517 -0.141306 -0.287600
v -0.098207 -0.145290 -0.286146
v -0.090275 -0.147743 -0.284568
v -0.089797 -0.063178 -0.286146
v -0.097269 -0.065631 -0.289240
v -0.104155 -0.069615 -0.292093
v -0.110190 -0.074976 -0.294593
v -0.115143 -0.081509 -0.296644
v -0.118824 -0.088963 -0.298169
v -0.121091 -0.097050 -0.299108
v -0.121856 -0.105461 -0.299425
v -0.121091 -0.113871 -0.299108
v -0.118824 -0.121959 -0.298169
v -0.115143 -0.129412 -0.296644
v -0.110190 -0.135945 -0.294593
v -0.104155 -0.141306 -0.292093
v -0.097269 -0.145290 -0.289240
v -0.089797 -0.147743 -0.286145
v -0.089020 -0.063178 -0.287600
v -0.095744 -0.065631 -0.292093
v -0.101941 -0.069615 -0.296234
v -0.107373 -0.074976 -0.299863
v -0.111831 -0.081509 -0.302842
v -0.115143 -0.088963 -0.305055
v -0.117183 -0.097050 -0.306418
v -0.117872 -0.105461 -0.306878
v -0.117183 -0.113871 -0.306418
v -0.115143 -0.121959 -0.305055
v -0.111831 -0.129412 -0.302842
v -0.107373 -0.135945 -0.299863
v -0.101941 -0.141306 -0.296234
v -0.095744 -0.145290 -0.292093
v -0.089020 -0.147743 -0.287600
v -0.087974 -0.063178 -0.288874
v -0.093692 -0.065631 -0.294593
v -0.098963 -0.069615 -0.299863
v -0.103582 -0.074976 -0.304483
v -0.107373 -0.081509 -0.308274
v -0.110190 -0.088963 -0.311091
v -0.111925 -0.097050 -0.312825
v -0.112511 -0.105461 -0.313411
v -0.111925 -0.113871 -0.312825
v -0.110190 -0.121959 -0.311091
v -0.107373 -0.129412 -0.308274
v -0.103582 -0.135945 -0.304483
v -0.098963 -0.141306 -0.299863
v -0.093692 -0.145290 -0.294593
v -0.087974 -0.147743 -0.288874
v -0.086699 -0.063178 -0.289920
v -0.091192 -0.065631 -0.296644
v -0.095333 -0.069615 -0.302842
v -0.098963 -0.074976 -0.308274
v -0.101941 -0.081509 -0.312731
v -0.104155 -0.088963 -0.316044
v -0.105517 -0.097050 -0.318084
v -0.105978 -0.105461 -0.318773
v -0.105517 -0.113871 -0.318084
v -0.104155 -0.121959 -0.316044
v -0.101941 -0.129412 -0.312731
v -0.098963 -0.135945 -0.308274
v -0.095333 -0.141306 -0.302842
v -0.091192 -0.145290 -0.296644
v -0.086699 -0.147743 -0.289920
v -0.085245 -0.063178 -0.290697
v -0.088340 -0.065631 -0.298169
v -0.091192 -0.069615 -0.305055
v -0.093692 -0.074976 -0.311091
v -0.095744 -0.081509 -0.316044
v -0.097269 -0.088963 -0.319725
v -0.098207 -0.097050 -0.321991
v -0.098524 -0.105461 -0.322756
v -0.098207 -0.113871 -0.321991
v -0.097269 -0.121959 -0.319725
v -0.095744 -0.129412 -0.316044
v -0.093692 -0.135945 -0.311091
v -0.091192 -0.141306 -0.305055
v -0.088340 -0.145290 -0.298169
v -0.085245 -0.147743 -0.290697
v -0.083667 -0.063178 -0.291176
v -0.085245 -0.065631 -0.299108
v -0.086699 -0.069615 -0.306418
v -0.087974 -0.074976 -0.312825
v -0.089020 -0.081509 -0.318084
v -0.089797 -0.088963 -0.321991
v -0.090275 -0.097050 -0.324397
v -0.090437 -0.105461 -0.325210
v -0.090275 -0.113871 -0.324397
v -0.089797 -0.121959 -0.321991
v -0.089020 -0.129412 -0.318084
v -0.087974 -0.135945 -0.312825
v -0.086699 -0.141306 -0.306418
v -0.085245 -0.145290 -0.299108
v -0.083667 -0.147743 -0.291176
v -0.082026 -0.121959 -0.322756
v -0.082026 -0.129412 -0.318773
v -0.082026 -0.135945 -0.313411
v -0.082026 -0.145290 -0.299425
v -0.082026 -0.147743 -0.291337
v 0.006693 -0.063178 -0.291337
v 0.006693 -0.065631 -0.299425
v 0.006693 -0.069615 -0.306878
v 0.006693 -0.074976 -0.313411
v 0.006693 -0.081509 -0.318773
v 0.006693 -0.088963 -0.322756
v 0.006693 -0.097050 -0.325210
v 0.006693 -0.105461 -0.326038
v 0.006693 -0.113871 -0.325210
v 0.006693 -0.141306 -0.306878
v 0.008334 -0.063178 -0.291176
v 0.009912 -0.065631 -0.299108
v 0.011366 -0.069615 -0.306418
v 0.012641 -0.074976 -0.312825
v 0.013686 -0.081509 -0.318084
v 0.014464 -0.088963 -0.321991
v 0.014942 -0.097050 -0.324397
v 0.015104 -0.105461 -0.325210
v 0.014942 -0.113871 -0.324397
v 0.014464 -0.121959 -0.321991
v 0.013686 -0.129412 -0.318084
v 0.012641 -0.135945 -0.312825
v 0.011366 -0.141306 -0.306418
v 0.009912 -0.145290 -0.299108
v 0.008334 -0.147743 -0.291176
v 0.009912 -0.063178 -0.290697
v 0.013007 -0.065631 -0.298169
v 0.015859 -0.069615 -0.305055
v 0.018359 -0.074976 -0.311091
v 0.020411 -0.081509 -0.316044
v 0.021935 -0.088963 -0.319725
v 0.022874 -0.097050 -0.321991
v 0.023191 -0.105461 -0.322756
v 0.022874 -0.113871 -0.321991
v 0.021935 -0.121959 -0.319725
v 0.020411 -0.129412 -0.316044
v 0.018359 -0.135945 -0.311091
v 0.015859 -0.141306 -0.305055
v 0.013007 -0.145290 -0.298169
v 0.009912 -0.147743 -0.290697
v 0.011366 -0.063178 -0.289920
v 0.015859 -0.065631 -0.296644
v 0.020000 -0.069615 -0.302842
v 0.023629 -0.074976 -0.308274
v 0.026608 -0.081509 -0.312732
v 0.028821 -0.088963 -0.316044
v 0.030184 -0.097050 -0.318084
v 0.030645 -0.105461 -0.318773
v 0.030184 -0.113871 -0.318084
v 0.028821 -0.121959 -0.316044
v 0.026608 -0.129412 -0.312732
v 0.023629 -0.135945 -0.308274
v 0.020000 -0.141306 -0.302842
v 0.015859 -0.145290 -0.296644
v 0.011366 -0.147743 -0.289920
v 0.012641 -0.063178 -0.288874
v 0.018359 -0.065631 -0.294593
v 0.023629 -0.069615 -0.299863
v 0.028249 -0.074976 -0.304483
v 0.032040 -0.081509 -0.308274
v 0.034857 -0.088963 -0.311091
v 0.036592 -0.097050 -0.312825
v 0.037178 -0.105461 -0.313411
v 0.036592 -0.113871 -0.312825
v 0.034857 -0.121959 -0.311091
v 0.032040 -0.129412 -0.308274
v 0.028249 -0.135945 -0.304483
v 0.023629 -0.141306 -0.299863
v 0.018359 -0.145290 -0.294593
v 0.012641 -0.147743 -0.288874
v 0.013686 -0.063178 -0.287600
v 0.020411 -0.065631 -0.292093
v 0.026608 -0.069615 -0.296234
v 0.032040 -0.074976 -0.299863
v 0.036498 -0.081509 -0.302842
v 0.039810 -0.088963 -0.305055
v 0.041850 -0.097050 -0.306418
v 0.042539 -0.105461 -0.306878
v 0.041850 -0.113871 -0.306418
v 0.039810 -0.121959 -0.305055
v 0.036498 -0.129412 -0.302842
v 0.032040 -0.135945 -0.299863
v 0.026608 -0.141306 -0.296234
v 0.020411 -0.145290 -0.292093
v 0.013686 -0.147743 -0.287600
v 0.014464 -0.063178 -0.286146
v 0.021935 -0.065631 -0.289240
v 0.028821 -0.069615 -0.292093
v 0.034857 -0.074976 -0.294593
v 0.039810 -0.081509 -0.296644
v 0.043491 -0.088963 -0.298169
v 0.045758 -0.097050 -0.299108
v 0.046523 -0.105461 -0.299425
v 0.045758 -0.113871 -0.299108
v 0.043491 -0.121959 -0.298169
v 0.039810 -0.129412 -0.296644
v 0.034857 -0.135945 -0.294593
v 0.028821 -0.141306 -0.292093
v 0.021935 -0.145290 -0.289240
v 0.014464 -0.147743 -0.286146
v 0.014942 -0.063178 -0.284568
v 0.022874 -0.065631 -0.286146
v 0.030184 -0.069615 -0.287600
v 0.036592 -0.074976 -0.288874
v 0.041850 -0.081509 -0.289920
v 0.045758 -0.088963 -0.290697
v 0.048164 -0.097050 -0.291176
v 0.048976 -0.105461 -0.291337
v 0.048164 -0.113871 -0.291176
v 0.045758 -0.121959 -0.290697
v 0.041850 -0.129412 -0.289920
v 0.036592 -0.135945 -0.288874
v 0.030184 -0.141306 -0.287600
v 0.022874 -0.145290 -0.286146
v 0.014942 -0.147743 -0.284568
v 0.015104 -0.063178 -0.282927
v 0.023191 -0.065631 -0.282927
v 0.030645 -0.069615 -0.282927
v 0.037178 -0.074976 -0.282927
v 0.042539 -0.081509 -0.282927
v 0.046523 -0.088963 -0.282927
v 0.048976 -0.097050 -0.282927
v 0.049805 -0.105461 -0.282927
v 0.048976 -0.113871 -0.282927
v 0.046523 -0.121959 -0.282927
v 0.042539 -0.129412 -0.282927
v 0.037178 -0.135945 -0.282927
v 0.030645 -0.141306 -0.282927
v 0.023191 -0.145290 -0.282927
v 0.015104 -0.147743 -0.282927
v 0.014942 -0.063178 -0.281286
v 0.022874 -0.065631 -0.279708
v 0.030184 -0.069615 -0.278254
v 0.036592 -0.074976 -0.276980
v 0.041850 -0.081509 -0.275934
v 0.045758 -0.088963 -0.275157
v 0.048164 -0.097050 -0.274678
v 0.048976 -0.105461 -0.274516
v 0.048164 -0.113871 -0.274678
v 0.045758 -0.121959 -0.275157
v 0.041850 -0.129412 -0.275934
v 0.036592 -0.135945 -0.276980
v 0.030184 -0.141306 -0.278254
v 0.022874 -0.145290 -0.279708
v 0.014942 -0.147743 -0.281286
v 0.014464 -0.063178 -0.279708
v 0.021935 -0.065631 -0.276613
v 0.028821 -0.069615 -0.273761
v 0.034857 -0.074976 -0.271261
v 0.039810 -0.081509 -0.269209
v 0.043491 -0.088963 -0.267685
v 0.045758 -0.097050 -0.266746
v 0.046523 -0.105461 -0.266429
v 0.045758 -0.113871 -0.266746
v 0.043491 -0.121959 -0.267685
v 0.039810 -0.129412 -0.269209
v 0.034857 -0.135945 -0.271261
v 0.028821 -0.141306 -0.273761
v 0.021935 -0.145290 -0.276613
v 0.014464 -0.147743 -0.279708
v 0.013686 -0.063178 -0.278254
v 0.020411 -0.065631 -0.273761
v 0.026608 -0.069615 -0.269620
v 0.032040 -0.074976 -0.265991
v 0.036498 -0.081509 -0.263012
v 0.039810 -0.088963 -0.260799
v 0.041850 -0.097050 -0.259436
v 0.042539 -0.105461 -0.258976
v 0.041850 -0.113871 -0.259436
v 0.039810 -0.121959 -0.260799
v 0.036498 -0.129412 -0.263012
v 0.032040 -0.135945 -0.265991
v 0.026608 -0.141306 -0.269620
v 0.020411 -0.145290 -0.273761
v 0.013686 -0.147743 -0.278254
v 0.012641 -0.063178 -0.276980
v 0.018359 -0.065631 -0.271261
v 0.023629 -0.069615 -0.265991
v 0.028249 -0.074976 -0.261371
v 0.032040 -0.081509 -0.257580
v 0.034857 -0.088963 -0.254763
v 0.036592 -0.097050 -0.253028
v 0.037178 -0.105461 -0.252443
v 0.036592 -0.113871 -0.253028
v 0.034857 -0.121959 -0.254763
v 0.032040 -0.129412 -0.257580
v 0.028249 -0.135945 -0.261371
v 0.023629 -0.141306 -0.265991
v 0.018359 -0.145290 -0.271261
v 0.012641 -0.147743 -0.276980
v 0.011366 -0.063178 -0.275934
v 0.015859 -0.065631 -0.269209
v 0.020000 -0.069615 -0.263012
v 0.023629 -0.074976 -0.257580
v 0.026608 -0.081509 -0.253122
v 0.028821 -0.088963 -0.249810
v 0.030184 -0.097050 -0.247770
v 0.030645 -0.105461 -0.247081
v 0.030184 -0.113871 -0.247770
v 0.028821 -0.121959 -0.249810
v 0.026608 -0.129412 -0.253122
v 0.023629 -0.135945 -0.257580
v 0.020000 -0.141306 -0.263012
v 0.015859 -0.145290 -0.269209
v 0.011366 -0.147743 -0.275934
v 0.006693 -0.148572 -0.282927
v 0.009912 -0.063178 -0.275157
v 0.013007 -0.065631 -0.267685
v 0.015859 -0.069615 -0.260799
v 0.018359 -0.074976 -0.254763
v 0.020411 -0.081509 -0.249810
v 0.021935 -0.088963 -0.246129
v 0.022874 -0.097050 -0.243863
v 0.023191 -0.105461 -0.243097
v 0.022874 -0.113871 -0.243863
v 0.021935 -0.121959 -0.246129
v 0.020411 -0.129412 -0.249810
v 0.018359 -0.135945 -0.254763
v 0.015859 -0.141306 -0.260799
v 0.013007 -0.145290 -0.267685
v 0.009912 -0.147743 -0.275157
v 0.008334 -0.063178 -0.274678
v 0.009912 -0.065631 -0.266746
v 0.011366 -0.069615 -0.259436
v 0.012641 -0.074976 -0.253028
v 0.013686 -0.081509 -0.247770
v 0.014464 -0.088963 -0.243863
v 0.014942 -0.097050 -0.241457
v 0.015104 -0.105461 -0.240644
v 0.014942 -0.113871 -0.241457
v 0.014464 -0.121959 -0.243863
v 0.013686 -0.129412 -0.247770
v 0.012641 -0.135945 -0.253028
v 0.011366 -0.141306 -0.259436
v 0.009912 -0.145290 -0.266746
v 0.008334 -0.147743 -0.274678
v 0.006693 -0.063178 -0.274516
v 0.006693 -0.065631 -0.266429
v 0.006693 -0.069615 -0.258976
v 0.006693 -0.074976 -0.252443
v 0.006693 -0.081509 -0.247081
v 0.006693 -0.088963 -0.243097
v 0.006693 -0.097050 -0.240644
v 0.006693 -0.105461 -0.239816
v 0.006693 -0.113871 -0.240644
v 0.006693 -0.121959 -0.243097
v 0.006693 -0.129412 -0.247081
v 0.006693 -0.135945 -0.252443
v 0.006693 -0.141306 -0.258976
v 0.006693 -0.145290 -0.266429
v 0.006693 -0.147743 -0.274516
v 0.005053 -0.063178 -0.274678
v 0.003475 -0.065631 -0.266746
v 0.002021 -0.069615 -0.259436
v 0.000746 -0.074976 -0.253028
v -0.000300 -0.081509 -0.247770
v -0.001077 -0.088963 -0.243863
v -0.001556 -0.097050 -0.241457
v -0.001717 -0.105461 -0.240644
v -0.001556 -0.113871 -0.241457
v -0.001077 -0.121959 -0.243863
v -0.000300 -0.129412 -0.247770
v 0.000746 -0.135945 -0.253028
v 0.002021 -0.141306 -0.259436
v 0.003475 -0.145290 -0.266746
v 0.005053 -0.147743 -0.274678
v 0.003475 -0.063178 -0.275157
v 0.000380 -0.065631 -0.267685
v -0.002472 -0.069615 -0.260799
v -0.004972 -0.074976 -0.254763
v -0.007024 -0.081509 -0.249810
v -0.008549 -0.088963 -0.246129
v -0.009488 -0.097050 -0.243863
v -0.009805 -0.105461 -0.243097
v -0.009488 -0.113871 -0.243863
v -0.008549 -0.121959 -0.246129
v -0.007024 -0.129412 -0.249810
v -0.004972 -0.135945 -0.254763
v -0.002472 -0.141306 -0.260799
v 0.000380 -0.145290 -0.267685
v 0.003475 -0.147743 -0.275157
v 0.002021 -0.063178 -0.275934
v -0.002472 -0.065631 -0.269209
v -0.006613 -0.069615 -0.263012
v -0.010243 -0.074976 -0.257580
v -0.013221 -0.081509 -0.253122
v -0.015435 -0.088963 -0.249810
v -0.016798 -0.097050 -0.247770
v -0.017258 -0.105461 -0.247081
v -0.016798 -0.113871 -0.247770
v -0.015435 -0.121959 -0.249810
v -0.013221 -0.129412 -0.253122
v -0.010243 -0.135945 -0.257580
v -0.006613 -0.141306 -0.263012
v -0.002472 -0.145290 -0.269209
v 0.002021 -0.147743 -0.275934
v 0.006693 -0.062349 -0.282927
v 0.000746 -0.063178 -0.276980
v -0.004972 -0.065631 -0.271261
v -0.010243 -0.069615 -0.265991
v -0.014862 -0.074976 -0.261371
v -0.018653 -0.081509 -0.257580
v -0.021470 -0.088963 -0.254763
v -0.023205 -0.097050 -0.253028
v -0.023791 -0.105461 -0.252443
v -0.023205 -0.113871 -0.253028
v -0.021470 -0.121959 -0.254763
v -0.018653 -0.129412 -0.257580
v -0.014862 -0.135945 -0.261371
v -0.010243 -0.141306 -0.265991
v -0.004972 -0.145290 -0.271261
v 0.000746 -0.147743 -0.276980
v -0.000300 -0.063178 -0.278254
v -0.007024 -0.065631 -0.273761
v -0.013221 -0.069615 -0.269620
v -0.018653 -0.074976 -0.265991
v -0.023111 -0.081509 -0.263012
v -0.026424 -0.088963 -0.260799
v -0.028464 -0.097050 -0.259436
v -0.029152 -0.105461 -0.258976
v -0.028464 -0.113871 -0.259436
v -0.026424 -0.121959 -0.260799
v -0.023111 -0.129412 -0.263012
v -0.018653 -0.135945 -0.265991
v -0.013221 -0.141306 -0.269620
v -0.007024 -0.145290 -0.273761
v -0.000300 -0.147743 -0.278254
v -0.001077 -0.063178 -0.279708
v -0.008549 -0.065631 -0.276613
v -0.015435 -0.069615 -0.273761
v -0.021470 -0.074976 -0.271261
v -0.026424 -0.081509 -0.269209
v -0.030104 -0.088963 -0.267685
v -0.032371 -0.097050 -0.266746
v -0.033136 -0.105461 -0.266429
v -0.032371 -0.113871 -0.266746
v -0.030104 -0.121959 -0.267685
v -0.026424 -0.129412 -0.269209
v -0.021470 -0.135945 -0.271261
v -0.015435 -0.141306 -0.273761
v -0.008549 -0.145290 -0.276613
v -0.001077 -0.147743 -0.279708
v -0.001556 -0.063178 -0.281286
v -0.009488 -0.065631 -0.279708
v -0.016798 -0.069615 -0.278254
v -0.023205 -0.074976 -0.276980
v -0.028464 -0.081509 -0.275934
v -0.032371 -0.088963 -0.275157
v -0.034777 -0.097050 -0.274678
v -0.035590 -0.105461 -0.274516
v -0.034777 -0.113871 -0.274678
v -0.032371 -0.121959 -0.275157
v -0.028464 -0.129412 -0.275934
v -0.023205 -0.135945 -0.276980
v -0.016798 -0.141306 -0.278254
v -0.009488 -0.145290 -0.279708
v -0.001556 -0.147743 -0.281286
v -0.001717 -0.063178 -0.282927
v -0.009805 -0.065631 -0.282927
v -0.017258 -0.069615 -0.282927
v -0.023791 -0.074976 -0.282927
v -0.029152 -0.081509 -0.282927
v -0.033136 -0.088963 -0.282927
v -0.035589 -0.097050 -0.282927
v -0.036418 -0.105461 -0.282927
v -0.035589 -0.113871 -0.282927
v -0.033136 -0.121959 -0.282927
v -0.029152 -0.129412 -0.282927
v -0.023791 -0.135945 -0.282927
v -0.017258 -0.141306 -0.282927
v -0.009805 -0.145290 -0.282927
v -0.001717 -0.147743 -0.282927
v -0.001556 -0.063178 -0.284568
v -0.009488 -0.065631 -0.286146
v -0.016798 -0.069615 -0.287600
v -0.023205 -0.074976 -0.288874
v -0.028464 -0.081509 -0.289920
v -0.032371 -0.088963 -0.290697
v -0.034777 -0.097050 -0.291176
v -0.035589 -0.105461 -0.291337
v -0.034777 -0.113871 -0.291176
v -0.032371 -0.121959 -0.290697
v -0.028464 -0.129412 -0.289920
v -0.023205 -0.135945 -0.288874
v -0.016798 -0.141306 -0.287600
v -0.009488 -0.145290 -0.286146
v -0.001556 -0.147743 -0.284568
v -0.001077 -0.063178 -0.286146
v -0.008549 -0.065631 -0.289240
v -0.015435 -0.069615 -0.292093
v -0.021470 -0.074976 -0.294593
v -0.026424 -0.081509 -0.296644
v -0.030104 -0.088963 -0.298169
v -0.032371 -0.097050 -0.299108
v -0.033136 -0.105461 -0.299425
v -0.032371 -0.113871 -0.299108
v -0.030104 -0.121959 -0.298169
v -0.026424 -0.129412 -0.296644
v -0.021470 -0.135945 -0.294593
v -0.015435 -0.141306 -0.292093
v -0.008549 -0.145290 -0.289240
v -0.001077 -0.147743 -0.286145
v -0.000300 -0.063178 -0.287600
v -0.007024 -0.065631 -0.292093
v -0.013221 -0.069615 -0.296234
v -0.018653 -0.074976 -0.299863
v -0.023111 -0.081509 -0.302842
v -0.026424 -0.088963 -0.305055
v -0.028464 -0.097050 -0.306418
v -0.029152 -0.105461 -0.306878
v -0.028464 -0.113871 -0.306418
v -0.026424 -0.121959 -0.305055
v -0.023111 -0.129412 -0.302842
v -0.018653 -0.135945 -0.299863
v -0.013221 -0.141306 -0.296234
v -0.007024 -0.145290 -0.292093
v -0.000300 -0.147743 -0.287600
v 0.000746 -0.063178 -0.288874
v -0.004972 -0.065631 -0.294593
v -0.010243 -0.069615 -0.299863
v -0.014862 -0.074976 -0.304483
v -0.018653 -0.081509 -0.308274
v -0.021470 -0.088963 -0.311091
v -0.023205 -0.097050 -0.312825
v -0.023791 -0.105461 -0.313411
v -0.023205 -0.113871 -0.312825
v -0.021470 -0.121959 -0.311091
v -0.018653 -0.129412 -0.308274
v -0.014862 -0.135945 -0.304483
v -0.010243 -0.141306 -0.299863
v -0.004972 -0.145290 -0.294593
v 0.000746 -0.147743 -0.288874
v 0.002021 -0.063178 -0.289920
v -0.002472 -0.065631 -0.296644
v -0.006613 -0.069615 -0.302842
v -0.010243 -0.074976 -0.308274
v -0.013221 -0.081509 -0.312731
v -0.015435 -0.088963 -0.316044
v -0.016798 -0.097050 -0.318084
v -0.017258 -0.105461 -0.318773
v -0.016798 -0.113871 -0.318084
v -0.015435 -0.121959 -0.316044
v -0.013221 -0.129412 -0.312731
v -0.010243 -0.135945 -0.308274
v -0.006613 -0.141306 -0.302842
v -0.002472 -0.145290 -0.296644
v 0.002021 -0.147743 -0.289920
v 0.003475 -0.063178 -0.290697
v 0.000380 -0.065631 -0.298169
v -0.002472 -0.069615 -0.305055
v -0.004972 -0.074976 -0.311091
v -0.007024 -0.081509 -0.316044
v -0.008549 -0.088963 -0.319725
v -0.009488 -0.097050 -0.321991
v -0.009805 -0.105461 -0.322756
v -0.009488 -0.113871 -0.321991
v -0.008549 -0.121959 -0.319725
v -0.007024 -0.129412 -0.316044
v -0.004972 -0.135945 -0.311091
v -0.002472 -0.141306 -0.305055
v 0.000380 -0.145290 -0.298169
v 0.003475 -0.147743 -0.290697
v 0.005053 -0.063178 -0.291176
v 0.003475 -0.065631 -0.299108
v 0.002021 -0.069615 -0.306418
v 0.000746 -0.074976 -0.312825
v -0.000300 -0.081509 -0.318084
v -0.001077 -0.088963 -0.321991
v -0.001556 -0.097050 -0.324397
v -0.001717 -0.105461 -0.325210
v -0.001556 -0.113871 -0.324397
v -0.001077 -0.121959 -0.321991
v -0.000300 -0.129412 -0.318084
v 0.000746 -0.135945 -0.312825
v 0.002021 -0.141306 -0.306418
v 0.003475 -0.145290 -0.299108
v 0.005053 -0.147743 -0.291176
v 0.006693 -0.121959 -0.322756
v 0.006693 -0.129412 -0.318773
v 0.006693 -0.135945 -0.313411
v 0.006693 -0.145290 -0.299425
v 0.006693 -0.147743 -0.291337
vt 0.750000 0.500000
vt 0.750000 0.562500
vt 0.718750 0.562500
vt 0.718750 0.500000
vt 0.750000 0.937500
vt 0.734375 1.000000
vt 0.718750 0.937500
vt 0.734375 0.000000
vt 0.750000 0.062500
vt 0.718750 0.062500
vt 0.750000 0.437500
vt 0.718750 0.437500
vt 0.750000 0.875000
vt 0.718750 0.875000
vt 0.750000 0.375000
vt 0.718750 0.375000
vt 0.750000 0.812500
vt 0.718750 0.812500
vt 0.750000 0.312500
vt 0.718750 0.312500
vt 0.750000 0.750000
vt 0.718750 0.750000
vt 0.750000 0.250000
vt 0.718750 0.250000
vt 0.750000 0.687500
vt 0.718750 0.687500
vt 0.750000 0.187500
vt 0.718750 0.187500
vt 0.750000 0.625000
vt 0.718750 0.625000
vt 0.750000 0.125000
vt 0.718750 0.125000
vt 0.687500 0.625000
vt 0.687500 0.562500
vt 0.687500 0.125000
vt 0.687500 0.062500
vt 0.687500 0.500000
vt 0.703125 1.000000
vt 0.687500 0.937500
vt 0.703125 0.000000
vt 0.687500 0.437500
vt 0.687500 0.875000
vt 0.687500 0.375000
vt 0.687500 0.812500
vt 0.687500 0.312500
vt 0.687500 0.750000
vt 0.687500 0.250000
vt 0.687500 0.687500
vt 0.687500 0.187500
vt 0.656250 0.375000
vt 0.656250 0.312500
vt 0.656250 0.812500
vt 0.656250 0.750000
vt 0.656250 0.250000
vt 0.656250 0.687500
vt 0.656250 0.187500
vt 0.656250 0.625000
vt 0.656250 0.125000
vt 0.656250 0.562500
vt 0.656250 0.062500
vt 0.656250 0.500000
vt 0.671875 1.000000
vt 0.656250 0.937500
vt 0.671875 0.000000
vt 0.656250 0.437500
vt 0.656250 0.875000
vt 0.625000 0.125000
vt 0.625000 0.062500
vt 0.625000 0.562500
vt 0.625000 0.500000
vt 0.640625 1.000000
vt 0.625000 0.937500
vt 0.640625 0.000000
vt 0.625000 0.437500
vt 0.625000 0.875000
vt 0.625000 0.375000
vt 0.625000 0.812500
vt 0.625000 0.312500
vt 0.625000 0.750000
vt 0.625000 0.250000
vt 0.625000 0.687500
vt 0.625000 0.187500
vt 0.625000 0.625000
vt 0.593750 0.812500
vt 0.593750 0.750000
vt 0.593750 0.312500
vt 0.593750 0.250000
vt 0.593750 0.687500
vt 0.593750 0.187500
vt 0.593750 0.625000
vt 0.593750 0.125000
vt 0.593750 0.562500
vt 0.593750 0.062500
vt 0.593750 0.500000
vt 0.609375 1.000000
vt 0.593750 0.937500
vt 0.609375 0.000000
vt 0.593750 0.437500
vt 0.593750 0.875000
vt 0.593750 0.375000
vt 0.562500 0.562500
vt 0.562500 0.500000
vt 0.578125 1.000000
vt 0.562500 0.937500
vt 0.578125 0.000000
vt 0.562500 0.062500
vt 0.562500 0.437500
vt 0.562500 0.875000
vt 0.562500 0.375000
vt 0.562500 0.812500
vt 0.562500 0.312500
vt 0.562500 0.750000
vt 0.562500 0.250000
vt 0.562500 0.687500
vt 0.562500 0.187500
vt 0.562500 0.625000
vt 0.562500 0.125000
vt 0.531250 0.312500
vt 0.531250 0.250000
vt 0.531250 0.750000
vt 0.531250 0.687500
vt 0.531250 0.187500
vt 0.531250 0.625000
vt 0.531250 0.125000
vt 0.531250 0.562500
vt 0.531250 0.062500
vt 0.531250 0.500000
vt 0.546875 1.000000
vt 0.531250 0.937500
vt 0.546875 0.000000
vt 0.531250 0.437500
vt 0.531250 0.875000
vt 0.531250 0.375000
vt 0.531250 0.812500
vt 0.515625 0.000000
vt 0.500000 0.062500
vt 0.500000 0.500000
vt 0.500000 0.437500
vt 0.500000 0.937500
vt 0.500000 0.875000
vt 0.500000 0.375000
vt 0.500000 0.812500
vt 0.500000 0.312500
vt 0.500000 0.750000
vt 0.500000 0.250000
vt 0.500000 0.687500
vt 0.500000 0.187500
vt 0.500000 0.625000
vt 0.500000 0.125000
vt 0.500000 0.562500
vt 0.515625 1.000000
vt 0.468750 0.250000
vt 0.468750 0.187500
vt 0.468750 0.687500
vt 0.468750 0.625000
vt 0.468750 0.125000
vt 0.468750 0.562500
vt 0.468750 0.062500
vt 0.468750 0.500000
vt 0.484374 1.000000
vt 0.468750 0.937500
vt 0.484375 0.000000
vt 0.468750 0.437500
vt 0.468750 0.875000
vt 0.468750 0.375000
vt 0.468750 0.812500
vt 0.468750 0.312500
vt 0.468750 0.750000
vt 0.437500 0.937500
vt 0.437500 0.875000
vt 0.437500 0.437500
vt 0.437500 0.375000
vt 0.437500 0.812500
vt 0.437500 0.312500
vt 0.437500 0.750000
vt 0.437500 0.250000
vt 0.437500 0.687500
vt 0.437500 0.187500
vt 0.437500 0.625000
vt 0.437500 0.125000
vt 0.437500 0.562500
vt 0.437500 0.062500
vt 0.437500 0.500000
vt 0.453124 1.000000
vt 0.453125 0.000000
vt 0.406250 0.687500
vt 0.406250 0.625000
vt 0.406250 0.187500
vt 0.406250 0.125000
vt 0.406250 0.562500
vt 0.406250 0.062500
vt 0.406250 0.500000
vt 0.421874 1.000000
vt 0.406250 0.937500
vt 0.421875 0.000000
vt 0.406250 0.437500
vt 0.406250 0.875000
vt 0.406250 0.375000
vt 0.406250 0.812500
vt 0.406250 0.312500
vt 0.406250 0.750000
vt 0.406250 0.250000
vt 0.375000 0.437500
vt 0.375000 0.375000
vt 0.375000 0.875000
vt 0.375000 0.812500
vt 0.375000 0.312500
vt 0.375000 0.750000
vt 0.375000 0.250000
vt 0.375000 0.687500
vt 0.375000 0.187500
vt 0.375000 0.625000
vt 0.375000 0.125000
vt 0.375000 0.562500
vt 0.375000 0.062500
vt 0.375000 0.500000
vt 0.390625 1.000000
vt 0.375000 0.937500
vt 0.390625 0.000000
vt 0.343750 0.187500
vt 0.343750 0.125000
vt 0.343750 0.625000
vt 0.343750 0.562500
vt 0.343750 0.062500
vt 0.343750 0.500000
vt 0.359375 1.000000
vt 0.343750 0.937500
vt 0.359375 0.000000
vt 0.343750 0.437500
vt 0.343750 0.875000
vt 0.343750 0.375000
vt 0.343750 0.812500
vt 0.343750 0.312500
vt 0.343750 0.750000
vt 0.343750 0.250000
vt 0.343750 0.687500
vt 0.312500 0.875000
vt 0.312500 0.812500
vt 0.312500 0.375000
vt 0.312500 0.312500
vt 0.312500 0.750000
vt 0.312500 0.250000
vt 0.312500 0.687500
vt 0.312500 0.187500
vt 0.312500 0.625000
vt 0.312500 0.125000
vt 0.312500 0.562500
vt 0.312500 0.062500
vt 0.312500 0.500000
vt 0.328125 1.000000
vt 0.312500 0.937500
vt 0.328125 0.000000
vt 0.312500 0.437500
vt 0.281250 0.625000
vt 0.281250 0.562500
vt 0.281250 0.125000
vt 0.281250 0.062500
vt 0.281250 0.500000
vt 0.296875 1.000000
vt 0.281250 0.937500
vt 0.296875 0.000000
vt 0.281250 0.437500
vt 0.281250 0.875000
vt 0.281250 0.375000
vt 0.281250 0.812500
vt 0.281250 0.312500
vt 0.281250 0.750000
vt 0.281250 0.250000
vt 0.281250 0.687500
vt 0.281250 0.187500
vt 0.250000 0.375000
vt 0.250000 0.312500
vt 0.250000 0.812500
vt 0.250000 0.750000
vt 0.250000 0.250000
vt 0.250000 0.687500
vt 0.250000 0.187500
vt 0.250000 0.625000
vt 0.250000 0.125000
vt 0.250000 0.562500
vt 0.250000 0.062500
vt 0.250000 0.500000
vt 0.265625 1.000000
vt 0.250000 0.937500
vt 0.265625 0.000000
vt 0.250000 0.437500
vt 0.250000 0.875000
vt 0.218750 0.125000
vt 0.218750 0.062500
vt 0.218750 0.562500
vt 0.218750 0.500000
vt 0.234375 1.000000
vt 0.218750 0.937500
vt 0.234375 0.000000
vt 0.218750 0.437500
vt 0.218750 0.875000
vt 0.218750 0.375000
vt 0.218750 0.812500
vt 0.218750 0.312500
vt 0.218750 0.750000
vt 0.218750 0.250000
vt 0.218750 0.687500
vt 0.218750 0.187500
vt 0.218750 0.625000
vt 0.187500 0.312500
vt 0.187500 0.250000
vt 0.187500 0.750000
vt 0.187500 0.687500
vt 0.187500 0.187500
vt 0.187500 0.625000
vt 0.187500 0.125000
vt 0.187500 0.562500
vt 0.187500 0.062500
vt 0.187500 0.500000
vt 0.203125 1.000000
vt 0.187500 0.937500
vt 0.203125 0.000000
vt 0.187500 0.437500
vt 0.187500 0.875000
vt 0.187500 0.375000
vt 0.187500 0.812500
vt 0.171875 1.000000
vt 0.156250 0.937500
vt 0.171875 0.000000
vt 0.156250 0.062500
vt 0.156250 0.500000
vt 0.156250 0.437500
vt 0.156250 0.875000
vt 0.156250 0.375000
vt 0.156250 0.812500
vt 0.156250 0.312500
vt 0.156250 0.750000
vt 0.156250 0.250000
vt 0.156250 0.687500
vt 0.156250 0.187500
vt 0.156250 0.625000
vt 0.156250 0.125000
vt 0.156250 0.562500
vt 0.125000 0.750000
vt 0.125000 0.687500
vt 0.125000 0.250000
vt 0.125000 0.187500
vt 0.125000 0.625000
vt 0.125000 0.125000
vt 0.125000 0.562500
vt 0.125000 0.062500
vt 0.125000 0.500000
vt 0.140625 1.000000
vt 0.125000 0.937500
vt 0.140625 0.000000
vt 0.125000 0.437500
vt 0.125000 0.875000
vt 0.125000 0.375000
vt 0.125000 0.812500
vt 0.125000 0.312500
vt 0.093750 0.500000
vt 0.093750 0.437500
vt 0.093750 0.937500
vt 0.093750 0.875000
vt 0.093750 0.375000
vt 0.093750 0.812500
vt 0.093750 0.312500
vt 0.093750 0.750000
vt 0.093750 0.250000
vt 0.093750 0.687500
vt 0.093750 0.187500
vt 0.093750 0.625000
vt 0.093750 0.125000
vt 0.093750 0.562500
vt 0.093750 0.062500
vt 0.109375 1.000000
vt 0.109375 0.000000
vt 0.062500 0.250000
vt 0.062500 0.187500
vt 0.062500 0.687500
vt 0.062500 0.625000
vt 0.062500 0.125000
vt 0.062500 0.562500
vt 0.062500 0.062500
vt 0.062500 0.500000
vt 0.078125 1.000000
vt 0.062500 0.937500
vt 0.078125 0.000000
vt 0.062500 0.437500
vt 0.062500 0.875000
vt 0.062500 0.375000
vt 0.062500 0.812500
vt 0.062500 0.312500
vt 0.062500 0.750000
vt 0.031250 0.937500
vt 0.031250 0.875000
vt 0.031250 0.437500
vt 0.031250 0.375000
vt 0.031250 0.812500
vt 0.031250 0.312500
vt 0.031250 0.750000
vt 0.031250 0.250000
vt 0.031250 0.687500
vt 0.031250 0.187500
vt 0.031250 0.625000
vt 0.031250 0.125000
vt 0.031250 0.562500
vt 0.031250 0.062500
vt 0.031250 0.500000
vt 0.046875 1.000000
vt 0.046875 0.000000
vt 0.000000 0.687500
vt 0.000000 0.625000
vt 0.000000 0.187500
vt 0.000000 0.125000
vt 0.000000 0.562500
vt 0.000000 0.062500
vt 0.000000 0.500000
vt 0.015625 1.000000
vt 0.000000 0.937500
vt 0.015625 0.000000
vt 0.000000 0.437500
vt 0.000000 0.875000
vt 0.000000 0.375000
vt 0.000000 0.812500
vt 0.000000 0.312500
vt 0.000000 0.750000
vt 0.000000 0.250000
vt 1.000000 0.375000
vt 1.000000 0.437500
vt 0.968750 0.437500
vt 0.968750 0.375000
vt 1.000000 0.812500
vt 1.000000 0.875000
vt 0.968750 0.875000
vt 0.968750 0.812500
vt 1.000000 0.312500
vt 0.968750 0.312500
vt 1.000000 0.750000
vt 0.968750 0.750000
vt 1.000000 0.250000
vt 0.968750 0.250000
vt 1.000000 0.687500
vt 0.968750 0.687500
vt 1.000000 0.187500
vt 0.968750 0.187500
vt 1.000000 0.625000
vt 0.968750 0.625000
vt 1.000000 0.125000
vt 0.968750 0.125000
vt 1.000000 0.562500
vt 0.968750 0.562500
vt 1.000000 0.062500
vt 0.968750 0.062500
vt 1.000000 0.500000
vt 0.968750 0.500000
vt 1.000000 0.937500
vt 0.984375 1.000000
vt 0.968750 0.937500
vt 0.984375 0.000000
vt 0.937500 0.187500
vt 0.937500 0.125000
vt 0.937500 0.625000
vt 0.937500 0.562500
vt 0.937500 0.062500
vt 0.937500 0.500000
vt 0.953125 1.000000
vt 0.937500 0.937500
vt 0.953125 0.000000
vt 0.937500 0.437500
vt 0.937500 0.875000
vt 0.937500 0.375000
vt 0.937500 0.812500
vt 0.937500 0.312500
vt 0.937500 0.750000
vt 0.937500 0.250000
vt 0.937500 0.687500
vt 0.906250 0.375000
vt 0.906250 0.312500
vt 0.906250 0.812500
vt 0.906250 0.750000
vt 0.906250 0.250000
vt 0.906250 0.687500
vt 0.906250 0.187500
vt 0.906250 0.625000
vt 0.906250 0.125000
vt 0.906250 0.562500
vt 0.906250 0.062500
vt 0.906250 0.500000
vt 0.921875 1.000000
vt 0.906250 0.937500
vt 0.921875 0.000000
vt 0.906250 0.437500
vt 0.906250 0.875000
vt 0.875000 0.125000
vt 0.875000 0.062500
vt 0.875000 0.562500
vt 0.875000 0.500000
vt 0.890625 1.000000
vt 0.875000 0.937500
vt 0.890625 0.000000
vt 0.875000 0.437500
vt 0.875000 0.875000
vt 0.875000 0.375000
vt 0.875000 0.812500
vt 0.875000 0.312500
vt 0.875000 0.750000
vt 0.875000 0.250000
vt 0.875000 0.687500
vt 0.875000 0.187500
vt 0.875000 0.625000
vt 0.843750 0.812500
vt 0.843750 0.750000
vt 0.843750 0.312500
vt 0.843750 0.250000
vt 0.843750 0.687500
vt 0.843750 0.187500
vt 0.843750 0.625000
vt 0.843750 0.125000
vt 0.843750 0.562500
vt 0.843750 0.062500
vt 0.843750 0.500000
vt 0.859375 1.000000
vt 0.843750 0.937500
vt 0.859375 0.000000
vt 0.843750 0.437500
vt 0.843750 0.875000
vt 0.843750 0.375000
vt 0.812500 0.562500
vt 0.812500 0.500000
vt 0.828125 1.000000
vt 0.812500 0.937500
vt 0.828125 0.000000
vt 0.812500 0.062500
vt 0.812500 0.437500
vt 0.812500 0.875000
vt 0.812500 0.375000
vt 0.812500 0.812500
vt 0.812500 0.312500
vt 0.812500 0.750000
vt 0.812500 0.250000
vt 0.812500 0.687500
vt 0.812500 0.187500
vt 0.812500 0.625000
vt 0.812500 0.125000
vt 0.781250 0.312500
vt 0.781250 0.250000
vt 0.781250 0.750000
vt 0.781250 0.687500
vt 0.781250 0.187500
vt 0.781250 0.625000
vt 0.781250 0.125000
vt 0.781250 0.562500
vt 0.781250 0.062500
vt 0.781250 0.500000
vt 0.796875 1.000000
vt 0.781250 0.937500
vt 0.796875 0.000000
vt 0.781250 0.437500
vt 0.781250 0.875000
vt 0.781250 0.375000
vt 0.781250 0.812500
vt 0.765625 1.000000
vt 0.765625 0.000000
vt 0.750000 0.500000
vt 0.750000 0.562500
vt 0.718750 0.562500
vt 0.718750 0.500000
vt 0.750000 0.937500
vt 0.734375 1.000000
vt 0.718750 0.937500
vt 0.734375 0.000000
vt 0.750000 0.062500
vt 0.718750 0.062500
vt 0.750000 0.437500
vt 0.718750 0.437500
vt 0.750000 0.875000
vt 0.718750 0.875000
vt 0.750000 0.375000
vt 0.718750 0.375000
vt 0.750000 0.812500
vt 0.718750 0.812500
vt 0.750000 0.312500
vt 0.718750 0.312500
vt 0.750000 0.750000
vt 0.718750 0.750000
vt 0.750000 0.250000
vt 0.718750 0.250000
vt 0.750000 0.687500
vt 0.718750 0.687500
vt 0.750000 0.187500
vt 0.718750 0.187500
vt 0.750000 0.625000
vt 0.718750 0.625000
vt 0.750000 0.125000
vt 0.718750 0.125000
vt 0.687500 0.625000
vt 0.687500 0.562500
vt 0.687500 0.125000
vt 0.687500 0.062500
vt 0.687500 0.500000
vt 0.703125 1.000000
vt 0.687500 0.937500
vt 0.703125 0.000000
vt 0.687500 0.437500
vt 0.687500 0.875000
vt 0.687500 0.375000
vt 0.687500 0.812500
vt 0.687500 0.312500
vt 0.687500 0.750000
vt 0.687500 0.250000
vt 0.687500 0.687500
vt 0.687500 0.187500
vt 0.656250 0.375000
vt 0.656250 0.312500
vt 0.656250 0.812500
vt 0.656250 0.750000
vt 0.656250 0.250000
vt 0.656250 0.687500
vt 0.656250 0.187500
vt 0.656250 0.625000
vt 0.656250 0.125000
vt 0.656250 0.562500
vt 0.656250 0.062500
vt 0.656250 0.500000
vt 0.671875 1.000000
vt 0.656250 0.937500
vt 0.671875 0.000000
vt 0.656250 0.437500
vt 0.656250 0.875000
vt 0.625000 0.125000
vt 0.625000 0.062500
vt 0.625000 0.562500
vt 0.625000 0.500000
vt 0.640625 1.000000
vt 0.625000 0.937500
vt 0.640625 0.000000
vt 0.625000 0.437500
vt 0.625000 0.875000
vt 0.625000 0.375000
vt 0.625000 0.812500
vt 0.625000 0.312500
vt 0.625000 0.750000
vt 0.625000 0.250000
vt 0.625000 0.687500
vt 0.625000 0.187500
vt 0.625000 0.625000
vt 0.593750 0.812500
vt 0.593750 0.750000
vt 0.593750 0.312500
vt 0.593750 0.250000
vt 0.593750 0.687500
vt 0.593750 0.187500
vt 0.593750 0.625000
vt 0.593750 0.125000
vt 0.593750 0.562500
vt 0.593750 0.062500
vt 0.593750 0.500000
vt 0.609375 1.000000
vt 0.593750 0.937500
vt 0.609375 0.000000
vt 0.593750 0.437500
vt 0.593750 0.875000
vt 0.593750 0.375000
vt 0.562500 0.562500
vt 0.562500 0.500000
vt 0.578125 1.000000
vt 0.562500 0.937500
vt 0.578125 0.000000
vt 0.562500 0.062500
vt 0.562500 0.437500
vt 0.562500 0.875000
vt 0.562500 0.375000
vt 0.562500 0.812500
vt 0.562500 0.312500
vt 0.562500 0.750000
vt 0.562500 0.250000
vt 0.562500 0.687500
vt 0.562500 0.187500
vt 0.562500 0.625000
vt 0.562500 0.125000
vt 0.531250 0.312500
vt 0.531250 0.250000
vt 0.531250 0.750000
vt 0.531250 0.687500
vt 0.531250 0.187500
vt 0.531250 0.625000
vt 0.531250 0.125000
vt 0.531250 0.562500
vt 0.531250 0.062500
vt 0.531250 0.500000
vt 0.546875 1.000000
vt 0.531250 0.937500
vt 0.546875 0.000000
vt 0.531250 0.437500
vt 0.531250 0.875000
vt 0.531250 0.375000
vt 0.531250 0.812500
vt 0.515625 0.000000
vt 0.500000 0.062500
vt 0.500000 0.500000
vt 0.500000 0.437500
vt 0.500000 0.937500
vt 0.500000 0.875000
vt 0.500000 0.375000
vt 0.500000 0.812500
vt 0.500000 0.312500
vt 0.500000 0.750000
vt 0.500000 0.250000
vt 0.500000 0.687500
vt 0.500000 0.187500
vt 0.500000 0.625000
vt 0.500000 0.125000
vt 0.500000 0.562500
vt 0.515625 1.000000
vt 0.468750 0.250000
vt 0.468750 0.187500
vt 0.468750 0.687500
vt 0.468750 0.625000
vt 0.468750 0.125000
vt 0.468750 0.562500
vt 0.468750 0.062500
vt 0.468750 0.500000
vt 0.484374 1.000000
vt 0.468750 0.937500
vt 0.484375 0.000000
vt 0.468750 0.437500
vt 0.468750 0.875000
vt 0.468750 0.375000
vt 0.468750 0.812500
vt 0.468750 0.312500
vt 0.468750 0.750000
vt 0.437500 0.937500
vt 0.437500 0.875000
vt 0.437500 0.437500
vt 0.437500 0.375000
vt 0.437500 0.812500
vt 0.437500 0.312500
vt 0.437500 0.750000
vt 0.437500 0.250000
vt 0.437500 0.687500
vt 0.437500 0.187500
vt 0.437500 0.625000
vt 0.437500 0.125000
vt 0.437500 0.562500
vt 0.437500 0.062500
vt 0.437500 0.500000
vt 0.453124 1.000000
vt 0.453125 0.000000
vt 0.406250 0.687500
vt 0.406250 0.625000
vt 0.406250 0.187500
vt 0.406250 0.125000
vt 0.406250 0.562500
vt 0.406250 0.062500
vt 0.406250 0.500000
vt 0.421874 1.000000
vt 0.406250 0.937500
vt 0.421875 0.000000
vt 0.406250 0.437500
vt 0.406250 0.875000
vt 0.406250 0.375000
vt 0.406250 0.812500
vt 0.406250 0.312500
vt 0.406250 0.750000
vt 0.406250 0.250000
vt 0.375000 0.437500
vt 0.375000 0.375000
vt 0.375000 0.875000
vt 0.375000 0.812500
vt 0.375000 0.312500
vt 0.375000 0.750000
vt 0.375000 0.250000
vt 0.375000 0.687500
vt 0.375000 0.187500
vt 0.375000 0.625000
vt 0.375000 0.125000
vt 0.375000 0.562500
vt 0.375000 0.062500
vt 0.375000 0.500000
vt 0.390625 1.000000
vt 0.375000 0.937500
vt 0.390625 0.000000
vt 0.343750 0.187500
vt 0.343750 0.125000
vt 0.343750 0.625000
vt 0.343750 0.562500
vt 0.343750 0.062500
vt 0.343750 0.500000
vt 0.359375 1.000000
vt 0.343750 0.937500
vt 0.359375 0.000000
vt 0.343750 0.437500
vt 0.343750 0.875000
vt 0.343750 0.375000
vt 0.343750 0.812500
vt 0.343750 0.312500
vt 0.343750 0.750000
vt 0.343750 0.250000
vt 0.343750 0.687500
vt 0.312500 0.875000
vt 0.312500 0.812500
vt 0.312500 0.375000
vt 0.312500 0.312500
vt 0.312500 0.750000
vt 0.312500 0.250000
vt 0.312500 0.687500
vt 0.312500 0.187500
vt 0.312500 0.625000
vt 0.312500 0.125000
vt 0.312500 0.562500
vt 0.312500 0.062500
vt 0.312500 0.500000
vt 0.328125 1.000000
vt 0.312500 0.937500
vt 0.328125 0.000000
vt 0.312500 0.437500
vt 0.281250 0.625000
vt 0.281250 0.562500
vt 0.281250 0.125000
vt 0.281250 0.062500
vt 0.281250 0.500000
vt 0.296875 1.000000
vt 0.281250 0.937500
vt 0.296875 0.000000
vt 0.281250 0.437500
vt 0.281250 0.875000
vt 0.281250 0.375000
vt 0.281250 0.812500
vt 0.281250 0.312500
vt 0.281250 0.750000
vt 0.281250 0.250000
vt 0.281250 0.687500
vt 0.281250 0.187500
vt 0.250000 0.375000
vt 0.250000 0.312500
vt 0.250000 0.812500
vt 0.250000 0.750000
vt 0.250000 0.250000
vt 0.250000 0.687500
vt 0.250000 0.187500
vt 0.250000 0.625000
vt 0.250000 0.125000
vt 0.250000 0.562500
vt 0.250000 0.062500
vt 0.250000 0.500000
vt 0.265625 1.000000
vt 0.250000 0.937500
vt 0.265625 0.000000
vt 0.250000 0.437500
vt 0.250000 0.875000
vt 0.218750 0.125000
vt 0.218750 0.062500
vt 0.218750 0.562500
vt 0.218750 0.500000
vt 0.234375 1.000000
vt 0.218750 0.937500
vt 0.234375 0.000000
vt 0.218750 0.437500
vt 0.218750 0.875000
vt 0.218750 0.375000
vt 0.218750 0.812500
vt 0.218750 0.312500
vt 0.218750 0.750000
vt 0.218750 0.250000
vt 0.218750 0.687500
vt 0.218750 0.187500
vt 0.218750 0.625000
vt 0.187500 0.312500
vt 0.187500 0.250000
vt 0.187500 0.750000
vt 0.187500 0.687500
vt 0.187500 0.187500
vt 0.187500 0.625000
vt 0.187500 0.125000
vt 0.187500 0.562500
vt 0.187500 0.062500
vt 0.187500 0.500000
vt 0.203125 1.000000
vt 0.187500 0.937500
vt 0.203125 0.000000
vt 0.187500 0.437500
vt 0.187500 0.875000
vt 0.187500 0.375000
vt 0.187500 0.812500
vt 0.171875 1.000000
vt 0.156250 0.937500
vt 0.171875 0.000000
vt 0.156250 0.062500
vt 0.156250 0.500000
vt 0.156250 0.437500
vt 0.156250 0.875000
vt 0.156250 0.375000
vt 0.156250 0.812500
vt 0.156250 0.312500
vt 0.156250 0.750000
vt 0.156250 0.250000
vt 0.156250 0.687500
vt 0.156250 0.187500
vt 0.156250 0.625000
vt 0.156250 0.125000
vt 0.156250 0.562500
vt 0.125000 0.750000
vt 0.125000 0.687500
vt 0.125000 0.250000
vt 0.125000 0.187500
vt 0.125000 0.625000
vt 0.125000 0.125000
vt 0.125000 0.562500
vt 0.125000 0.062500
vt 0.125000 0.500000
vt 0.140625 1.000000
vt 0.125000 0.937500
vt 0.140625 0.000000
vt 0.125000 0.437500
vt 0.125000 0.875000
vt 0.125000 0.375000
vt 0.125000 0.812500
vt 0.125000 0.312500
vt 0.093750 0.500000
vt 0.093750 0.437500
vt 0.093750 0.937500
vt 0.093750 0.875000
vt 0.093750 0.375000
vt 0.093750 0.812500
vt 0.093750 0.312500
vt 0.093750 0.750000
vt 0.093750 0.250000
vt 0.093750 0.687500
vt 0.093750 0.187500
vt 0.093750 0.625000
vt 0.093750 0.125000
vt 0.093750 0.562500
vt 0.093750 0.062500
vt 0.109375 1.000000
vt 0.109375 0.000000
vt 0.062500 0.250000
vt 0.062500 0.187500
vt 0.062500 0.687500
vt 0.062500 0.625000
vt 0.062500 0.125000
vt 0.062500 0.562500
vt 0.062500 0.062500
vt 0.062500 0.500000
vt 0.078125 1.000000
vt 0.062500 0.937500
vt 0.078125 0.000000
vt 0.062500 0.437500
vt 0.062500 0.875000
vt 0.062500 0.375000
vt 0.062500 0.812500
vt 0.062500 0.312500
vt 0.062500 0.750000
vt 0.031250 0.937500
vt 0.031250 0.875000
vt 0.031250 0.437500
vt 0.031250 0.375000
vt 0.031250 0.812500
vt 0.031250 0.312500
vt 0.031250 0.750000
vt 0.031250 0.250000
vt 0.031250 0.687500
vt 0.031250 0.187500
vt 0.031250 0.625000
vt 0.031250 0.125000
vt 0.031250 0.562500
vt 0.031250 0.062500
vt 0.031250 0.500000
vt 0.046875 1.000000
vt 0.046875 0.000000
vt 0.000000 0.687500
vt 0.000000 0.625000
vt 0.000000 0.187500
vt 0.000000 0.125000
vt 0.000000 0.562500
vt 0.000000 0.062500
vt 0.000000 0.500000
vt 0.015625 1.000000
vt 0.000000 0.937500
vt 0.015625 0.000000
vt 0.000000 0.437500
vt 0.000000 0.875000
vt 0.000000 0.375000
vt 0.000000 0.812500
vt 0.000000 0.312500
vt 0.000000 0.750000
vt 0.000000 0.250000
vt 1.000000 0.375000
vt 1.000000 0.437500
vt 0.968750 0.437500
vt 0.968750 0.375000
vt 1.000000 0.812500
vt 1.000000 0.875000
vt 0.968750 0.875000
vt 0.968750 0.812500
vt 1.000000 0.312500
vt 0.968750 0.312500
vt 1.000000 0.750000
vt 0.968750 0.750000
vt 1.000000 0.250000
vt 0.968750 0.250000
vt 1.000000 0.687500
vt 0.968750 0.687500
vt 1.000000 0.187500
vt 0.968750 0.187500
vt 1.000000 0.625000
vt 0.968750 0.625000
vt 1.000000 0.125000
vt 0.968750 0.125000
vt 1.000000 0.562500
vt 0.968750 0.562500
vt 1.000000 0.062500
vt 0.968750 0.062500
vt 1.000000 0.500000
vt 0.968750 0.500000
vt 1.000000 0.937500
vt 0.984375 1.000000
vt 0.968750 0.937500
vt 0.984375 0.000000
vt 0.937500 0.187500
vt 0.937500 0.125000
vt 0.937500 0.625000
vt 0.937500 0.562500
vt 0.937500 0.062500
vt 0.937500 0.500000
vt 0.953125 1.000000
vt 0.937500 0.937500
vt 0.953125 0.000000
vt 0.937500 0.437500
vt 0.937500 0.875000
vt 0.937500 0.375000
vt 0.937500 0.812500
vt 0.937500 0.312500
vt 0.937500 0.750000
vt 0.937500 0.250000
vt 0.937500 0.687500
vt 0.906250 0.375000
vt 0.906250 0.312500
vt 0.906250 0.812500
vt 0.906250 0.750000
vt 0.906250 0.250000
vt 0.906250 0.687500
vt 0.906250 0.187500
vt 0.906250 0.625000
vt 0.906250 0.125000
vt 0.906250 0.562500
vt 0.906250 0.062500
vt 0.906250 0.500000
vt 0.921875 1.000000
vt 0.906250 0.937500
vt 0.921875 0.000000
vt 0.906250 0.437500
vt 0.906250 0.875000
vt 0.875000 0.125000
vt 0.875000 0.062500
vt 0.875000 0.562500
vt 0.875000 0.500000
vt 0.890625 1.000000
vt 0.875000 0.937500
vt 0.890625 0.000000
vt 0.875000 0.437500
vt 0.875000 0.875000
vt 0.875000 0.375000
vt 0.875000 0.812500
vt 0.875000 0.312500
vt 0.875000 0.750000
vt 0.875000 0.250000
vt 0.875000 0.687500
vt 0.875000 0.187500
vt 0.875000 0.625000
vt 0.843750 0.812500
vt 0.843750 0.750000
vt 0.843750 0.312500
vt 0.843750 0.250000
vt 0.843750 0.687500
vt 0.843750 0.187500
vt 0.843750 0.625000
vt 0.843750 0.125000
vt 0.843750 0.562500
vt 0.843750 0.062500
vt 0.843750 0.500000
vt 0.859375 1.000000
vt 0.843750 0.937500
vt 0.859375 0.000000
vt 0.843750 0.437500
vt 0.843750 0.875000
vt 0.843750 0.375000
vt 0.812500 0.562500
vt 0.812500 0.500000
vt 0.828125 1.000000
vt 0.812500 0.937500
vt 0.828125 0.000000
vt 0.812500 0.062500
vt 0.812500 0.437500
vt 0.812500 0.875000
vt 0.812500 0.375000
vt 0.812500 0.812500
vt 0.812500 0.312500
vt 0.812500 0.750000
vt 0.812500 0.250000
vt 0.812500 0.687500
vt 0.812500 0.187500
vt 0.812500 0.625000
vt 0.812500 0.125000
vt 0.781250 0.312500
vt 0.781250 0.250000
vt 0.781250 0.750000
vt 0.781250 0.687500
vt 0.781250 0.187500
vt 0.781250 0.625000
vt 0.781250 0.125000
vt 0.781250 0.562500
vt 0.781250 0.062500
vt 0.781250 0.500000
vt 0.796875 1.000000
vt 0.781250 0.937500
vt 0.796875 0.000000
vt 0.781250 0.437500
vt 0.781250 0.875000
vt 0.781250 0.375000
vt 0.781250 0.812500
vt 0.765625 1.000000
vt 0.765625 0.000000
vn 0.0000 0.0000 -1.0000
vn 0.0000 0.1939 -0.9810
vn 0.1914 0.1939 -0.9622
vn 0.1951 0.0000 -0.9808
vn 0.0000 0.9796 -0.2010
vn 0.0000 1.0000 0.0000
vn 0.0392 0.9796 -0.1971
vn 0.0000 -1.0000 0.0000
vn 0.0000 -0.9796 -0.2010
vn 0.0392 -0.9796 -0.1971
vn 0.0000 -0.1939 -0.9810
vn 0.1914 -0.1939 -0.9622
vn 0.0000 0.9217 -0.3879
vn 0.0757 0.9217 -0.3804
vn 0.0000 -0.3805 -0.9247
vn 0.1804 -0.3805 -0.9070
vn 0.0000 0.8286 -0.5598
vn 0.1092 0.8286 -0.5490
vn 0.0000 -0.5528 -0.8333
vn 0.1626 -0.5528 -0.8173
vn 0.0000 0.7040 -0.7101
vn 0.1385 0.7040 -0.6965
vn 0.0000 -0.7040 -0.7101
vn 0.1385 -0.7040 -0.6965
vn 0.0000 0.5528 -0.8333
vn 0.1626 0.5528 -0.8173
vn 0.0000 -0.8286 -0.5598
vn 0.1092 -0.8286 -0.5490
vn 0.0000 0.3805 -0.9247
vn 0.1804 0.3805 -0.9070
vn 0.0000 -0.9217 -0.3879
vn 0.0757 -0.9217 -0.3804
vn 0.3539 0.3805 -0.8544
vn 0.3754 0.1939 -0.9063
vn 0.1484 -0.9217 -0.3583
vn 0.0769 -0.9796 -0.1856
vn 0.3827 0.0000 -0.9239
vn 0.0769 0.9796 -0.1856
vn 0.3754 -0.1939 -0.9063
vn 0.1484 0.9217 -0.3583
vn 0.3539 -0.3805 -0.8544
vn 0.2142 0.8286 -0.5171
vn 0.3189 -0.5528 -0.7699
vn 0.2717 0.7040 -0.6561
vn 0.2717 -0.7040 -0.6561
vn 0.3189 0.5528 -0.7699
vn 0.2142 -0.8286 -0.5171
vn 0.5137 -0.3805 -0.7689
vn 0.4630 -0.5528 -0.6929
vn 0.3110 0.8286 -0.4654
vn 0.3945 0.7040 -0.5904
vn 0.3945 -0.7040 -0.5904
vn 0.4630 0.5528 -0.6929
vn 0.3110 -0.8286 -0.4654
vn 0.5137 0.3805 -0.7689
vn 0.2155 -0.9217 -0.3225
vn 0.5450 0.1939 -0.8157
vn 0.1116 -0.9796 -0.1671
vn 0.5556 0.0000 -0.8314
vn 0.1116 0.9796 -0.1671
vn 0.5450 -0.1939 -0.8157
vn 0.2155 0.9217 -0.3225
vn 0.2743 -0.9217 -0.2743
vn 0.1421 -0.9796 -0.1421
vn 0.6937 0.1939 -0.6937
vn 0.7071 0.0000 -0.7071
vn 0.1421 0.9796 -0.1421
vn 0.6937 -0.1939 -0.6937
vn 0.2743 0.9217 -0.2743
vn 0.6539 -0.3805 -0.6539
vn 0.3958 0.8286 -0.3958
vn 0.5893 -0.5528 -0.5893
vn 0.5021 0.7040 -0.5021
vn 0.5021 -0.7040 -0.5021
vn 0.5893 0.5528 -0.5893
vn 0.3958 -0.8286 -0.3958
vn 0.6539 0.3805 -0.6539
vn 0.4654 0.8286 -0.3110
vn 0.5904 0.7040 -0.3945
vn 0.6929 -0.5528 -0.4630
vn 0.5904 -0.7040 -0.3945
vn 0.6929 0.5528 -0.4630
vn 0.4654 -0.8286 -0.3110
vn 0.7689 0.3805 -0.5137
vn 0.3225 -0.9217 -0.2155
vn 0.8157 0.1939 -0.5450
vn 0.1671 -0.9796 -0.1116
vn 0.8314 0.0000 -0.5556
vn 0.1671 0.9796 -0.1116
vn 0.8157 -0.1939 -0.5450
vn 0.3225 0.9217 -0.2155
vn 0.7689 -0.3805 -0.5137
vn 0.9063 0.1939 -0.3754
vn 0.9239 0.0000 -0.3827
vn 0.1856 0.9796 -0.0769
vn 0.1856 -0.9796 -0.0769
vn 0.9063 -0.1939 -0.3754
vn 0.3583 0.9217 -0.1484
vn 0.8544 -0.3805 -0.3539
vn 0.5171 0.8286 -0.2142
vn 0.7699 -0.5528 -0.3189
vn 0.6561 0.7040 -0.2717
vn 0.6561 -0.7040 -0.2717
vn 0.7699 0.5528 -0.3189
vn 0.5171 -0.8286 -0.2142
vn 0.8544 0.3805 -0.3539
vn 0.3583 -0.9217 -0.1484
vn 0.8173 -0.5528 -0.1626
vn 0.6965 -0.7040 -0.1385
vn 0.6965 0.7040 -0.1385
vn 0.8173 0.5528 -0.1626
vn 0.5490 -0.8286 -0.1092
vn 0.9070 0.3805 -0.1804
vn 0.3804 -0.9217 -0.0757
vn 0.9622 0.1939 -0.1914
vn 0.1971 -0.9796 -0.0392
vn 0.9808 0.0000 -0.1951
vn 0.1971 0.9796 -0.0392
vn 0.9622 -0.1939 -0.1914
vn 0.3804 0.9217 -0.0757
vn 0.9070 -0.3805 -0.1804
vn 0.5490 0.8286 -0.1092
vn 0.2010 -0.9796 0.0000
vn 1.0000 0.0000 0.0000
vn 0.9810 -0.1939 0.0000
vn 0.2010 0.9796 0.0000
vn 0.3879 0.9217 0.0000
vn 0.9247 -0.3805 0.0000
vn 0.5598 0.8286 0.0000
vn 0.8333 -0.5528 0.0000
vn 0.7101 0.7040 0.0000
vn 0.7101 -0.7040 0.0000
vn 0.8333 0.5528 0.0000
vn 0.5598 -0.8286 0.0000
vn 0.9247 0.3805 0.0000
vn 0.3879 -0.9217 0.0000
vn 0.9810 0.1939 0.0000
vn 0.6965 -0.7040 0.1385
vn 0.5490 -0.8286 0.1092
vn 0.8173 0.5528 0.1626
vn 0.9070 0.3805 0.1804
vn 0.3804 -0.9217 0.0757
vn 0.9622 0.1939 0.1914
vn 0.1971 -0.9796 0.0392
vn 0.9808 0.0000 0.1951
vn 0.1971 0.9796 0.0392
vn 0.9622 -0.1939 0.1914
vn 0.3804 0.9217 0.0757
vn 0.9070 -0.3805 0.1804
vn 0.5490 0.8286 0.1092
vn 0.8173 -0.5528 0.1626
vn 0.6965 0.7040 0.1385
vn 0.1856 0.9796 0.0769
vn 0.3583 0.9217 0.1484
vn 0.9063 -0.1939 0.3754
vn 0.8544 -0.3805 0.3539
vn 0.5171 0.8286 0.2142
vn 0.7699 -0.5528 0.3189
vn 0.6561 0.7040 0.2717
vn 0.6561 -0.7040 0.2717
vn 0.7699 0.5528 0.3189
vn 0.5171 -0.8286 0.2142
vn 0.8544 0.3805 0.3539
vn 0.3583 -0.9217 0.1484
vn 0.9063 0.1939 0.3754
vn 0.1856 -0.9796 0.0769
vn 0.9239 0.0000 0.3827
vn 0.6929 0.5528 0.4630
vn 0.7689 0.3805 0.5137
vn 0.4654 -0.8286 0.3110
vn 0.3225 -0.9217 0.2155
vn 0.8157 0.1939 0.5450
vn 0.1671 -0.9796 0.1116
vn 0.8314 0.0000 0.5556
vn 0.1671 0.9796 0.1116
vn 0.8157 -0.1939 0.5450
vn 0.3225 0.9217 0.2155
vn 0.7689 -0.3805 0.5137
vn 0.4654 0.8286 0.3110
vn 0.6929 -0.5528 0.4630
vn 0.5904 0.7040 0.3945
vn 0.5904 -0.7040 0.3945
vn 0.6937 -0.1939 0.6937
vn 0.6539 -0.3805 0.6539
vn 0.2743 0.9217 0.2743
vn 0.3958 0.8286 0.3958
vn 0.5893 -0.5528 0.5893
vn 0.5021 0.7040 0.5021
vn 0.5021 -0.7040 0.5021
vn 0.5893 0.5528 0.5893
vn 0.3958 -0.8286 0.3958
vn 0.6539 0.3805 0.6539
vn 0.2743 -0.9217 0.2743
vn 0.6937 0.1939 0.6937
vn 0.1421 -0.9796 0.1421
vn 0.7071 0.0000 0.7071
vn 0.1421 0.9796 0.1421
vn 0.3110 -0.8286 0.4654
vn 0.2155 -0.9217 0.3225
vn 0.5137 0.3805 0.7689
vn 0.5450 0.1939 0.8157
vn 0.1116 -0.9796 0.1671
vn 0.5556 0.0000 0.8314
vn 0.1116 0.9796 0.1671
vn 0.5450 -0.1939 0.8157
vn 0.2155 0.9217 0.3225
vn 0.5137 -0.3805 0.7689
vn 0.3110 0.8286 0.4654
vn 0.4630 -0.5528 0.6929
vn 0.3945 0.7040 0.5904
vn 0.3945 -0.7040 0.5904
vn 0.4630 0.5528 0.6929
vn 0.1484 0.9217 0.3583
vn 0.2142 0.8286 0.5171
vn 0.3539 -0.3805 0.8544
vn 0.3189 -0.5528 0.7699
vn 0.2717 0.7040 0.6561
vn 0.2717 -0.7040 0.6561
vn 0.3189 0.5528 0.7699
vn 0.2142 -0.8286 0.5171
vn 0.3539 0.3805 0.8544
vn 0.1484 -0.9217 0.3583
vn 0.3754 0.1939 0.9063
vn 0.0769 -0.9796 0.1856
vn 0.3827 0.0000 0.9239
vn 0.0769 0.9796 0.1856
vn 0.3754 -0.1939 0.9063
vn 0.1804 0.3805 0.9070
vn 0.1914 0.1939 0.9622
vn 0.0757 -0.9217 0.3804
vn 0.0392 -0.9796 0.1971
vn 0.1951 0.0000 0.9808
vn 0.0392 0.9796 0.1971
vn 0.1914 -0.1939 0.9622
vn 0.0757 0.9217 0.3804
vn 0.1804 -0.3805 0.9070
vn 0.1092 0.8286 0.5490
vn 0.1626 -0.5528 0.8173
vn 0.1385 0.7040 0.6965
vn 0.1385 -0.7040 0.6965
vn 0.1626 0.5528 0.8173
vn 0.1092 -0.8286 0.5490
vn 0.0000 -0.3805 0.9247
vn 0.0000 -0.5528 0.8333
vn 0.0000 0.8286 0.5598
vn 0.0000 0.7040 0.7101
vn 0.0000 -0.7040 0.7101
vn 0.0000 0.5528 0.8333
vn 0.0000 -0.8286 0.5598
vn 0.0000 0.3805 0.9247
vn 0.0000 -0.9217 0.3879
vn 0.0000 0.1939 0.9810
vn 0.0000 -0.9796 0.2010
vn 0.0000 0.0000 1.0000
vn 0.0000 0.9796 0.2010
vn 0.0000 -0.1939 0.9810
vn 0.0000 0.9217 0.3879
vn -0.0757 -0.9217 0.3804
vn -0.0392 -0.9796 0.1971
vn -0.1914 0.1939 0.9622
vn -0.1951 0.0000 0.9808
vn -0.0392 0.9796 0.1971
vn -0.1914 -0.1939 0.9622
vn -0.0757 0.9217 0.3804
vn -0.1804 -0.3805 0.9070
vn -0.1092 0.8286 0.5490
vn -0.1626 -0.5528 0.8173
vn -0.1385 0.7040 0.6965
vn -0.1385 -0.7040 0.6965
vn -0.1626 0.5528 0.8173
vn -0.1092 -0.8286 0.5490
vn -0.1804 0.3805 0.9070
vn -0.3189 -0.5528 0.7699
vn -0.2717 -0.7040 0.6561
vn -0.2717 0.7040 0.6561
vn -0.3189 0.5528 0.7699
vn -0.2142 -0.8286 0.5171
vn -0.3539 0.3805 0.8544
vn -0.1484 -0.9217 0.3583
vn -0.3754 0.1939 0.9063
vn -0.0769 -0.9796 0.1856
vn -0.3827 0.0000 0.9239
vn -0.0769 0.9796 0.1856
vn -0.3754 -0.1939 0.9063
vn -0.1484 0.9217 0.3583
vn -0.3539 -0.3805 0.8544
vn -0.2142 0.8286 0.5171
vn -0.1116 0.9796 0.1671
vn -0.1116 -0.9796 0.1671
vn -0.5556 0.0000 0.8314
vn -0.5450 -0.1939 0.8157
vn -0.2155 0.9217 0.3225
vn -0.5137 -0.3805 0.7689
vn -0.3110 0.8286 0.4654
vn -0.4630 -0.5528 0.6929
vn -0.3945 0.7040 0.5904
vn -0.3945 -0.7040 0.5904
vn -0.4630 0.5528 0.6929
vn -0.3110 -0.8286 0.4654
vn -0.5137 0.3805 0.7689
vn -0.2155 -0.9217 0.3225
vn -0.5450 0.1939 0.8157
vn -0.5021 0.7040 0.5021
vn -0.5893 0.5528 0.5893
vn -0.5021 -0.7040 0.5021
vn -0.3958 -0.8286 0.3958
vn -0.6539 0.3805 0.6539
vn -0.2743 -0.9217 0.2743
vn -0.6937 0.1939 0.6937
vn -0.1421 -0.9796 0.1421
vn -0.7071 0.0000 0.7071
vn -0.1421 0.9796 0.1421
vn -0.6937 -0.1939 0.6937
vn -0.2743 0.9217 0.2743
vn -0.6539 -0.3805 0.6539
vn -0.3958 0.8286 0.3958
vn -0.5893 -0.5528 0.5893
vn -0.8314 0.0000 0.5556
vn -0.8157 -0.1939 0.5450
vn -0.1671 0.9796 0.1116
vn -0.3225 0.9217 0.2155
vn -0.7689 -0.3805 0.5137
vn -0.4654 0.8286 0.3110
vn -0.6929 -0.5528 0.4630
vn -0.5904 0.7040 0.3945
vn -0.5904 -0.7040 0.3945
vn -0.6929 0.5528 0.4630
vn -0.4654 -0.8286 0.3110
vn -0.7689 0.3805 0.5137
vn -0.3225 -0.9217 0.2155
vn -0.8157 0.1939 0.5450
vn -0.1671 -0.9796 0.1116
vn -0.6561 -0.7040 0.2717
vn -0.5171 -0.8286 0.2142
vn -0.7699 0.5528 0.3189
vn -0.8544 0.3805 0.3539
vn -0.3583 -0.9217 0.1484
vn -0.9063 0.1939 0.3754
vn -0.1856 -0.9796 0.0769
vn -0.9239 0.0000 0.3827
vn -0.1856 0.9796 0.0769
vn -0.9063 -0.1939 0.3754
vn -0.3583 0.9217 0.1484
vn -0.8544 -0.3805 0.3539
vn -0.5171 0.8286 0.2142
vn -0.7699 -0.5528 0.3189
vn -0.6561 0.7040 0.2717
vn -0.1971 0.9796 0.0392
vn -0.3804 0.9217 0.0757
vn -0.9622 -0.1939 0.1914
vn -0.9070 -0.3805 0.1804
vn -0.5490 0.8286 0.1092
vn -0.8173 -0.5528 0.1626
vn -0.6965 0.7040 0.1385
vn -0.6965 -0.7040 0.1385
vn -0.8173 0.5528 0.1626
vn -0.5490 -0.8286 0.1092
vn -0.9070 0.3805 0.1804
vn -0.3804 -0.9217 0.0757
vn -0.9622 0.1939 0.1914
vn -0.1971 -0.9796 0.0392
vn -0.9808 0.0000 0.1951
vn -0.8333 0.5528 0.0000
vn -0.9247 0.3805 0.0000
vn -0.5598 -0.8286 0.0000
vn -0.3879 -0.9217 0.0000
vn -0.9810 0.1939 0.0000
vn -0.2010 -0.9796 0.0000
vn -1.0000 0.0000 0.0000
vn -0.2010 0.9796 0.0000
vn -0.9810 -0.1939 0.0000
vn -0.3879 0.9217 0.0000
vn -0.9247 -0.3805 0.0000
vn -0.5598 0.8286 0.0000
vn -0.8333 -0.5528 0.0000
vn -0.7101 0.7040 0.0000
vn -0.7101 -0.7040 0.0000
vn -0.9622 -0.1939 -0.1914
vn -0.9070 -0.3805 -0.1804
vn -0.3804 0.9217 -0.0757
vn -0.5490 0.8286 -0.1092
vn -0.8173 -0.5528 -0.1626
vn -0.6965 0.7040 -0.1385
vn -0.6965 -0.7040 -0.1385
vn -0.8173 0.5528 -0.1626
vn -0.5490 -0.8286 -0.1092
vn -0.9070 0.3805 -0.1804
vn -0.3804 -0.9217 -0.0757
vn -0.9622 0.1939 -0.1914
vn -0.1971 -0.9796 -0.0392
vn -0.9808 0.0000 -0.1951
vn -0.1971 0.9796 -0.0392
vn -0.5171 -0.8286 -0.2142
vn -0.3583 -0.9217 -0.1484
vn -0.8544 0.3805 -0.3539
vn -0.9063 0.1939 -0.3754
vn -0.1856 -0.9796 -0.0769
vn -0.9239 0.0000 -0.3827
vn -0.1856 0.9796 -0.0769
vn -0.9063 -0.1939 -0.3754
vn -0.3583 0.9217 -0.1484
vn -0.8544 -0.3805 -0.3539
vn -0.5171 0.8286 -0.2142
vn -0.7699 -0.5528 -0.3189
vn -0.6561 0.7040 -0.2717
vn -0.6561 -0.7040 -0.2717
vn -0.7699 0.5528 -0.3189
vn -0.7689 -0.3805 -0.5137
vn -0.6929 -0.5528 -0.4630
vn -0.4654 0.8286 -0.3110
vn -0.5904 0.7040 -0.3945
vn -0.5904 -0.7040 -0.3945
vn -0.6929 0.5528 -0.4630
vn -0.4654 -0.8286 -0.3110
vn -0.7689 0.3805 -0.5137
vn -0.3225 -0.9217 -0.2155
vn -0.8157 0.1939 -0.5450
vn -0.1671 -0.9796 -0.1116
vn -0.8314 0.0000 -0.5556
vn -0.1671 0.9796 -0.1116
vn -0.8157 -0.1939 -0.5450
vn -0.3225 0.9217 -0.2155
vn -0.2743 -0.9217 -0.2743
vn -0.1421 -0.9796 -0.1421
vn -0.6937 0.1939 -0.6937
vn -0.7071 0.0000 -0.7071
vn -0.1421 0.9796 -0.1421
vn -0.6937 -0.1939 -0.6937
vn -0.2743 0.9217 -0.2743
vn -0.6539 -0.3805 -0.6539
vn -0.3958 0.8286 -0.3958
vn -0.5893 -0.5528 -0.5893
vn -0.5021 0.7040 -0.5021
vn -0.5021 -0.7040 -0.5021
vn -0.5893 0.5528 -0.5893
vn -0.3958 -0.8286 -0.3958
vn -0.6539 0.3805 -0.6539
vn -0.3110 0.8286 -0.4654
vn -0.3945 0.7040 -0.5904
vn -0.4630 -0.5528 -0.6929
vn -0.3945 -0.7040 -0.5904
vn -0.4630 0.5528 -0.6929
vn -0.3110 -0.8286 -0.4654
vn -0.5137 0.3805 -0.7689
vn -0.2155 -0.9217 -0.3225
vn -0.5450 0.1939 -0.8157
vn -0.1116 -0.9796 -0.1671
vn -0.5556 0.0000 -0.8314
vn -0.1116 0.9796 -0.1671
vn -0.5450 -0.1939 -0.8157
vn -0.2155 0.9217 -0.3225
vn -0.5137 -0.3805 -0.7689
vn -0.3754 0.1939 -0.9063
vn -0.3827 0.0000 -0.9239
vn -0.0769 0.9796 -0.1856
vn -0.0769 -0.9796 -0.1856
vn -0.3754 -0.1939 -0.9063
vn -0.1484 0.9217 -0.3583
vn -0.3539 -0.3805 -0.8544
vn -0.2142 0.8286 -0.5171
vn -0.3189 -0.5528 -0.7699
vn -0.2717 0.7040 -0.6561
vn -0.2717 -0.7040 -0.6561
vn -0.3189 0.5528 -0.7699
vn -0.2142 -0.8286 -0.5171
vn -0.3539 0.3805 -0.8544
vn -0.1484 -0.9217 -0.3583
vn -0.1626 -0.5528 -0.8173
vn -0.1385 -0.7040 -0.6965
vn -0.1385 0.7040 -0.6965
vn -0.1626 0.5528 -0.8173
vn -0.1092 -0.8286 -0.5490
vn -0.1804 0.3805 -0.9070
vn -0.0757 -0.9217 -0.3804
vn -0.1914 0.1939 -0.9622
vn -0.0392 -0.9796 -0.1971
vn -0.1951 0.0000 -0.9808
vn -0.0392 0.9796 -0.1971
vn -0.1914 -0.1939 -0.9622
vn -0.0757 0.9217 -0.3804
vn -0.1804 -0.3805 -0.9070
vn -0.1092 0.8286 -0.5490
g SHEET_METAL_Esfera.001_Material.003
usemtl Material.003
s 1
f 130/229/27 129/230/28 139/231/29 140/232/30
f 123/233/31 419/234/32 133/235/33
f 328/236/34 604/237/35 147/238/36
f 131/239/37 130/229/27 140/232/30 141/240/38
f 124/241/39 123/233/31 133/235/33 134/242/40
f 600/243/41 131/239/37 141/240/38 142/244/42
f 125/245/43 124/241/39 134/242/40 135/246/44
f 601/247/45 600/243/41 142/244/42 143/248/46
f 126/249/47 125/245/43 135/246/44 136/250/48
f 602/251/49 601/247/45 143/248/46 144/252/50
f 127/253/51 126/249/47 136/250/48 137/254/52
f 132/255/53 602/251/49 144/252/50 145/256/54
f 128/257/55 127/253/51 137/254/52 138/258/56
f 603/259/57 132/255/53 145/256/54 146/260/58
f 129/230/28 128/257/55 138/258/56 139/231/29
f 604/237/35 603/259/57 146/260/58 147/238/36
f 139/231/29 138/258/56 153/261/59 154/262/60
f 147/238/36 146/260/58 161/263/61 162/264/62
f 140/232/30 139/231/29 154/262/60 155/265/63
f 133/235/33 419/266/32 148/267/64
f 328/268/34 147/238/36 162/264/62
f 141/240/38 140/232/30 155/265/63 156/269/65
f 134/242/40 133/235/33 148/267/64 149/270/66
f 142/244/42 141/240/38 156/269/65 157/271/67
f 135/246/44 134/242/40 149/270/66 150/272/68
f 143/248/46 142/244/42 157/271/67 158/273/69
f 136/250/48 135/246/44 150/272/68 151/274/70
f 144/252/50 143/248/46 158/273/69 159/275/71
f 137/254/52 136/250/48 151/274/70 152/276/72
f 145/256/54 144/252/50 159/275/71 160/277/73
f 138/258/56 137/254/52 152/276/72 153/261/59
f 146/260/58 145/256/54 160/277/73 161/263/61
f 158/273/69 157/271/67 172/278/74 173/279/75
f 151/274/70 150/272/68 165/280/76 166/281/77
f 159/275/71 158/273/69 173/279/75 174/282/78
f 152/276/72 151/274/70 166/281/77 167/283/79
f 160/277/73 159/275/71 174/282/78 175/284/80
f 153/261/59 152/276/72 167/283/79 168/285/81
f 161/263/61 160/277/73 175/284/80 176/286/82
f 154/262/60 153/261/59 168/285/81 169/287/83
f 162/264/62 161/263/61 176/286/82 177/288/84
f 155/265/63 154/262/60 169/287/83 170/289/85
f 148/267/64 419/290/32 163/291/86
f 328/292/34 162/264/62 177/288/84
f 156/269/65 155/265/63 170/289/85 171/293/87
f 149/270/66 148/267/64 163/291/86 164/294/88
f 157/271/67 156/269/65 171/293/87 172/278/74
f 150/272/68 149/270/66 164/294/88 165/280/76
f 177/288/84 176/286/82 191/295/89 192/296/90
f 170/289/85 169/287/83 184/297/91 185/298/92
f 163/291/86 419/299/32 178/300/93
f 328/301/34 177/288/84 192/296/90
f 171/293/87 170/289/85 185/298/92 186/302/94
f 164/294/88 163/291/86 178/300/93 179/303/95
f 172/278/74 171/293/87 186/302/94 187/304/96
f 165/280/76 164/294/88 179/303/95 180/305/97
f 173/279/75 172/278/74 187/304/96 188/306/98
f 166/281/77 165/280/76 180/305/97 181/307/99
f 174/282/78 173/279/75 188/306/98 189/308/100
f 167/283/79 166/281/77 181/307/99 182/309/101
f 175/284/80 174/282/78 189/308/100 190/310/102
f 168/285/81 167/283/79 182/309/101 183/311/103
f 176/286/82 175/284/80 190/310/102 191/295/89
f 169/287/83 168/285/81 183/311/103 184/297/91
f 181/307/99 180/305/97 195/312/104 196/313/105
f 189/308/100 188/306/98 203/314/106 204/315/107
f 182/309/101 181/307/99 196/313/105 197/316/108
f 190/310/102 189/308/100 204/315/107 205/317/109
f 183/311/103 182/309/101 197/316/108 198/318/110
f 191/295/89 190/310/102 205/317/109 206/319/111
f 184/297/91 183/311/103 198/318/110 199/320/112
f 192/296/90 191/295/89 206/319/111 207/321/113
f 185/298/92 184/297/91 199/320/112 200/322/114
f 178/300/93 419/323/32 193/324/115
f 328/325/34 192/296/90 207/321/113
f 186/302/94 185/298/92 200/322/114 201/326/116
f 179/303/95 178/300/93 193/324/115 194/327/117
f 187/304/96 186/302/94 201/326/116 202/328/118
f 180/305/97 179/303/95 194/327/117 195/312/104
f 188/306/98 187/304/96 202/328/118 203/314/106
f 200/322/114 199/320/112 214/329/119 215/330/120
f 193/324/115 419/331/32 208/332/121
f 328/333/34 207/321/113 222/334/122
f 201/326/116 200/322/114 215/330/120 216/335/123
f 194/327/117 193/324/115 208/332/121 209/336/124
f 202/328/118 201/326/116 216/335/123 217/337/125
f 195/312/104 194/327/117 209/336/124 210/338/126
f 203/314/106 202/328/118 217/337/125 218/339/127
f 196/313/105 195/312/104 210/338/126 211/340/128
f 204/315/107 203/314/106 218/339/127 219/341/129
f 197/316/108 196/313/105 211/340/128 212/342/130
f 205/317/109 204/315/107 219/341/129 220/343/131
f 198/318/110 197/316/108 212/342/130 213/344/132
f 206/319/111 205/317/109 220/343/131 221/345/133
f 199/320/112 198/318/110 213/344/132 214/329/119
f 207/321/113 206/319/111 221/345/133 222/334/122
f 219/341/129 218/339/127 233/346/134 234/347/135
f 212/342/130 211/340/128 226/348/136 227/349/137
f 220/343/131 219/341/129 234/347/135 235/350/138
f 213/344/132 212/342/130 227/349/137 228/351/139
f 221/345/133 220/343/131 235/350/138 236/352/140
f 214/329/119 213/344/132 228/351/139 229/353/141
f 222/334/122 221/345/133 236/352/140 237/354/142
f 215/330/120 214/329/119 229/353/141 230/355/143
f 208/332/121 419/356/32 223/357/144
f 328/358/34 222/334/122 237/354/142
f 216/335/123 215/330/120 230/355/143 231/359/145
f 209/336/124 208/332/121 223/357/144 224/360/146
f 217/337/125 216/335/123 231/359/145 232/361/147
f 210/338/126 209/336/124 224/360/146 225/362/148
f 218/339/127 217/337/125 232/361/147 233/346/134
f 211/340/128 210/338/126 225/362/148 226/348/136
f 328/363/34 237/354/142 252/364/149
f 231/359/145 230/355/143 245/365/150 246/366/151
f 224/360/146 223/357/144 238/367/152 239/368/153
f 232/361/147 231/359/145 246/366/151 247/369/154
f 225/362/148 224/360/146 239/368/153 240/370/155
f 233/346/134 232/361/147 247/369/154 248/371/156
f 226/348/136 225/362/148 240/370/155 241/372/157
f 234/347/135 233/346/134 248/371/156 249/373/158
f 227/349/137 226/348/136 241/372/157 242/374/159
f 235/350/138 234/347/135 249/373/158 250/375/160
f 228/351/139 227/349/137 242/374/159 243/376/161
f 236/352/140 235/350/138 250/375/160 251/377/162
f 229/353/141 228/351/139 243/376/161 244/378/163
f 237/354/142 236/352/140 251/377/162 252/364/149
f 230/355/143 229/353/141 244/378/163 245/365/150
f 223/357/144 419/379/32 238/367/152
f 250/375/160 249/373/158 264/380/164 265/381/165
f 243/376/161 242/374/159 257/382/166 258/383/167
f 251/377/162 250/375/160 265/381/165 266/384/168
f 244/378/163 243/376/161 258/383/167 259/385/169
f 252/364/149 251/377/162 266/384/168 267/386/170
f 245/365/150 244/378/163 259/385/169 260/387/171
f 238/367/152 419/388/32 253/389/172
f 328/390/34 252/364/149 267/386/170
f 246/366/151 245/365/150 260/387/171 261/391/173
f 239/368/153 238/367/152 253/389/172 254/392/174
f 247/369/154 246/366/151 261/391/173 262/393/175
f 240/370/155 239/368/153 254/392/174 255/394/176
f 248/371/156 247/369/154 262/393/175 263/395/177
f 241/372/157 240/370/155 255/394/176 256/396/178
f 249/373/158 248/371/156 263/395/177 264/380/164
f 242/374/159 241/372/157 256/396/178 257/382/166
f 254/392/174 253/389/172 268/397/179 269/398/180
f 262/393/175 261/391/173 276/399/181 277/400/182
f 255/394/176 254/392/174 269/398/180 270/401/183
f 263/395/177 262/393/175 277/400/182 278/402/184
f 256/396/178 255/394/176 270/401/183 271/403/185
f 264/380/164 263/395/177 278/402/184 279/404/186
f 257/382/166 256/396/178 271/403/185 272/405/187
f 265/381/165 264/380/164 279/404/186 280/406/188
f 258/383/167 257/382/166 272/405/187 273/407/189
f 266/384/168 265/381/165 280/406/188 281/408/190
f 259/385/169 258/383/167 273/407/189 274/409/191
f 267/386/170 266/384/168 281/408/190 282/410/192
f 260/387/171 259/385/169 274/409/191 275/411/193
f 253/389/172 419/412/32 268/397/179
f 328/413/34 267/386/170 282/410/192
f 261/391/173 260/387/171 275/411/193 276/399/181
f 273/407/189 272/405/187 287/414/194 288/415/195
f 281/408/190 280/406/188 295/416/196 296/417/197
f 274/409/191 273/407/189 288/415/195 289/418/198
f 282/410/192 281/408/190 296/417/197 297/419/199
f 275/411/193 274/409/191 289/418/198 290/420/200
f 268/397/179 419/421/32 283/422/201
f 328/423/34 282/410/192 297/419/199
f 276/399/181 275/411/193 290/420/200 291/424/202
f 269/398/180 268/397/179 283/422/201 284/425/203
f 277/400/182 276/399/181 291/424/202 292/426/204
f 270/401/183 269/398/180 284/425/203 285/427/205
f 278/402/184 277/400/182 292/426/204 293/428/206
f 271/403/185 270/401/183 285/427/205 286/429/207
f 279/404/186 278/402/184 293/428/206 294/430/208
f 272/405/187 271/403/185 286/429/207 287/414/194
f 280/406/188 279/404/186 294/430/208 295/416/196
f 292/426/204 291/424/202 306/431/209 307/432/210
f 285/427/205 284/425/203 299/433/211 300/434/212
f 293/428/206 292/426/204 307/432/210 308/435/213
f 286/429/207 285/427/205 300/434/212 301/436/214
f 294/430/208 293/428/206 308/435/213 309/437/215
f 287/414/194 286/429/207 301/436/214 302/438/216
f 295/416/196 294/430/208 309/437/215 310/439/217
f 288/415/195 287/414/194 302/438/216 303/440/218
f 296/417/197 295/416/196 310/439/217 311/441/219
f 289/418/198 288/415/195 303/440/218 304/442/220
f 297/419/199 296/417/197 311/441/219 312/443/221
f 290/420/200 289/418/198 304/442/220 305/444/222
f 283/422/201 419/445/32 298/446/223
f 328/447/34 297/419/199 312/443/221
f 291/424/202 290/420/200 305/444/222 306/431/209
f 284/425/203 283/422/201 298/446/223 299/433/211
f 311/441/219 310/439/217 325/448/224 326/449/225
f 304/442/220 303/440/218 318/450/226 319/451/227
f 312/443/221 311/441/219 326/449/225 327/452/228
f 305/444/222 304/442/220 319/451/227 320/453/229
f 298/446/223 419/454/32 313/455/230
f 328/456/34 312/443/221 327/452/228
f 306/431/209 305/444/222 320/453/229 321/457/231
f 299/433/211 298/446/223 313/455/230 314/458/232
f 307/432/210 306/431/209 321/457/231 322/459/233
f 300/434/212 299/433/211 314/458/232 315/460/234
f 308/435/213 307/432/210 322/459/233 323/461/235
f 301/436/214 300/434/212 315/460/234 316/462/236
f 309/437/215 308/435/213 323/461/235 324/463/237
f 302/438/216 301/436/214 316/462/236 317/464/238
f 310/439/217 309/437/215 324/463/237 325/448/224
f 303/440/218 302/438/216 317/464/238 318/450/226
f 315/460/234 314/458/232 330/465/239 331/466/240
f 323/461/235 322/459/233 338/467/241 339/468/242
f 316/462/236 315/460/234 331/466/240 332/469/243
f 324/463/237 323/461/235 339/468/242 340/470/244
f 317/464/238 316/462/236 332/469/243 333/471/245
f 325/448/224 324/463/237 340/470/244 341/472/246
f 318/450/226 317/464/238 333/471/245 334/473/247
f 326/449/225 325/448/224 341/472/246 342/474/248
f 319/451/227 318/450/226 334/473/247 335/475/249
f 327/452/228 326/449/225 342/474/248 343/476/250
f 320/453/229 319/451/227 335/475/249 336/477/251
f 313/455/230 419/478/32 329/479/252
f 328/480/34 327/452/228 343/476/250
f 321/457/231 320/453/229 336/477/251 337/481/253
f 314/458/232 313/455/230 329/479/252 330/465/239
f 322/459/233 321/457/231 337/481/253 338/467/241
f 335/475/249 334/473/247 349/482/254 350/483/255
f 343/476/250 342/474/248 357/484/256 358/485/257
f 336/477/251 335/475/249 350/483/255 351/486/258
f 329/479/252 419/487/32 344/488/259
f 328/489/34 343/476/250 358/485/257
f 337/481/253 336/477/251 351/486/258 352/490/260
f 330/465/239 329/479/252 344/488/259 345/491/261
f 338/467/241 337/481/253 352/490/260 353/492/262
f 331/466/240 330/465/239 345/491/261 346/493/263
f 339/468/242 338/467/241 353/492/262 354/494/264
f 332/469/243 331/466/240 346/493/263 347/495/265
f 340/470/244 339/468/242 354/494/264 355/496/266
f 333/471/245 332/469/243 347/495/265 348/497/267
f 341/472/246 340/470/244 355/496/266 356/498/268
f 334/473/247 333/471/245 348/497/267 349/482/254
f 342/474/248 341/472/246 356/498/268 357/484/256
f 354/494/264 353/492/262 368/499/269 369/500/270
f 347/495/265 346/493/263 361/501/271 362/502/272
f 355/496/266 354/494/264 369/500/270 370/503/273
f 348/497/267 347/495/265 362/502/272 363/504/274
f 356/498/268 355/496/266 370/503/273 371/505/275
f 349/482/254 348/497/267 363/504/274 364/506/276
f 357/484/256 356/498/268 371/505/275 372/507/277
f 350/483/255 349/482/254 364/506/276 365/508/278
f 358/485/257 357/484/256 372/507/277 373/509/279
f 351/486/258 350/483/255 365/508/278 366/510/280
f 344/488/259 419/511/32 359/512/281
f 328/513/34 358/485/257 373/509/279
f 352/490/260 351/486/258 366/510/280 367/514/282
f 345/491/261 344/488/259 359/512/281 360/515/283
f 353/492/262 352/490/260 367/514/282 368/499/269
f 346/493/263 345/491/261 360/515/283 361/501/271
f 373/509/279 372/507/277 387/516/284 388/517/285
f 366/510/280 365/508/278 380/518/286 381/519/287
f 359/512/281 419/520/32 374/521/288
f 328/522/34 373/509/279 388/517/285
f 367/514/282 366/510/280 381/519/287 382/523/289
f 360/515/283 359/512/281 374/521/288 375/524/290
f 368/499/269 367/514/282 382/523/289 383/525/291
f 361/501/271 360/515/283 375/524/290 376/526/292
f 369/500/270 368/499/269 383/525/291 384/527/293
f 362/502/272 361/501/271 376/526/292 377/528/294
f 370/503/273 369/500/270 384/527/293 385/529/295
f 363/504/274 362/502/272 377/528/294 378/530/296
f 371/505/275 370/503/273 385/529/295 386/531/297
f 364/506/276 363/504/274 378/530/296 379/532/298
f 372/507/277 371/505/275 386/531/297 387/516/284
f 365/508/278 364/506/276 379/532/298 380/518/286
f 385/529/295 384/527/293 399/533/299 400/534/300
f 378/530/296 377/528/294 392/535/301 393/536/302
f 386/531/297 385/529/295 400/534/300 401/537/303
f 379/532/298 378/530/296 393/536/302 394/538/304
f 387/516/284 386/531/297 401/537/303 402/539/305
f 380/518/286 379/532/298 394/538/304 395/540/306
f 388/517/285 387/516/284 402/539/305 403/541/307
f 381/519/287 380/518/286 395/540/306 396/542/308
f 374/521/288 419/543/32 389/544/309
f 328/545/34 388/517/285 403/541/307
f 382/523/289 381/519/287 396/542/308 397/546/310
f 375/524/290 374/521/288 389/544/309 390/547/311
f 383/525/291 382/523/289 397/546/310 398/548/312
f 376/526/292 375/524/290 390/547/311 391/549/313
f 384/527/293 383/525/291 398/548/312 399/533/299
f 377/528/294 376/526/292 391/549/313 392/535/301
f 389/544/309 419/550/32 404/551/314
f 328/552/34 403/541/307 418/553/315
f 397/546/310 396/542/308 411/554/316 412/555/317
f 390/547/311 389/544/309 404/551/314 405/556/318
f 398/548/312 397/546/310 412/555/317 413/557/319
f 391/549/313 390/547/311 405/556/318 406/558/320
f 399/533/299 398/548/312 413/557/319 414/559/321
f 392/535/301 391/549/313 406/558/320 407/560/322
f 400/534/300 399/533/299 414/559/321 415/561/323
f 393/536/302 392/535/301 407/560/322 408/562/324
f 401/537/303 400/534/300 415/561/323 416/563/325
f 394/538/304 393/536/302 408/562/324 409/564/326
f 402/539/305 401/537/303 416/563/325 417/565/327
f 395/540/306 394/538/304 409/564/326 410/566/328
f 403/541/307 402/539/305 417/565/327 418/553/315
f 396/542/308 395/540/306 410/566/328 411/554/316
f 408/562/324 407/560/322 423/567/329 424/568/330
f 416/563/325 415/561/323 431/569/331 432/570/332
f 409/564/326 408/562/324 424/568/330 425/571/333
f 417/565/327 416/563/325 432/570/332 433/572/334
f 410/566/328 409/564/326 425/571/333 426/573/335
f 418/553/315 417/565/327 433/572/334 434/574/336
f 411/554/316 410/566/328 426/573/335 427/575/337
f 404/551/314 419/576/32 420/577/338
f 328/578/34 418/553/315 434/574/336
f 412/555/317 411/554/316 427/575/337 428/579/339
f 405/556/318 404/551/314 420/577/338 421/580/340
f 413/557/319 412/555/317 428/579/339 429/581/341
f 406/558/320 405/556/318 421/580/340 422/582/342
f 414/559/321 413/557/319 429/581/341 430/583/343
f 407/560/322 406/558/320 422/582/342 423/567/329
f 415/561/323 414/559/321 430/583/343 431/569/331
f 428/579/339 427/575/337 442/584/344 443/585/345
f 421/580/340 420/577/338 435/586/346 436/587/347
f 429/581/341 428/579/339 443/585/345 444/588/348
f 422/582/342 421/580/340 436/587/347 437/589/349
f 430/583/343 429/581/341 444/588/348 445/590/350
f 423/567/329 422/582/342 437/589/349 438/591/351
f 431/569/331 430/583/343 445/590/350 446/592/352
f 424/568/330 423/567/329 438/591/351 439/593/353
f 432/570/332 431/569/331 446/592/352 447/594/354
f 425/571/333 424/568/330 439/593/353 440/595/355
f 433/572/334 432/570/332 447/594/354 448/596/356
f 426/573/335 425/571/333 440/595/355 441/597/357
f 434/574/336 433/572/334 448/596/356 449/598/358
f 427/575/337 426/573/335 441/597/357 442/584/344
f 420/577/338 419/599/32 435/586/346
f 328/600/34 434/574/336 449/598/358
f 447/594/354 446/592/352 461/601/359 462/602/360
f 440/595/355 439/593/353 454/603/361 455/604/362
f 448/596/356 447/594/354 462/602/360 463/605/363
f 441/597/357 440/595/355 455/604/362 456/606/364
f 449/598/358 448/596/356 463/605/363 464/607/365
f 442/584/344 441/597/357 456/606/364 457/608/366
f 435/586/346 419/609/32 450/610/367
f 328/611/34 449/598/358 464/607/365
f 443/585/345 442/584/344 457/608/366 458/612/368
f 436/587/347 435/586/346 450/610/367 451/613/369
f 444/588/348 443/585/345 458/612/368 459/614/370
f 437/589/349 436/587/347 451/613/369 452/615/371
f 445/590/350 444/588/348 459/614/370 460/616/372
f 438/591/351 437/589/349 452/615/371 453/617/373
f 446/592/352 445/590/350 460/616/372 461/601/359
f 439/593/353 438/591/351 453/617/373 454/603/361
f 451/613/369 450/610/367 465/618/374 466/619/375
f 459/614/370 458/612/368 473/620/376 474/621/377
f 452/615/371 451/613/369 466/619/375 467/622/378
f 460/616/372 459/614/370 474/621/377 475/623/379
f 453/617/373 452/615/371 467/622/378 468/624/380
f 461/601/359 460/616/372 475/623/379 476/625/381
f 454/603/361 453/617/373 468/624/380 469/626/382
f 462/602/360 461/601/359 476/625/381 477/627/383
f 455/604/362 454/603/361 469/626/382 470/628/384
f 463/605/363 462/602/360 477/627/383 478/629/385
f 456/606/364 455/604/362 470/628/384 471/630/386
f 464/607/365 463/605/363 478/629/385 479/631/387
f 457/608/366 456/606/364 471/630/386 472/632/388
f 450/610/367 419/633/32 465/618/374
f 328/634/34 464/607/365 479/631/387
f 458/612/368 457/608/366 472/632/388 473/620/376
f 470/628/384 469/626/382 484/635/389 485/636/390
f 478/629/385 477/627/383 492/637/391 493/638/392
f 471/630/386 470/628/384 485/636/390 486/639/393
f 479/631/387 478/629/385 493/638/392 494/640/394
f 472/632/388 471/630/386 486/639/393 487/641/395
f 465/618/374 419/642/32 480/643/396
f 328/644/34 479/631/387 494/640/394
f 473/620/376 472/632/388 487/641/395 488/645/397
f 466/619/375 465/618/374 480/643/396 481/646/398
f 474/621/377 473/620/376 488/645/397 489/647/399
f 467/622/378 466/619/375 481/646/398 482/648/400
f 475/623/379 474/621/377 489/647/399 490/649/401
f 468/624/380 467/622/378 482/648/400 483/650/402
f 476/625/381 475/623/379 490/649/401 491/651/403
f 469/626/382 468/624/380 483/650/402 484/635/389
f 477/627/383 476/625/381 491/651/403 492/637/391
f 489/652/399 488/653/397 503/654/404 504/655/405
f 482/656/400 481/657/398 496/658/406 497/659/407
f 490/660/401 489/652/399 504/655/405 505/661/408
f 483/662/402 482/656/400 497/659/407 498/663/409
f 491/664/403 490/660/401 505/661/408 506/665/410
f 484/666/389 483/662/402 498/663/409 499/667/411
f 492/668/391 491/664/403 506/665/410 507/669/412
f 485/670/390 484/666/389 499/667/411 500/671/413
f 493/672/392 492/668/391 507/669/412 508/673/414
f 486/674/393 485/670/390 500/671/413 501/675/415
f 494/676/394 493/672/392 508/673/414 509/677/416
f 487/678/395 486/674/393 501/675/415 502/679/417
f 480/680/396 419/681/32 495/682/418
f 328/683/34 494/676/394 509/677/416
f 488/653/397 487/678/395 502/679/417 503/654/404
f 481/657/398 480/680/396 495/682/418 496/658/406
f 508/673/414 507/669/412 522/684/419 523/685/420
f 501/675/415 500/671/413 515/686/421 516/687/422
f 509/677/416 508/673/414 523/685/420 524/688/423
f 502/679/417 501/675/415 516/687/422 517/689/424
f 495/682/418 419/690/32 510/691/425
f 328/692/34 509/677/416 524/688/423
f 503/654/404 502/679/417 517/689/424 518/693/426
f 496/658/406 495/682/418 510/691/425 511/694/427
f 504/655/405 503/654/404 518/693/426 519/695/428
f 497/659/407 496/658/406 511/694/427 512/696/429
f 505/661/408 504/655/405 519/695/428 520/697/430
f 498/663/409 497/659/407 512/696/429 513/698/431
f 506/665/410 505/661/408 520/697/430 521/699/432
f 499/667/411 498/663/409 513/698/431 514/700/433
f 507/669/412 506/665/410 521/699/432 522/684/419
f 500/671/413 499/667/411 514/700/433 515/686/421
f 520/697/430 519/695/428 534/701/434 535/702/435
f 513/698/431 512/696/429 527/703/436 528/704/437
f 521/699/432 520/697/430 535/702/435 536/705/438
f 514/700/433 513/698/431 528/704/437 529/706/439
f 522/684/419 521/699/432 536/705/438 537/707/440
f 515/686/421 514/700/433 529/706/439 530/708/441
f 523/685/420 522/684/419 537/707/440 538/709/442
f 516/687/422 515/686/421 530/708/441 531/710/443
f 524/688/423 523/685/420 538/709/442 539/711/444
f 517/689/424 516/687/422 531/710/443 532/712/445
f 510/691/425 419/713/32 525/714/446
f 328/715/34 524/688/423 539/711/444
f 518/693/426 517/689/424 532/712/445 533/716/447
f 511/694/427 510/691/425 525/714/446 526/717/448
f 519/695/428 518/693/426 533/716/447 534/701/434
f 512/696/429 511/694/427 526/717/448 527/703/436
f 539/711/444 538/709/442 553/718/449 554/719/450
f 532/712/445 531/710/443 546/720/451 547/721/452
f 525/714/446 419/722/32 540/723/453
f 328/724/34 539/711/444 554/719/450
f 533/716/447 532/712/445 547/721/452 548/725/454
f 526/717/448 525/714/446 540/723/453 541/726/455
f 534/701/434 533/716/447 548/725/454 549/727/456
f 527/703/436 526/717/448 541/726/455 542/728/457
f 535/702/435 534/701/434 549/727/456 550/729/458
f 528/704/437 527/703/436 542/728/457 543/730/459
f 536/705/438 535/702/435 550/729/458 551/731/460
f 529/706/439 528/704/437 543/730/459 544/732/461
f 537/707/440 536/705/438 551/731/460 552/733/462
f 530/708/441 529/706/439 544/732/461 545/734/463
f 538/709/442 537/707/440 552/733/462 553/718/449
f 531/710/443 530/708/441 545/734/463 546/720/451
f 543/730/459 542/728/457 557/735/464 558/736/465
f 551/731/460 550/729/458 565/737/466 566/738/467
f 544/732/461 543/730/459 558/736/465 559/739/468
f 552/733/462 551/731/460 566/738/467 567/740/469
f 545/734/463 544/732/461 559/739/468 560/741/470
f 553/718/449 552/733/462 567/740/469 568/742/471
f 546/720/451 545/734/463 560/741/470 561/743/472
f 554/719/450 553/718/449 568/742/471 569/744/473
f 547/721/452 546/720/451 561/743/472 562/745/474
f 540/723/453 419/746/32 555/747/475
f 328/748/34 554/719/450 569/744/473
f 548/725/454 547/721/452 562/745/474 563/749/476
f 541/726/455 540/723/453 555/747/475 556/750/477
f 549/727/456 548/725/454 563/749/476 564/751/478
f 542/728/457 541/726/455 556/750/477 557/735/464
f 550/729/458 549/727/456 564/751/478 565/737/466
f 562/745/474 561/743/472 576/752/479 577/753/480
f 555/747/475 419/754/32 570/755/481
f 328/756/34 569/744/473 584/757/482
f 563/749/476 562/745/474 577/753/480 578/758/483
f 556/750/477 555/747/475 570/755/481 571/759/484
f 564/751/478 563/749/476 578/758/483 579/760/485
f 557/735/464 556/750/477 571/759/484 572/761/486
f 565/737/466 564/751/478 579/760/485 580/762/487
f 558/736/465 557/735/464 572/761/486 573/763/488
f 566/738/467 565/737/466 580/762/487 581/764/489
f 559/739/468 558/736/465 573/763/488 574/765/490
f 567/740/469 566/738/467 581/764/489 582/766/491
f 560/741/470 559/739/468 574/765/490 575/767/492
f 568/742/471 567/740/469 582/766/491 583/768/493
f 561/743/472 560/741/470 575/767/492 576/752/479
f 569/744/473 568/742/471 583/768/493 584/757/482
f 581/764/489 580/762/487 595/769/494 596/770/495
f 574/765/490 573/763/488 588/771/496 589/772/497
f 582/766/491 581/764/489 596/770/495 597/773/498
f 575/767/492 574/765/490 589/772/497 590/774/499
f 583/768/493 582/766/491 597/773/498 598/775/500
f 576/752/479 575/767/492 590/774/499 591/776/501
f 584/757/482 583/768/493 598/775/500 599/777/502
f 577/753/480 576/752/479 591/776/501 592/778/503
f 570/755/481 419/779/32 585/780/504
f 328/781/34 584/757/482 599/777/502
f 578/758/483 577/753/480 592/778/503 593/782/505
f 571/759/484 570/755/481 585/780/504 586/783/506
f 579/760/485 578/758/483 593/782/505 594/784/507
f 572/761/486 571/759/484 586/783/506 587/785/508
f 580/762/487 579/760/485 594/784/507 595/769/494
f 573/763/488 572/761/486 587/785/508 588/771/496
f 585/780/504 419/786/32 123/233/31
f 328/787/34 599/777/502 604/237/35
f 593/782/505 592/778/503 130/229/27 131/239/37
f 586/783/506 585/780/504 123/233/31 124/241/39
f 594/784/507 593/782/505 131/239/37 600/243/41
f 587/785/508 586/783/506 124/241/39 125/245/43
f 595/769/494 594/784/507 600/243/41 601/247/45
f 588/771/496 587/785/508 125/245/43 126/249/47
f 596/770/495 595/769/494 601/247/45 602/251/49
f 589/772/497 588/771/496 126/249/47 127/253/51
f 597/773/498 596/770/495 602/251/49 132/255/53
f 590/774/499 589/772/497 127/253/51 128/257/55
f 598/775/500 597/773/498 132/255/53 603/259/57
f 591/776/501 590/774/499 128/257/55 129/230/28
f 599/777/502 598/775/500 603/259/57 604/237/35
f 592/778/503 591/776/501 129/230/28 130/229/27
g SHEET_METAL_Esfera.001_Material.002
usemtl Material.002
f 612/788/27 611/789/28 621/790/29 622/791/30
f 605/792/31 901/793/32 615/794/33
f 810/795/34 1086/796/35 629/797/36
f 613/798/37 612/788/27 622/791/30 623/799/38
f 606/800/39 605/792/31 615/794/33 616/801/40
f 1082/802/41 613/798/37 623/799/38 624/803/42
f 607/804/43 606/800/39 616/801/40 617/805/44
f 1083/806/45 1082/802/41 624/803/42 625/807/46
f 608/808/47 607/804/43 617/805/44 618/809/48
f 1084/810/49 1083/806/45 625/807/46 626/811/50
f 609/812/51 608/808/47 618/809/48 619/813/52
f 614/814/53 1084/810/49 626/811/50 627/815/54
f 610/816/55 609/812/51 619/813/52 620/817/56
f 1085/818/57 614/814/53 627/815/54 628/819/58
f 611/789/28 610/816/55 620/817/56 621/790/29
f 1086/796/35 1085/818/57 628/819/58 629/797/36
f 621/790/29 620/817/56 635/820/59 636/821/60
f 629/797/36 628/819/58 643/822/61 644/823/62
f 622/791/30 621/790/29 636/821/60 637/824/63
f 615/794/33 901/825/32 630/826/64
f 810/827/34 629/797/36 644/823/62
f 623/799/38 622/791/30 637/824/63 638/828/65
f 616/801/40 615/794/33 630/826/64 631/829/66
f 624/803/42 623/799/38 638/828/65 639/830/67
f 617/805/44 616/801/40 631/829/66 632/831/68
f 625/807/46 624/803/42 639/830/67 640/832/69
f 618/809/48 617/805/44 632/831/68 633/833/70
f 626/811/50 625/807/46 640/832/69 641/834/71
f 619/813/52 618/809/48 633/833/70 634/835/72
f 627/815/54 626/811/50 641/834/71 642/836/73
f 620/817/56 619/813/52 634/835/72 635/820/59
f 628/819/58 627/815/54 642/836/73 643/822/61
f 640/832/69 639/830/67 654/837/74 655/838/75
f 633/833/70 632/831/68 647/839/76 648/840/77
f 641/834/71 640/832/69 655/838/75 656/841/78
f 634/835/72 633/833/70 648/840/77 649/842/79
f 642/836/73 641/834/71 656/841/78 657/843/80
f 635/820/59 634/835/72 649/842/79 650/844/81
f 643/822/61 642/836/73 657/843/80 658/845/82
f 636/821/60 635/820/59 650/844/81 651/846/83
f 644/823/62 643/822/61 658/845/82 659/847/84
f 637/824/63 636/821/60 651/846/83 652/848/85
f 630/826/64 901/849/32 645/850/86
f 810/851/34 644/823/62 659/847/84
f 638/828/65 637/824/63 652/848/85 653/852/87
f 631/829/66 630/826/64 645/850/86 646/853/88
f 639/830/67 638/828/65 653/852/87 654/837/74
f 632/831/68 631/829/66 646/853/88 647/839/76
f 659/847/84 658/845/82 673/854/89 674/855/90
f 652/848/85 651/846/83 666/856/91 667/857/92
f 645/850/86 901/858/32 660/859/93
f 810/860/34 659/847/84 674/855/90
f 653/852/87 652/848/85 667/857/92 668/861/94
f 646/853/88 645/850/86 660/859/93 661/862/95
f 654/837/74 653/852/87 668/861/94 669/863/96
f 647/839/76 646/853/88 661/862/95 662/864/97
f 655/838/75 654/837/74 669/863/96 670/865/98
f 648/840/77 647/839/76 662/864/97 663/866/99
f 656/841/78 655/838/75 670/865/98 671/867/100
f 649/842/79 648/840/77 663/866/99 664/868/101
f 657/843/80 656/841/78 671/867/100 672/869/102
f 650/844/81 649/842/79 664/868/101 665/870/103
f 658/845/82 657/843/80 672/869/102 673/854/89
f 651/846/83 650/844/81 665/870/103 666/856/91
f 663/866/99 662/864/97 677/871/104 678/872/105
f 671/867/100 670/865/98 685/873/106 686/874/107
f 664/868/101 663/866/99 678/872/105 679/875/108
f 672/869/102 671/867/100 686/874/107 687/876/109
f 665/870/103 664/868/101 679/875/108 680/877/110
f 673/854/89 672/869/102 687/876/109 688/878/111
f 666/856/91 665/870/103 680/877/110 681/879/112
f 674/855/90 673/854/89 688/878/111 689/880/113
f 667/857/92 666/856/91 681/879/112 682/881/114
f 660/859/93 901/882/32 675/883/115
f 810/884/34 674/855/90 689/880/113
f 668/861/94 667/857/92 682/881/114 683/885/116
f 661/862/95 660/859/93 675/883/115 676/886/117
f 669/863/96 668/861/94 683/885/116 684/887/118
f 662/864/97 661/862/95 676/886/117 677/871/104
f 670/865/98 669/863/96 684/887/118 685/873/106
f 682/881/114 681/879/112 696/888/119 697/889/120
f 675/883/115 901/890/32 690/891/121
f 810/892/34 689/880/113 704/893/122
f 683/885/116 682/881/114 697/889/120 698/894/123
f 676/886/117 675/883/115 690/891/121 691/895/124
f 684/887/118 683/885/116 698/894/123 699/896/125
f 677/871/104 676/886/117 691/895/124 692/897/126
f 685/873/106 684/887/118 699/896/125 700/898/127
f 678/872/105 677/871/104 692/897/126 693/899/128
f 686/874/107 685/873/106 700/898/127 701/900/129
f 679/875/108 678/872/105 693/899/128 694/901/130
f 687/876/109 686/874/107 701/900/129 702/902/131
f 680/877/110 679/875/108 694/901/130 695/903/132
f 688/878/111 687/876/109 702/902/131 703/904/133
f 681/879/112 680/877/110 695/903/132 696/888/119
f 689/880/113 688/878/111 703/904/133 704/893/122
f 701/900/129 700/898/127 715/905/134 716/906/135
f 694/901/130 693/899/128 708/907/136 709/908/137
f 702/902/131 701/900/129 716/906/135 717/909/138
f 695/903/132 694/901/130 709/908/137 710/910/139
f 703/904/133 702/902/131 717/909/138 718/911/140
f 696/888/119 695/903/132 710/910/139 711/912/141
f 704/893/122 703/904/133 718/911/140 719/913/142
f 697/889/120 696/888/119 711/912/141 712/914/143
f 690/891/121 901/915/32 705/916/144
f 810/917/34 704/893/122 719/913/142
f 698/894/123 697/889/120 712/914/143 713/918/145
f 691/895/124 690/891/121 705/916/144 706/919/146
f 699/896/125 698/894/123 713/918/145 714/920/147
f 692/897/126 691/895/124 706/919/146 707/921/148
f 700/898/127 699/896/125 714/920/147 715/905/134
f 693/899/128 692/897/126 707/921/148 708/907/136
f 810/922/34 719/913/142 734/923/149
f 713/918/145 712/914/143 727/924/150 728/925/151
f 706/919/146 705/916/144 720/926/152 721/927/153
f 714/920/147 713/918/145 728/925/151 729/928/154
f 707/921/148 706/919/146 721/927/153 722/929/155
f 715/905/134 714/920/147 729/928/154 730/930/156
f 708/907/136 707/921/148 722/929/155 723/931/157
f 716/906/135 715/905/134 730/930/156 731/932/158
f 709/908/137 708/907/136 723/931/157 724/933/159
f 717/909/138 716/906/135 731/932/158 732/934/160
f 710/910/139 709/908/137 724/933/159 725/935/161
f 718/911/140 717/909/138 732/934/160 733/936/162
f 711/912/141 710/910/139 725/935/161 726/937/163
f 719/913/142 718/911/140 733/936/162 734/923/149
f 712/914/143 711/912/141 726/937/163 727/924/150
f 705/916/144 901/938/32 720/926/152
f 732/934/160 731/932/158 746/939/164 747/940/165
f 725/935/161 724/933/159 739/941/166 740/942/167
f 733/936/162 732/934/160 747/940/165 748/943/168
f 726/937/163 725/935/161 740/942/167 741/944/169
f 734/923/149 733/936/162 748/943/168 749/945/170
f 727/924/150 726/937/163 741/944/169 742/946/171
f 720/926/152 901/947/32 735/948/172
f 810/949/34 734/923/149 749/945/170
f 728/925/151 727/924/150 742/946/171 743/950/173
f 721/927/153 720/926/152 735/948/172 736/951/174
f 729/928/154 728/925/151 743/950/173 744/952/175
f 722/929/155 721/927/153 736/951/174 737/953/176
f 730/930/156 729/928/154 744/952/175 745/954/177
f 723/931/157 722/929/155 737/953/176 738/955/178
f 731/932/158 730/930/156 745/954/177 746/939/164
f 724/933/159 723/931/157 738/955/178 739/941/166
f 736/951/174 735/948/172 750/956/179 751/957/180
f 744/952/175 743/950/173 758/958/181 759/959/182
f 737/953/176 736/951/174 751/957/180 752/960/183
f 745/954/177 744/952/175 759/959/182 760/961/184
f 738/955/178 737/953/176 752/960/183 753/962/185
f 746/939/164 745/954/177 760/961/184 761/963/186
f 739/941/166 738/955/178 753/962/185 754/964/187
f 747/940/165 746/939/164 761/963/186 762/965/188
f 740/942/167 739/941/166 754/964/187 755/966/189
f 748/943/168 747/940/165 762/965/188 763/967/190
f 741/944/169 740/942/167 755/966/189 756/968/191
f 749/945/170 748/943/168 763/967/190 764/969/192
f 742/946/171 741/944/169 756/968/191 757/970/193
f 735/948/172 901/971/32 750/956/179
f 810/972/34 749/945/170 764/969/192
f 743/950/173 742/946/171 757/970/193 758/958/181
f 755/966/189 754/964/187 769/973/194 770/974/195
f 763/967/190 762/965/188 777/975/196 778/976/197
f 756/968/191 755/966/189 770/974/195 771/977/198
f 764/969/192 763/967/190 778/976/197 779/978/199
f 757/970/193 756/968/191 771/977/198 772/979/200
f 750/956/179 901/980/32 765/981/201
f 810/982/34 764/969/192 779/978/199
f 758/958/181 757/970/193 772/979/200 773/983/202
f 751/957/180 750/956/179 765/981/201 766/984/203
f 759/959/182 758/958/181 773/983/202 774/985/204
f 752/960/183 751/957/180 766/984/203 767/986/205
f 760/961/184 759/959/182 774/985/204 775/987/206
f 753/962/185 752/960/183 767/986/205 768/988/207
f 761/963/186 760/961/184 775/987/206 776/989/208
f 754/964/187 753/962/185 768/988/207 769/973/194
f 762/965/188 761/963/186 776/989/208 777/975/196
f 774/985/204 773/983/202 788/990/209 789/991/210
f 767/986/205 766/984/203 781/992/211 782/993/212
f 775/987/206 774/985/204 789/991/210 790/994/213
f 768/988/207 767/986/205 782/993/212 783/995/214
f 776/989/208 775/987/206 790/994/213 791/996/215
f 769/973/194 768/988/207 783/995/214 784/997/216
f 777/975/196 776/989/208 791/996/215 792/998/217
f 770/974/195 769/973/194 784/997/216 785/999/218
f 778/976/197 777/975/196 792/998/217 793/1000/219
f 771/977/198 770/974/195 785/999/218 786/1001/220
f 779/978/199 778/976/197 793/1000/219 794/1002/221
f 772/979/200 771/977/198 786/1001/220 787/1003/222
f 765/981/201 901/1004/32 780/1005/223
f 810/1006/34 779/978/199 794/1002/221
f 773/983/202 772/979/200 787/1003/222 788/990/209
f 766/984/203 765/981/201 780/1005/223 781/992/211
f 793/1000/219 792/998/217 807/1007/224 808/1008/225
f 786/1001/220 785/999/218 800/1009/226 801/1010/227
f 794/1002/221 793/1000/219 808/1008/225 809/1011/228
f 787/1003/222 786/1001/220 801/1010/227 802/1012/229
f 780/1005/223 901/1013/32 795/1014/230
f 810/1015/34 794/1002/221 809/1011/228
f 788/990/209 787/1003/222 802/1012/229 803/1016/231
f 781/992/211 780/1005/223 795/1014/230 796/1017/232
f 789/991/210 788/990/209 803/1016/231 804/1018/233
f 782/993/212 781/992/211 796/1017/232 797/1019/234
f 790/994/213 789/991/210 804/1018/233 805/1020/235
f 783/995/214 782/993/212 797/1019/234 798/1021/236
f 791/996/215 790/994/213 805/1020/235 806/1022/237
f 784/997/216 783/995/214 798/1021/236 799/1023/238
f 792/998/217 791/996/215 806/1022/237 807/1007/224
f 785/999/218 784/997/216 799/1023/238 800/1009/226
f 797/1019/234 796/1017/232 812/1024/239 813/1025/240
f 805/1020/235 804/1018/233 820/1026/241 821/1027/242
f 798/1021/236 797/1019/234 813/1025/240 814/1028/243
f 806/1022/237 805/1020/235 821/1027/242 822/1029/244
f 799/1023/238 798/1021/236 814/1028/243 815/1030/245
f 807/1007/224 806/1022/237 822/1029/244 823/1031/246
f 800/1009/226 799/1023/238 815/1030/245 816/1032/247
f 808/1008/225 807/1007/224 823/1031/246 824/1033/248
f 801/1010/227 800/1009/226 816/1032/247 817/1034/249
f 809/1011/228 808/1008/225 824/1033/248 825/1035/250
f 802/1012/229 801/1010/227 817/1034/249 818/1036/251
f 795/1014/230 901/1037/32 811/1038/252
f 810/1039/34 809/1011/228 825/1035/250
f 803/1016/231 802/1012/229 818/1036/251 819/1040/253
f 796/1017/232 795/1014/230 811/1038/252 812/1024/239
f 804/1018/233 803/1016/231 819/1040/253 820/1026/241
f 817/1034/249 816/1032/247 831/1041/254 832/1042/255
f 825/1035/250 824/1033/248 839/1043/256 840/1044/257
f 818/1036/251 817/1034/249 832/1042/255 833/1045/258
f 811/1038/252 901/1046/32 826/1047/259
f 810/1048/34 825/1035/250 840/1044/257
f 819/1040/253 818/1036/251 833/1045/258 834/1049/260
f 812/1024/239 811/1038/252 826/1047/259 827/1050/261
f 820/1026/241 819/1040/253 834/1049/260 835/1051/262
f 813/1025/240 812/1024/239 827/1050/261 828/1052/263
f 821/1027/242 820/1026/241 835/1051/262 836/1053/264
f 814/1028/243 813/1025/240 828/1052/263 829/1054/265
f 822/1029/244 821/1027/242 836/1053/264 837/1055/266
f 815/1030/245 814/1028/243 829/1054/265 830/1056/267
f 823/1031/246 822/1029/244 837/1055/266 838/1057/268
f 816/1032/247 815/1030/245 830/1056/267 831/1041/254
f 824/1033/248 823/1031/246 838/1057/268 839/1043/256
f 836/1053/264 835/1051/262 850/1058/269 851/1059/270
f 829/1054/265 828/1052/263 843/1060/271 844/1061/272
f 837/1055/266 836/1053/264 851/1059/270 852/1062/273
f 830/1056/267 829/1054/265 844/1061/272 845/1063/274
f 838/1057/268 837/1055/266 852/1062/273 853/1064/275
f 831/1041/254 830/1056/267 845/1063/274 846/1065/276
f 839/1043/256 838/1057/268 853/1064/275 854/1066/277
f 832/1042/255 831/1041/254 846/1065/276 847/1067/278
f 840/1044/257 839/1043/256 854/1066/277 855/1068/279
f 833/1045/258 832/1042/255 847/1067/278 848/1069/280
f 826/1047/259 901/1070/32 841/1071/281
f 810/1072/34 840/1044/257 855/1068/279
f 834/1049/260 833/1045/258 848/1069/280 849/1073/282
f 827/1050/261 826/1047/259 841/1071/281 842/1074/283
f 835/1051/262 834/1049/260 849/1073/282 850/1058/269
f 828/1052/263 827/1050/261 842/1074/283 843/1060/271
f 855/1068/279 854/1066/277 869/1075/284 870/1076/285
f 848/1069/280 847/1067/278 862/1077/286 863/1078/287
f 841/1071/281 901/1079/32 856/1080/288
f 810/1081/34 855/1068/279 870/1076/285
f 849/1073/282 848/1069/280 863/1078/287 864/1082/289
f 842/1074/283 841/1071/281 856/1080/288 857/1083/290
f 850/1058/269 849/1073/282 864/1082/289 865/1084/291
f 843/1060/271 842/1074/283 857/1083/290 858/1085/292
f 851/1059/270 850/1058/269 865/1084/291 866/1086/293
f 844/1061/272 843/1060/271 858/1085/292 859/1087/294
f 852/1062/273 851/1059/270 866/1086/293 867/1088/295
f 845/1063/274 844/1061/272 859/1087/294 860/1089/296
f 853/1064/275 852/1062/273 867/1088/295 868/1090/297
f 846/1065/276 845/1063/274 860/1089/296 861/1091/298
f 854/1066/277 853/1064/275 868/1090/297 869/1075/284
f 847/1067/278 846/1065/276 861/1091/298 862/1077/286
f 867/1088/295 866/1086/293 881/1092/299 882/1093/300
f 860/1089/296 859/1087/294 874/1094/301 875/1095/302
f 868/1090/297 867/1088/295 882/1093/300 883/1096/303
f 861/1091/298 860/1089/296 875/1095/302 876/1097/304
f 869/1075/284 868/1090/297 883/1096/303 884/1098/305
f 862/1077/286 861/1091/298 876/1097/304 877/1099/306
f 870/1076/285 869/1075/284 884/1098/305 885/1100/307
f 863/1078/287 862/1077/286 877/1099/306 878/1101/308
f 856/1080/288 901/1102/32 871/1103/309
f 810/1104/34 870/1076/285 885/1100/307
f 864/1082/289 863/1078/287 878/1101/308 879/1105/310
f 857/1083/290 856/1080/288 871/1103/309 872/1106/311
f 865/1084/291 864/1082/289 879/1105/310 880/1107/312
f 858/1085/292 857/1083/290 872/1106/311 873/1108/313
f 866/1086/293 865/1084/291 880/1107/312 881/1092/299
f 859/1087/294 858/1085/292 873/1108/313 874/1094/301
f 871/1103/309 901/1109/32 886/1110/314
f 810/1111/34 885/1100/307 900/1112/315
f 879/1105/310 878/1101/308 893/1113/316 894/1114/317
f 872/1106/311 871/1103/309 886/1110/314 887/1115/318
f 880/1107/312 879/1105/310 894/1114/317 895/1116/319
f 873/1108/313 872/1106/311 887/1115/318 888/1117/320
f 881/1092/299 880/1107/312 895/1116/319 896/1118/321
f 874/1094/301 873/1108/313 888/1117/320 889/1119/322
f 882/1093/300 881/1092/299 896/1118/321 897/1120/323
f 875/1095/302 874/1094/301 889/1119/322 890/1121/324
f 883/1096/303 882/1093/300 897/1120/323 898/1122/325
f 876/1097/304 875/1095/302 890/1121/324 891/1123/326
f 884/1098/305 883/1096/303 898/1122/325 899/1124/327
f 877/1099/306 876/1097/304 891/1123/326 892/1125/328
f 885/1100/307 884/1098/305 899/1124/327 900/1112/315
f 878/1101/308 877/1099/306 892/1125/328 893/1113/316
f 890/1121/324 889/1119/322 905/1126/329 906/1127/330
f 898/1122/325 897/1120/323 913/1128/331 914/1129/332
f 891/1123/326 890/1121/324 906/1127/330 907/1130/333
f 899/1124/327 898/1122/325 914/1129/332 915/1131/334
f 892/1125/328 891/1123/326 907/1130/333 908/1132/335
f 900/1112/315 899/1124/327 915/1131/334 916/1133/336
f 893/1113/316 892/1125/328 908/1132/335 909/1134/337
f 886/1110/314 901/1135/32 902/1136/338
f 810/1137/34 900/1112/315 916/1133/336
f 894/1114/317 893/1113/316 909/1134/337 910/1138/339
f 887/1115/318 886/1110/314 902/1136/338 903/1139/340
f 895/1116/319 894/1114/317 910/1138/339 911/1140/341
f 888/1117/320 887/1115/318 903/1139/340 904/1141/342
f 896/1118/321 895/1116/319 911/1140/341 912/1142/343
f 889/1119/322 888/1117/320 904/1141/342 905/1126/329
f 897/1120/323 896/1118/321 912/1142/343 913/1128/331
f 910/1138/339 909/1134/337 924/1143/344 925/1144/345
f 903/1139/340 902/1136/338 917/1145/346 918/1146/347
f 911/1140/341 910/1138/339 925/1144/345 926/1147/348
f 904/1141/342 903/1139/340 918/1146/347 919/1148/349
f 912/1142/343 911/1140/341 926/1147/348 927/1149/350
f 905/1126/329 904/1141/342 919/1148/349 920/1150/351
f 913/1128/331 912/1142/343 927/1149/350 928/1151/352
f 906/1127/330 905/1126/329 920/1150/351 921/1152/353
f 914/1129/332 913/1128/331 928/1151/352 929/1153/354
f 907/1130/333 906/1127/330 921/1152/353 922/1154/355
f 915/1131/334 914/1129/332 929/1153/354 930/1155/356
f 908/1132/335 907/1130/333 922/1154/355 923/1156/357
f 916/1133/336 915/1131/334 930/1155/356 931/1157/358
f 909/1134/337 908/1132/335 923/1156/357 924/1143/344
f 902/1136/338 901/1158/32 917/1145/346
f 810/1159/34 916/1133/336 931/1157/358
f 929/1153/354 928/1151/352 943/1160/359 944/1161/360
f 922/1154/355 921/1152/353 936/1162/361 937/1163/362
f 930/1155/356 929/1153/354 944/1161/360 945/1164/363
f 923/1156/357 922/1154/355 937/1163/362 938/1165/364
f 931/1157/358 930/1155/356 945/1164/363 946/1166/365
f 924/1143/344 923/1156/357 938/1165/364 939/1167/366
f 917/1145/346 901/1168/32 932/1169/367
f 810/1170/34 931/1157/358 946/1166/365
f 925/1144/345 924/1143/344 939/1167/366 940/1171/368
f 918/1146/347 917/1145/346 932/1169/367 933/1172/369
f 926/1147/348 925/1144/345 940/1171/368 941/1173/370
f 919/1148/349 918/1146/347 933/1172/369 934/1174/371
f 927/1149/350 926/1147/348 941/1173/370 942/1175/372
f 920/1150/351 919/1148/349 934/1174/371 935/1176/373
f 928/1151/352 927/1149/350 942/1175/372 943/1160/359
f 921/1152/353 920/1150/351 935/1176/373 936/1162/361
f 933/1172/369 932/1169/367 947/1177/374 948/1178/375
f 941/1173/370 940/1171/368 955/1179/376 956/1180/377
f 934/1174/371 933/1172/369 948/1178/375 949/1181/378
f 942/1175/372 941/1173/370 956/1180/377 957/1182/379
f 935/1176/373 934/1174/371 949/1181/378 950/1183/380
f 943/1160/359 942/1175/372 957/1182/379 958/1184/381
f 936/1162/361 935/1176/373 950/1183/380 951/1185/382
f 944/1161/360 943/1160/359 958/1184/381 959/1186/383
f 937/1163/362 936/1162/361 951/1185/382 952/1187/384
f 945/1164/363 944/1161/360 959/1186/383 960/1188/385
f 938/1165/364 937/1163/362 952/1187/384 953/1189/386
f 946/1166/365 945/1164/363 960/1188/385 961/1190/387
f 939/1167/366 938/1165/364 953/1189/386 954/1191/388
f 932/1169/367 901/1192/32 947/1177/374
f 810/1193/34 946/1166/365 961/1190/387
f 940/1171/368 939/1167/366 954/1191/388 955/1179/376
f 952/1187/384 951/1185/382 966/1194/389 967/1195/390
f 960/1188/385 959/1186/383 974/1196/391 975/1197/392
f 953/1189/386 952/1187/384 967/1195/390 968/1198/393
f 961/1190/387 960/1188/385 975/1197/392 976/1199/394
f 954/1191/388 953/1189/386 968/1198/393 969/1200/395
f 947/1177/374 901/1201/32 962/1202/396
f 810/1203/34 961/1190/387 976/1199/394
f 955/1179/376 954/1191/388 969/1200/395 970/1204/397
f 948/1178/375 947/1177/374 962/1202/396 963/1205/398
f 956/1180/377 955/1179/376 970/1204/397 971/1206/399
f 949/1181/378 948/1178/375 963/1205/398 964/1207/400
f 957/1182/379 956/1180/377 971/1206/399 972/1208/401
f 950/1183/380 949/1181/378 964/1207/400 965/1209/402
f 958/1184/381 957/1182/379 972/1208/401 973/1210/403
f 951/1185/382 950/1183/380 965/1209/402 966/1194/389
f 959/1186/383 958/1184/381 973/1210/403 974/1196/391
f 971/1211/399 970/1212/397 985/1213/404 986/1214/405
f 964/1215/400 963/1216/398 978/1217/406 979/1218/407
f 972/1219/401 971/1211/399 986/1214/405 987/1220/408
f 965/1221/402 964/1215/400 979/1218/407 980/1222/409
f 973/1223/403 972/1219/401 987/1220/408 988/1224/410
f 966/1225/389 965/1221/402 980/1222/409 981/1226/411
f 974/1227/391 973/1223/403 988/1224/410 989/1228/412
f 967/1229/390 966/1225/389 981/1226/411 982/1230/413
f 975/1231/392 974/1227/391 989/1228/412 990/1232/414
f 968/1233/393 967/1229/390 982/1230/413 983/1234/415
f 976/1235/394 975/1231/392 990/1232/414 991/1236/416
f 969/1237/395 968/1233/393 983/1234/415 984/1238/417
f 962/1239/396 901/1240/32 977/1241/418
f 810/1242/34 976/1235/394 991/1236/416
f 970/1212/397 969/1237/395 984/1238/417 985/1213/404
f 963/1216/398 962/1239/396 977/1241/418 978/1217/406
f 990/1232/414 989/1228/412 1004/1243/419 1005/1244/420
f 983/1234/415 982/1230/413 997/1245/421 998/1246/422
f 991/1236/416 990/1232/414 1005/1244/420 1006/1247/423
f 984/1238/417 983/1234/415 998/1246/422 999/1248/424
f 977/1241/418 901/1249/32 992/1250/425
f 810/1251/34 991/1236/416 1006/1247/423
f 985/1213/404 984/1238/417 999/1248/424 1000/1252/426
f 978/1217/406 977/1241/418 992/1250/425 993/1253/427
f 986/1214/405 985/1213/404 1000/1252/426 1001/1254/428
f 979/1218/407 978/1217/406 993/1253/427 994/1255/429
f 987/1220/408 986/1214/405 1001/1254/428 1002/1256/430
f 980/1222/409 979/1218/407 994/1255/429 995/1257/431
f 988/1224/410 987/1220/408 1002/1256/430 1003/1258/432
f 981/1226/411 980/1222/409 995/1257/431 996/1259/433
f 989/1228/412 988/1224/410 1003/1258/432 1004/1243/419
f 982/1230/413 981/1226/411 996/1259/433 997/1245/421
f 1002/1256/430 1001/1254/428 1016/1260/434 1017/1261/435
f 995/1257/431 994/1255/429 1009/1262/436 1010/1263/437
f 1003/1258/432 1002/1256/430 1017/1261/435 1018/1264/438
f 996/1259/433 995/1257/431 1010/1263/437 1011/1265/439
f 1004/1243/419 1003/1258/432 1018/1264/438 1019/1266/440
f 997/1245/421 996/1259/433 1011/1265/439 1012/1267/441
f 1005/1244/420 1004/1243/419 1019/1266/440 1020/1268/442
f 998/1246/422 997/1245/421 1012/1267/441 1013/1269/443
f 1006/1247/423 1005/1244/420 1020/1268/442 1021/1270/444
f 999/1248/424 998/1246/422 1013/1269/443 1014/1271/445
f 992/1250/425 901/1272/32 1007/1273/446
f 810/1274/34 1006/1247/423 1021/1270/444
f 1000/1252/426 999/1248/424 1014/1271/445 1015/1275/447
f 993/1253/427 992/1250/425 1007/1273/446 1008/1276/448
f 1001/1254/428 1000/1252/426 1015/1275/447 1016/1260/434
f 994/1255/429 993/1253/427 1008/1276/448 1009/1262/436
f 1021/1270/444 1020/1268/442 1035/1277/449 1036/1278/450
f 1014/1271/445 1013/1269/443 1028/1279/451 1029/1280/452
f 1007/1273/446 901/1281/32 1022/1282/453
f 810/1283/34 1021/1270/444 1036/1278/450
f 1015/1275/447 1014/1271/445 1029/1280/452 1030/1284/454
f 1008/1276/448 1007/1273/446 1022/1282/453 1023/1285/455
f 1016/1260/434 1015/1275/447 1030/1284/454 1031/1286/456
f 1009/1262/436 1008/1276/448 1023/1285/455 1024/1287/457
f 1017/1261/435 1016/1260/434 1031/1286/456 1032/1288/458
f 1010/1263/437 1009/1262/436 1024/1287/457 1025/1289/459
f 1018/1264/438 1017/1261/435 1032/1288/458 1033/1290/460
f 1011/1265/439 1010/1263/437 1025/1289/459 1026/1291/461
f 1019/1266/440 1018/1264/438 1033/1290/460 1034/1292/462
f 1012/1267/441 1011/1265/439 1026/1291/461 1027/1293/463
f 1020/1268/442 1019/1266/440 1034/1292/462 1035/1277/449
f 1013/1269/443 1012/1267/441 1027/1293/463 1028/1279/451
f 1025/1289/459 1024/1287/457 1039/1294/464 1040/1295/465
f 1033/1290/460 1032/1288/458 1047/1296/466 1048/1297/467
f 1026/1291/461 1025/1289/459 1040/1295/465 1041/1298/468
f 1034/1292/462 1033/1290/460 1048/1297/467 1049/1299/469
f 1027/1293/463 1026/1291/461 1041/1298/468 1042/1300/470
f 1035/1277/449 1034/1292/462 1049/1299/469 1050/1301/471
f 1028/1279/451 1027/1293/463 1042/1300/470 1043/1302/472
f 1036/1278/450 1035/1277/449 1050/1301/471 1051/1303/473
f 1029/1280/452 1028/1279/451 1043/1302/472 1044/1304/474
f 1022/1282/453 901/1305/32 1037/1306/475
f 810/1307/34 1036/1278/450 1051/1303/473
f 1030/1284/454 1029/1280/452 1044/1304/474 1045/1308/476
f 1023/1285/455 1022/1282/453 1037/1306/475 1038/1309/477
f 1031/1286/456 1030/1284/454 1045/1308/476 1046/1310/478
f 1024/1287/457 1023/1285/455 1038/1309/477 1039/1294/464
f 1032/1288/458 1031/1286/456 1046/1310/478 1047/1296/466
f 1044/1304/474 1043/1302/472 1058/1311/479 1059/1312/480
f 1037/1306/475 901/1313/32 1052/1314/481
f 810/1315/34 1051/1303/473 1066/1316/482
f 1045/1308/476 1044/1304/474 1059/1312/480 1060/1317/483
f 1038/1309/477 1037/1306/475 1052/1314/481 1053/1318/484
f 1046/1310/478 1045/1308/476 1060/1317/483 1061/1319/485
f 1039/1294/464 1038/1309/477 1053/1318/484 1054/1320/486
f 1047/1296/466 1046/1310/478 1061/1319/485 1062/1321/487
f 1040/1295/465 1039/1294/464 1054/1320/486 1055/1322/488
f 1048/1297/467 1047/1296/466 1062/1321/487 1063/1323/489
f 1041/1298/468 1040/1295/465 1055/1322/488 1056/1324/490
f 1049/1299/469 1048/1297/467 1063/1323/489 1064/1325/491
f 1042/1300/470 1041/1298/468 1056/1324/490 1057/1326/492
f 1050/1301/471 1049/1299/469 1064/1325/491 1065/1327/493
f 1043/1302/472 1042/1300/470 1057/1326/492 1058/1311/479
f 1051/1303/473 1050/1301/471 1065/1327/493 1066/1316/482
f 1063/1323/489 1062/1321/487 1077/1328/494 1078/1329/495
f 1056/1324/490 1055/1322/488 1070/1330/496 1071/1331/497
f 1064/1325/491 1063/1323/489 1078/1329/495 1079/1332/498
f 1057/1326/492 1056/1324/490 1071/1331/497 1072/1333/499
f 1065/1327/493 1064/1325/491 1079/1332/498 1080/1334/500
f 1058/1311/479 1057/1326/492 1072/1333/499 1073/1335/501
f 1066/1316/482 1065/1327/493 1080/1334/500 1081/1336/502
f 1059/1312/480 1058/1311/479 1073/1335/501 1074/1337/503
f 1052/1314/481 901/1338/32 1067/1339/504
f 810/1340/34 1066/1316/482 1081/1336/502
f 1060/1317/483 1059/1312/480 1074/1337/503 1075/1341/505
f 1053/1318/484 1052/1314/481 1067/1339/504 1068/1342/506
f 1061/1319/485 1060/1317/483 1075/1341/505 1076/1343/507
f 1054/1320/486 1053/1318/484 1068/1342/506 1069/1344/508
f 1062/1321/487 1061/1319/485 1076/1343/507 1077/1328/494
f 1055/1322/488 1054/1320/486 1069/1344/508 1070/1330/496
f 1067/1339/504 901/1345/32 605/792/31
f 810/1346/34 1081/1336/502 1086/796/35
f 1075/1341/505 1074/1337/503 612/788/27 613/798/37
f 1068/1342/506 1067/1339/504 605/792/31 606/800/39
f 1076/1343/507 1075/1341/505 613/798/37 1082/802/41
f 1069/1344/508 1068/1342/506 606/800/39 607/804/43
f 1077/1328/494 1076/1343/507 1082/802/41 1083/806/45
f 1070/1330/496 1069/1344/508 607/804/43 608/808/47
f 1078/1329/495 1077/1328/494 1083/806/45 1084/810/49
f 1071/1331/497 1070/1330/496 608/808/47 609/812/51
f 1079/1332/498 1078/1329/495 1084/810/49 614/814/53
f 1072/1333/499 1071/1331/497 609/812/51 610/816/55
f 1080/1334/500 1079/1332/498 614/814/53 1085/818/57
f 1073/1335/501 1072/1333/499 610/816/55 611/789/28
f 1081/1336/502 1080/1334/500 1085/818/57 1086/796/35
f 1074/1337/503 1073/1335/501 611/789/28 612/788/27
o VISAGRA.001_Cubo.008
v -0.051682 -0.132669 0.410304
v -0.051682 -0.073126 0.410304
v -0.051682 -0.132669 0.392097
v -0.051682 -0.073126 0.392097
v -0.026993 -0.132669 0.410304
v -0.026993 -0.073126 0.410304
v -0.026993 -0.132669 0.392097
v -0.026993 -0.073126 0.392097
v -0.051682 0.417131 0.410304
v -0.051682 0.476674 0.410304
v -0.051682 0.417131 0.392097
v -0.051682 0.476674 0.392097
v -0.026993 0.417131 0.410304
v -0.026993 0.476674 0.410304
v -0.026993 0.417131 0.392097
v -0.026993 0.476674 0.392097
v -0.051682 -0.928498 0.410304
v -0.051682 -0.868954 0.410304
v -0.051682 -0.928498 0.392097
v -0.051682 -0.868954 0.392097
v -0.026993 -0.928498 0.410304
v -0.026993 -0.868954 0.410304
v -0.026993 -0.928498 0.392097
v -0.026993 -0.868954 0.392097
vt 0.375000 0.000000
vt 0.625000 0.000000
vt 0.625000 0.250000
vt 0.375000 0.250000
vt 0.625000 0.500000
vt 0.375000 0.500000
vt 0.625000 0.750000
vt 0.375000 0.750000
vt 0.625000 1.000000
vt 0.375000 1.000000
vt 0.125000 0.500000
vt 0.125000 0.750000
vt 0.875000 0.500000
vt 0.875000 0.750000
vt 0.375000 0.000000
vt 0.625000 0.000000
vt 0.625000 0.250000
vt 0.375000 0.250000
vt 0.625000 0.500000
vt 0.375000 0.500000
vt 0.625000 0.750000
vt 0.375000 0.750000
vt 0.625000 1.000000
vt 0.375000 1.000000
vt 0.125000 0.500000
vt 0.125000 0.750000
vt 0.875000 0.500000
vt 0.875000 0.750000
vt 0.375000 0.000000
vt 0.625000 0.000000
vt 0.625000 0.250000
vt 0.375000 0.250000
vt 0.625000 0.500000
vt 0.375000 0.500000
vt 0.625000 0.750000
vt 0.375000 0.750000
vt 0.625000 1.000000
vt 0.375000 1.000000
vt 0.125000 0.500000
vt 0.125000 0.750000
vt 0.875000 0.500000
vt 0.875000 0.750000
vn -1.0000 0.0000 0.0000
vn 0.0000 0.0000 -1.0000
vn 1.0000 0.0000 0.0000
vn 0.0000 0.0000 1.0000
vn 0.0000 -1.0000 0.0000
vn 0.0000 1.0000 0.0000
g VISAGRA.001_Cubo.008_Material.004
usemtl Material.004
s off
f 1087/1347/509 1088/1348/509 1090/1349/509 1089/1350/509
f 1089/1350/510 1090/1349/510 1094/1351/510 1093/1352/510
f 1093/1352/511 1094/1351/511 1092/1353/511 1091/1354/511
f 1091/1354/512 1092/1353/512 1088/1355/512 1087/1356/512
f 1089/1357/513 1093/1352/513 1091/1354/513 1087/1358/513
f 1094/1351/514 1090/1359/514 1088/1360/514 1092/1353/514
f 1095/1361/509 1096/1362/509 1098/1363/509 1097/1364/509
f 1097/1364/510 1098/1363/510 1102/1365/510 1101/1366/510
f 1101/1366/511 1102/1365/511 1100/1367/511 1099/1368/511
f 1099/1368/512 1100/1367/512 1096/1369/512 1095/1370/512
f 1097/1371/513 1101/1366/513 1099/1368/513 1095/1372/513
f 1102/1365/514 1098/1373/514 1096/1374/514 1100/1367/514
f 1103/1375/509 1104/1376/509 1106/1377/509 1105/1378/509
f 1105/1378/510 1106/1377/510 1110/1379/510 1109/1380/510
f 1109/1380/511 1110/1379/511 1108/1381/511 1107/1382/511
f 1107/1382/512 1108/1381/512 1104/1383/512 1103/1384/512
f 1105/1385/513 1109/1380/513 1107/1382/513 1103/1386/513
f 1110/1379/514 1106/1387/514 1104/1388/514 1108/1381/514
