# Blender v2.83.20 OBJ File: 'PUERTA PLANTILLA.blend'
# www.blender.org
mtllib DOOR WITH MEDIUM WINDOW.mtl
o DOOR_Cubo
v -1.878274 -3.825289 0.011621
v -1.912644 -3.756547 0.011621
v -1.878274 -3.756547 0.013715
v -1.912644 3.756547 0.011621
v -1.878274 3.825289 0.011621
v -1.878274 3.756547 0.013715
v 1.912644 -3.756547 0.011621
v 1.878274 -3.825289 0.011621
v 1.878274 -3.756547 0.013715
v 1.878274 3.825289 0.011621
v 1.912644 3.756547 0.011621
v 1.878274 3.756547 0.013715
v -1.912644 -3.756547 0.038123
v -1.878273 -3.825288 0.038123
v -1.878273 -3.756547 0.036030
v -1.878273 3.825288 0.038123
v -1.912644 3.756547 0.038123
v -1.878273 3.756547 0.036030
v 1.878273 -3.825288 0.038123
v 1.912644 -3.756547 0.038123
v 1.878273 -3.756547 0.036030
v 1.878273 3.825288 0.038123
v 1.878273 3.756547 0.036030
v 1.912644 3.756547 0.038123
v -1.982244 -4.033230 0.120761
v -1.933637 -3.964489 0.122855
v -1.982244 -3.867274 0.122855
v -2.016615 -3.964489 0.120761
v -1.982244 3.964489 0.122855
v -1.982244 4.033230 0.120761
v -2.016615 3.964489 0.120761
v -1.982244 -4.033230 -0.120761
v -2.016615 -3.964489 -0.120761
v -1.982244 -1.799673 -0.122855
v -1.980062 -3.964489 -0.122855
v -1.982244 4.033230 -0.120761
v -1.982244 3.964489 -0.122855
v -2.016615 3.964489 -0.120761
v 1.982244 -4.033230 0.120761
v 2.016615 -3.964489 0.120761
v 1.982244 -3.964489 0.122855
v 1.982244 4.033230 0.120761
v 1.933637 3.964489 0.122855
v 1.982244 3.867274 0.122855
v 2.016615 3.964489 0.120761
v 1.982244 -4.033230 -0.120761
v 1.982244 -3.964489 -0.122855
v 2.016615 -3.964489 -0.120761
v 1.980062 3.964489 -0.122855
v 1.982244 4.033230 -0.120761
v 2.016615 3.964489 -0.120761
v 1.982244 1.799673 -0.122855
v -1.912644 3.756547 -0.120761
v -1.947015 3.894030 -0.122855
v -1.878274 3.825289 -0.120761
v -1.947015 -0.656082 -0.122855
v -1.912644 -0.658198 -0.120761
v -1.947015 -2.891756 -0.122855
v -1.878274 -3.825289 -0.120761
v -1.947015 -3.894030 -0.122855
v -1.912644 -3.756547 -0.120761
v 1.878274 3.825289 -0.120761
v 1.947015 3.894030 -0.122855
v 1.912644 3.756547 -0.120761
v 1.947015 2.891756 -0.122855
v 1.947015 0.656082 -0.122855
v 1.912644 0.658198 -0.120761
v 1.878274 -3.825289 -0.120761
v 1.912644 -3.756547 -0.120761
v 1.947015 -3.894030 -0.122855
v -1.898407 -3.894030 0.122855
v -1.878273 -3.825288 0.120761
v -1.912644 -3.756547 0.120761
v -1.947015 -3.796814 0.122855
v 1.912644 -3.756547 0.120761
v 1.878273 -3.825288 0.120761
v 1.947015 -3.894030 0.122855
v 1.898407 3.894030 0.122855
v 1.878273 3.825288 0.120761
v 1.912644 3.756547 0.120761
v 1.947015 3.796814 0.122855
v -1.912644 3.756547 0.120761
v -1.878273 3.825288 0.120761
v -1.947015 3.894030 0.122855
v 1.422533 -0.541867 0.013715
v 1.422533 -0.541867 0.036029
v 1.422533 3.755617 0.013715
v 1.422533 3.755617 0.036029
v -1.422533 3.755617 0.013715
v -1.422533 3.755617 0.036029
v -1.422533 -0.541867 0.013715
v -1.422533 -0.541867 0.036029
vt 0.377246 0.752246
vt 0.377246 0.997754
vt 0.622754 0.997754
vt 0.622723 0.967969
vt 0.482293 0.967969
vt 0.482293 0.782031
vt 0.627246 0.605738
vt 0.627246 0.747754
vt 0.872754 0.747754
vt 0.872754 0.605738
vt 0.127246 0.502246
vt 0.127246 0.590897
vt 0.372754 0.590897
vt 0.372754 0.502246
vt 0.127130 0.502130
vt 0.372869 0.502130
vt 0.372870 0.747869
vt 0.127130 0.747869
vt 0.627246 0.502246
vt 0.627246 0.590897
vt 0.872754 0.590897
vt 0.872754 0.502246
vt 0.377246 0.502246
vt 0.377246 0.590897
vt 0.622754 0.590897
vt 0.622754 0.502246
vt 0.377130 0.752131
vt 0.619856 0.752131
vt 0.617673 0.754314
vt 0.379314 0.754314
vt 0.379314 0.992673
vt 0.377131 0.994856
vt 0.377130 0.502130
vt 0.622870 0.502130
vt 0.622870 0.747869
vt 0.377130 0.747869
vt 0.380144 0.997869
vt 0.382327 0.995686
vt 0.620686 0.995686
vt 0.620686 0.757327
vt 0.622869 0.755144
vt 0.622870 0.997870
vt 0.377130 0.002130
vt 0.622870 0.002130
vt 0.622870 0.247870
vt 0.377130 0.247870
vt 0.622869 0.497734
vt 0.589623 0.495686
vt 0.620686 0.495686
vt 0.620686 0.254314
vt 0.479666 0.254314
vt 0.444224 0.252130
vt 0.622869 0.252130
vt 0.627131 0.502130
vt 0.872870 0.502130
vt 0.872870 0.747869
vt 0.627131 0.747869
vt 0.377246 0.252246
vt 0.377246 0.497754
vt 0.622754 0.497754
vt 0.622723 0.467969
vt 0.482293 0.467969
vt 0.482293 0.282031
vt 0.377246 0.605738
vt 0.377246 0.747754
vt 0.622754 0.747754
vt 0.622754 0.605738
vt 0.521508 0.605738
vt 0.377246 0.159103
vt 0.377246 0.247754
vt 0.622754 0.247754
vt 0.622754 0.159103
vt 0.377130 0.252266
vt 0.410377 0.254314
vt 0.379314 0.254314
vt 0.379314 0.495686
vt 0.520334 0.495686
vt 0.555776 0.497870
vt 0.377130 0.497870
vt 0.377246 0.002246
vt 0.377246 0.144262
vt 0.478492 0.144262
vt 0.622754 0.144262
vt 0.622754 0.002246
vt 0.127246 0.747754
vt 0.125000 0.747754
vt 0.127246 0.750000
vt 0.625000 0.002246
vt 0.622754 0.000000
vt 0.375000 0.747754
vt 0.377246 0.750000
vt 0.625000 0.747754
vt 0.627246 0.750000
vt 0.375000 0.247754
vt 0.377246 0.250000
vt 0.875000 0.502246
vt 0.872754 0.500000
vt 0.375000 0.502246
vt 0.372754 0.500000
vt 0.627246 0.500000
vt 0.625000 0.502246
vt 0.130143 0.750000
vt 0.127130 0.750000
vt 0.125000 0.747870
vt 0.625000 0.997869
vt 0.622869 1.000000
vt 0.125000 0.502131
vt 0.127130 0.500000
vt 0.127266 0.500000
vt 0.872870 0.500000
vt 0.875000 0.502131
vt 0.375000 0.747870
vt 0.372870 0.750000
vt 0.630143 0.750000
vt 0.627130 0.750000
vt 0.625000 0.747870
vt 0.372870 0.500000
vt 0.375000 0.502131
vt 0.625000 0.497870
vt 0.622878 0.499869
vt 0.555907 0.495743
vt 0.625000 0.146508
vt 0.625000 0.144262
vt 0.479601 0.256445
vt 0.410508 0.252188
vt 0.127246 0.605738
vt 0.125000 0.603492
vt 0.125000 0.605738
vt 0.625000 0.603492
vt 0.625000 0.605738
vt 0.520465 0.493559
vt 0.520399 0.493555
vt 0.372754 0.605738
vt 0.375000 0.605738
vt 0.375000 0.603492
vt 0.381445 0.991425
vt 0.381445 0.993555
vt 0.380821 0.994179
vt 0.375000 0.590897
vt 0.375000 0.593144
vt 0.618555 0.758575
vt 0.618555 0.756445
vt 0.619179 0.755821
vt 0.625000 0.159103
vt 0.625000 0.156856
vt 0.375000 0.002246
vt 0.375000 0.144262
vt 0.377246 0.000000
vt 0.622754 0.752246
vt 0.375000 0.752246
vt 0.375000 0.997754
vt 0.625000 0.997754
vt 0.625000 0.752246
vt 0.625000 0.247754
vt 0.622754 0.252246
vt 0.375000 0.252246
vt 0.375000 0.497754
vt 0.625000 0.497754
vt 0.625000 0.252246
vt 0.377131 1.000000
vt 0.875000 0.747870
vt 0.627266 0.500000
vt 0.872870 0.750000
vt 0.478561 0.146508
vt 0.375000 0.146508
vt 0.405505 0.146508
vt 0.616425 0.493555
vt 0.618555 0.491425
vt 0.618555 0.258575
vt 0.381445 0.258575
vt 0.381445 0.491425
vt 0.383575 0.493555
vt 0.125930 0.593144
vt 0.625930 0.593144
vt 0.875000 0.593144
vt 0.624070 0.593144
vt 0.383575 0.993555
vt 0.616425 0.993555
vt 0.372754 0.747754
vt 0.375000 0.159103
vt 0.375000 0.626714
vt 0.375000 0.629504
vt 0.625000 0.629504
vt 0.625000 0.626714
vt 0.622723 0.282031
vt 0.375000 0.120496
vt 0.375000 0.123286
vt 0.625000 0.123286
vt 0.625000 0.120496
vt 0.622723 0.782031
vt 0.125000 0.626714
vt 0.125000 0.629504
vt 0.875000 0.629504
vt 0.875000 0.626714
vn -0.0000 -0.0000 -1.0000
vn 0.0000 -1.0000 -0.0000
vn 0.0000 1.0000 0.0000
vn -1.0000 -0.0000 0.0000
vn 0.0000 -0.0000 1.0000
vn 1.0000 0.0000 0.0000
vn 0.0608 0.0304 -0.9977
vn 0.0608 -0.0304 -0.9977
vn -0.0608 0.0304 -0.9977
vn -0.0608 -0.0304 -0.9977
vn 0.0608 0.0304 0.9977
vn 0.0608 -0.0304 0.9977
vn -0.0608 0.0304 0.9977
vn -0.0608 -0.0304 0.9977
vn -0.0252 -0.0126 0.9996
vn -0.0572 -0.0009 -0.9984
vn 0.0252 0.0126 0.9996
vn 0.0572 0.0009 -0.9984
vn 0.0203 -0.0102 -0.9997
vn 0.0608 0.0000 -0.9981
vn 0.0203 0.0102 -0.9997
vn -0.0203 -0.0102 -0.9997
vn -0.0608 0.0000 -0.9981
vn -0.0203 0.0102 -0.9997
vn 0.0384 0.0192 0.9991
vn -0.0203 0.0102 0.9997
vn -0.0384 -0.0192 0.9991
vn 0.0203 -0.0102 0.9997
vn 0.8944 0.4472 -0.0000
vn -0.8944 -0.4472 -0.0000
vn 0.0000 0.0304 -0.9995
vn 0.0000 -0.0304 -0.9995
vn 0.8944 -0.4472 0.0000
vn 0.0608 0.0000 0.9981
vn 0.0000 0.0304 0.9995
vn -0.0000 -0.0304 0.9995
vn -0.0608 -0.0000 0.9981
vn -0.8944 0.4472 0.0000
usemtl Material.002
s off
f 9/1/1 3/2/1 6/3/1 89/4/1 91/5/1 85/6/1
f 62/7/2 10/8/2 5/9/2 55/10/2
f 14/11/3 72/12/3 76/13/3 19/14/3
f 32/15/2 46/16/2 39/17/2 25/18/2
f 22/19/2 79/20/2 83/21/2 16/22/2
f 20/23/4 75/24/4 80/25/4 24/26/4
f 41/27/5 44/28/5 81/29/5 77/30/5 71/31/5 26/32/5
f 48/33/6 51/34/6 45/35/6 40/36/6
f 27/37/5 74/38/5 84/39/5 78/40/5 43/41/5 29/42/5
f 28/43/4 31/44/4 38/45/4 33/46/4
f 49/47/1 65/48/1 63/49/1 54/50/1 56/51/1 34/52/1 37/53/1
f 50/54/3 36/55/3 30/56/3 42/57/3
f 15/58/5 21/59/5 23/60/5 88/61/5 86/62/5 92/63/5
f 69/64/4 7/65/4 11/66/4 64/67/4 67/68/4
f 73/69/6 13/70/6 17/71/6 82/72/6
f 35/73/1 58/74/1 60/75/1 70/76/1 66/77/1 52/78/1 47/79/1
f 2/80/6 61/81/6 57/82/6 53/83/6 4/84/6
f 1/85/7 2/86/7 3/87/7
f 4/84/8 5/88/8 6/89/8
f 7/65/9 8/90/9 9/91/9
f 10/8/10 11/92/10 12/93/10
f 13/70/11 14/94/11 15/95/11
f 16/22/12 17/96/12 18/97/12
f 19/14/13 20/98/13 21/99/13
f 22/19/14 23/100/14 24/101/14
f 25/18/15 26/102/15 27/103/15 28/104/15
f 29/42/13 30/105/13 31/106/13
f 32/15/16 33/107/16 34/108/16 35/109/16
f 36/55/9 37/110/9 38/111/9
f 39/17/12 40/112/12 41/113/12
f 42/57/17 43/114/17 44/115/17 45/116/17
f 46/16/8 47/117/8 48/118/8
f 49/47/18 50/119/18 51/120/18 52/121/18
f 53/83/19 54/122/19 55/123/19
f 56/51/20 57/124/20 58/125/20
f 59/126/21 60/127/21 61/128/21
f 62/7/22 63/129/22 64/130/22
f 65/48/23 66/131/23 67/132/23
f 68/133/24 69/134/24 70/135/24
f 71/31/25 72/136/25 73/137/25 74/138/25
f 75/24/26 76/139/26 77/140/26
f 78/40/27 79/141/27 80/142/27 81/143/27
f 82/72/28 83/144/28 84/145/28
f 61/81/29 2/80/29 1/146/29 59/147/29
f 2/80/20 4/84/20 6/89/20 3/148/20
f 64/67/30 11/66/30 10/8/30 62/7/30
f 11/66/23 7/65/23 9/1/23 12/149/23
f 3/2/31 9/1/31 8/150/31 1/151/31
f 12/149/32 6/3/32 5/152/32 10/153/32
f 82/72/33 17/71/33 16/154/33 83/144/33
f 17/71/34 13/70/34 15/58/34 18/155/34
f 21/59/35 15/58/35 14/156/35 19/157/35
f 18/155/36 23/60/36 22/158/36 16/159/36
f 23/60/37 21/59/37 20/23/37 24/26/37
f 75/24/38 20/23/38 19/14/38 76/13/38
f 32/15/30 25/18/30 28/104/30 33/107/30
f 27/37/37 29/42/37 31/106/37 28/160/37
f 30/56/38 36/55/38 38/111/38 31/161/38
f 37/53/23 34/52/23 33/46/23 38/45/23
f 46/16/32 32/15/32 35/109/32 47/117/32
f 36/55/31 50/54/31 49/162/31 37/110/31
f 51/34/20 48/33/20 47/79/20 52/78/20
f 39/17/33 46/16/33 48/33/33 40/36/33
f 50/54/29 42/57/29 45/35/29 51/34/29
f 44/28/34 41/27/34 40/36/34 45/35/34
f 25/18/36 39/17/36 41/113/36 26/102/36
f 42/57/35 30/56/35 29/163/35 43/114/35
f 53/83/20 57/82/20 56/164/20 54/122/20
f 57/82/20 61/81/20 60/165/20 58/166/20
f 63/49/23 65/48/23 67/132/23 64/167/23
f 54/50/32 63/49/32 62/168/32 55/169/32
f 70/76/31 60/75/31 59/170/31 68/171/31
f 66/77/23 70/76/23 69/172/23 67/132/23
f 76/13/35 72/12/35 71/173/35 77/140/35
f 83/21/36 79/20/36 78/174/36 84/175/36
f 80/25/37 75/24/37 77/140/37 81/176/37
f 84/39/34 74/38/34 73/177/34 82/178/34
f 4/84/33 53/83/33 55/123/33 5/88/33
f 7/65/38 69/64/38 68/133/38 8/179/38
f 13/70/29 73/69/29 72/180/29 14/94/29
f 24/26/30 80/25/30 79/20/30 22/19/30
f 81/29/5 44/28/5 43/41/5 78/40/5
f 74/38/5 27/37/5 26/32/5 71/31/5
f 58/74/1 35/73/1 34/52/1 56/51/1
f 65/48/1 49/47/1 52/78/1 66/77/1
f 59/126/3 1/85/3 8/179/3 68/133/3
f 85/181/4 86/182/4 88/183/4 87/184/4
f 90/185/5 88/61/5 23/60/5 18/155/5 15/58/5 92/63/5
f 92/186/6 91/187/6 89/188/6 90/189/6
f 85/6/1 87/190/1 89/4/1 6/3/1 12/149/1 9/1/1
f 91/191/3 92/192/3 86/182/3 85/181/3
f 87/184/2 88/183/2 90/193/2 89/194/2
o SHEET_METAL_Esfera
v 1.677775 0.203507 0.128977
v 1.677775 0.191699 0.090053
v 1.677775 0.172525 0.054180
v 1.677775 0.146720 0.022737
v 1.677775 0.115277 -0.003068
v 1.677775 0.079404 -0.022242
v 1.677775 0.040480 -0.034050
v 1.677775 0.000000 -0.038037
v 1.677775 -0.040480 -0.034050
v 1.677775 -0.172525 0.054180
v 1.685672 0.203507 0.129755
v 1.693266 0.191699 0.091579
v 1.700264 0.172525 0.056395
v 1.706398 0.146720 0.025556
v 1.711432 0.115277 0.000247
v 1.715173 0.079404 -0.018559
v 1.717477 0.040480 -0.030139
v 1.718255 0.000000 -0.034050
v 1.717477 -0.040480 -0.030139
v 1.715173 -0.079404 -0.018559
v 1.711432 -0.115277 0.000247
v 1.706398 -0.146720 0.025556
v 1.700264 -0.172525 0.056395
v 1.693266 -0.191699 0.091579
v 1.685672 -0.203507 0.129755
v 1.693266 0.203507 0.132059
v 1.708161 0.191699 0.096097
v 1.721889 0.172525 0.062955
v 1.733922 0.146720 0.033905
v 1.743797 0.115277 0.010065
v 1.751135 0.079404 -0.007650
v 1.755653 0.040480 -0.018559
v 1.757179 0.000000 -0.022242
v 1.755653 -0.040480 -0.018559
v 1.751135 -0.079404 -0.007650
v 1.743797 -0.115277 0.010065
v 1.733922 -0.146720 0.033905
v 1.721889 -0.172525 0.062955
v 1.708161 -0.191699 0.096097
v 1.693266 -0.203507 0.132059
v 1.700264 0.203507 0.135799
v 1.721889 0.191699 0.103435
v 1.741819 0.172525 0.073608
v 1.759288 0.146720 0.047464
v 1.773624 0.115277 0.026008
v 1.784277 0.079404 0.010065
v 1.790837 0.040480 0.000248
v 1.793052 0.000000 -0.003068
v 1.790837 -0.040480 0.000248
v 1.784277 -0.079404 0.010065
v 1.773624 -0.115277 0.026008
v 1.759288 -0.146720 0.047464
v 1.741819 -0.172525 0.073608
v 1.721889 -0.191699 0.103435
v 1.700264 -0.203507 0.135799
v 1.706398 0.203507 0.140834
v 1.733922 0.191699 0.113310
v 1.759288 0.172525 0.087944
v 1.781522 0.146720 0.065710
v 1.799768 0.115277 0.047464
v 1.813326 0.079404 0.033905
v 1.821676 0.040480 0.025556
v 1.824495 0.000000 0.022737
v 1.821676 -0.040480 0.025556
v 1.813326 -0.079404 0.033905
v 1.799768 -0.115277 0.047464
v 1.781522 -0.146720 0.065710
v 1.759288 -0.172525 0.087944
v 1.733922 -0.191699 0.113310
v 1.706398 -0.203507 0.140834
v 1.711433 0.203507 0.146968
v 1.743797 0.191699 0.125343
v 1.773624 0.172525 0.105413
v 1.799768 0.146720 0.087944
v 1.821224 0.115277 0.073608
v 1.837167 0.079404 0.062955
v 1.846984 0.040480 0.056395
v 1.850299 0.000000 0.054180
v 1.846984 -0.040480 0.056395
v 1.837167 -0.079404 0.062955
v 1.821224 -0.115277 0.073608
v 1.799768 -0.146720 0.087944
v 1.773624 -0.172525 0.105413
v 1.743797 -0.191699 0.125343
v 1.711432 -0.203507 0.146968
v 1.715173 0.203507 0.153966
v 1.751135 0.191699 0.139071
v 1.784277 0.172525 0.125343
v 1.813326 0.146720 0.113310
v 1.837167 0.115277 0.103435
v 1.854882 0.079404 0.096097
v 1.865790 0.040480 0.091579
v 1.869474 0.000000 0.090053
v 1.865790 -0.040480 0.091579
v 1.854882 -0.079404 0.096097
v 1.837167 -0.115277 0.103435
v 1.813326 -0.146720 0.113310
v 1.784277 -0.172525 0.125343
v 1.751135 -0.191699 0.139071
v 1.715173 -0.203507 0.153966
v 1.717477 0.203507 0.161560
v 1.755653 0.191699 0.153966
v 1.790837 0.172525 0.146968
v 1.821676 0.146720 0.140834
v 1.846984 0.115277 0.135799
v 1.865790 0.079404 0.132059
v 1.877371 0.040480 0.129755
v 1.881282 0.000000 0.128977
v 1.877371 -0.040480 0.129755
v 1.865790 -0.079404 0.132059
v 1.846984 -0.115277 0.135799
v 1.821676 -0.146720 0.140834
v 1.790837 -0.172525 0.146968
v 1.755653 -0.191699 0.153966
v 1.717477 -0.203507 0.161560
v 1.718255 0.203507 0.169457
v 1.757179 0.191699 0.169457
v 1.793052 0.172525 0.169457
v 1.824495 0.146720 0.169457
v 1.850299 0.115277 0.169457
v 1.869474 0.079404 0.169457
v 1.881281 0.040480 0.169457
v 1.885268 0.000000 0.169457
v 1.881281 -0.040480 0.169457
v 1.869474 -0.079404 0.169457
v 1.850299 -0.115277 0.169457
v 1.824495 -0.146720 0.169457
v 1.793052 -0.172525 0.169457
v 1.757179 -0.191699 0.169457
v 1.718255 -0.203507 0.169457
v 1.717477 0.203507 0.177355
v 1.755653 0.191699 0.184948
v 1.790837 0.172525 0.191947
v 1.821676 0.146720 0.198081
v 1.846984 0.115277 0.203115
v 1.865790 0.079404 0.206856
v 1.877371 0.040480 0.209160
v 1.881282 0.000000 0.209937
v 1.877371 -0.040480 0.209160
v 1.865790 -0.079404 0.206856
v 1.846984 -0.115277 0.203115
v 1.821676 -0.146720 0.198081
v 1.790837 -0.172525 0.191947
v 1.755653 -0.191699 0.184948
v 1.717477 -0.203507 0.177355
v 1.715173 0.203507 0.184948
v 1.751135 0.191699 0.199844
v 1.784277 0.172525 0.213572
v 1.813326 0.146720 0.225605
v 1.837167 0.115277 0.235480
v 1.854882 0.079404 0.242818
v 1.865790 0.040480 0.247336
v 1.869474 0.000000 0.248862
v 1.865790 -0.040480 0.247336
v 1.854882 -0.079404 0.242818
v 1.837167 -0.115277 0.235480
v 1.813326 -0.146720 0.225605
v 1.784277 -0.172525 0.213572
v 1.751135 -0.191699 0.199844
v 1.715173 -0.203507 0.184948
v 1.711433 0.203507 0.191947
v 1.743797 0.191699 0.213572
v 1.773624 0.172525 0.233502
v 1.799768 0.146720 0.250971
v 1.821224 0.115277 0.265307
v 1.837167 0.079404 0.275960
v 1.846984 0.040480 0.282520
v 1.850299 0.000000 0.284735
v 1.846984 -0.040480 0.282520
v 1.837167 -0.079404 0.275960
v 1.821224 -0.115277 0.265307
v 1.799768 -0.146720 0.250971
v 1.773624 -0.172525 0.233502
v 1.743797 -0.191699 0.213572
v 1.711432 -0.203507 0.191947
v 1.706398 0.203507 0.198081
v 1.733922 0.191699 0.225605
v 1.759288 0.172525 0.250971
v 1.781522 0.146720 0.273204
v 1.799768 0.115277 0.291451
v 1.813326 0.079404 0.305009
v 1.821676 0.040480 0.313359
v 1.824495 0.000000 0.316178
v 1.821676 -0.040480 0.313359
v 1.813326 -0.079404 0.305009
v 1.799768 -0.115277 0.291451
v 1.781522 -0.146720 0.273204
v 1.759288 -0.172525 0.250971
v 1.733922 -0.191699 0.225605
v 1.706398 -0.203507 0.198081
v 1.700264 0.203507 0.203115
v 1.721889 0.191699 0.235480
v 1.741819 0.172525 0.265307
v 1.759288 0.146720 0.291451
v 1.773624 0.115277 0.312907
v 1.784277 0.079404 0.328850
v 1.790837 0.040480 0.338667
v 1.793052 0.000000 0.341982
v 1.790837 -0.040480 0.338667
v 1.784277 -0.079404 0.328850
v 1.773624 -0.115277 0.312907
v 1.759288 -0.146720 0.291451
v 1.741819 -0.172525 0.265307
v 1.721889 -0.191699 0.235480
v 1.700264 -0.203507 0.203115
v 1.677775 -0.207494 0.169457
v 1.693266 0.203507 0.206856
v 1.708161 0.191699 0.242818
v 1.721889 0.172525 0.275960
v 1.733922 0.146720 0.305009
v 1.743797 0.115277 0.328850
v 1.751135 0.079404 0.346565
v 1.755653 0.040480 0.357473
v 1.757179 0.000000 0.361157
v 1.755653 -0.040480 0.357473
v 1.751135 -0.079404 0.346565
v 1.743797 -0.115277 0.328850
v 1.733922 -0.146720 0.305009
v 1.721889 -0.172525 0.275960
v 1.708161 -0.191699 0.242818
v 1.693266 -0.203507 0.206856
v 1.685672 0.203507 0.209160
v 1.693266 0.191699 0.247336
v 1.700264 0.172525 0.282520
v 1.706398 0.146720 0.313359
v 1.711432 0.115277 0.338667
v 1.715173 0.079404 0.357473
v 1.717477 0.040480 0.369054
v 1.718255 0.000000 0.372964
v 1.717477 -0.040480 0.369054
v 1.715173 -0.079404 0.357473
v 1.711432 -0.115277 0.338667
v 1.706398 -0.146720 0.313359
v 1.700264 -0.172525 0.282520
v 1.693266 -0.191699 0.247336
v 1.685672 -0.203507 0.209160
v 1.677775 0.203507 0.209937
v 1.677775 0.191699 0.248862
v 1.677775 0.172525 0.284735
v 1.677775 0.146720 0.316178
v 1.677775 0.115277 0.341982
v 1.677775 0.079404 0.361157
v 1.677775 0.040480 0.372964
v 1.677775 0.000000 0.376951
v 1.677775 -0.040480 0.372964
v 1.677775 -0.079404 0.361157
v 1.677775 -0.115277 0.341982
v 1.677775 -0.146720 0.316178
v 1.677775 -0.172525 0.284735
v 1.677775 -0.191699 0.248862
v 1.677775 -0.203507 0.209937
v 1.669877 0.203507 0.209160
v 1.662284 0.191699 0.247336
v 1.655285 0.172525 0.282520
v 1.649151 0.146720 0.313359
v 1.644117 0.115277 0.338667
v 1.640376 0.079404 0.357473
v 1.638072 0.040480 0.369054
v 1.637295 0.000000 0.372964
v 1.638072 -0.040480 0.369054
v 1.640376 -0.079404 0.357473
v 1.644117 -0.115277 0.338667
v 1.649151 -0.146720 0.313359
v 1.655285 -0.172525 0.282520
v 1.662284 -0.191699 0.247336
v 1.669877 -0.203507 0.209160
v 1.662284 0.203507 0.206856
v 1.647388 0.191699 0.242818
v 1.633660 0.172525 0.275960
v 1.621627 0.146720 0.305009
v 1.611752 0.115277 0.328850
v 1.604414 0.079404 0.346565
v 1.599896 0.040480 0.357473
v 1.598370 0.000000 0.361157
v 1.599896 -0.040480 0.357473
v 1.604414 -0.079404 0.346565
v 1.611752 -0.115277 0.328850
v 1.621627 -0.146720 0.305009
v 1.633660 -0.172525 0.275960
v 1.647388 -0.191699 0.242818
v 1.662284 -0.203507 0.206856
v 1.655285 0.203507 0.203115
v 1.633660 0.191699 0.235480
v 1.613730 0.172525 0.265307
v 1.596261 0.146720 0.291451
v 1.581925 0.115277 0.312907
v 1.571272 0.079404 0.328850
v 1.564712 0.040480 0.338667
v 1.562497 0.000000 0.341982
v 1.564712 -0.040480 0.338667
v 1.571272 -0.079404 0.328850
v 1.581925 -0.115277 0.312907
v 1.596261 -0.146720 0.291451
v 1.613730 -0.172525 0.265307
v 1.633660 -0.191699 0.235480
v 1.655285 -0.203507 0.203115
v 1.677775 0.207494 0.169457
v 1.649151 0.203507 0.198081
v 1.621627 0.191699 0.225605
v 1.596261 0.172525 0.250971
v 1.574028 0.146720 0.273204
v 1.555781 0.115277 0.291451
v 1.542223 0.079404 0.305009
v 1.533873 0.040480 0.313358
v 1.531054 0.000000 0.316178
v 1.533873 -0.040480 0.313358
v 1.542223 -0.079404 0.305009
v 1.555781 -0.115277 0.291451
v 1.574028 -0.146720 0.273204
v 1.596261 -0.172525 0.250971
v 1.621627 -0.191699 0.225605
v 1.649151 -0.203507 0.198081
v 1.644117 0.203507 0.191947
v 1.611752 0.191699 0.213572
v 1.581925 0.172525 0.233502
v 1.555781 0.146720 0.250971
v 1.534325 0.115277 0.265307
v 1.518382 0.079404 0.275960
v 1.508565 0.040480 0.282520
v 1.505250 0.000000 0.284735
v 1.508565 -0.040480 0.282520
v 1.518382 -0.079404 0.275960
v 1.534325 -0.115277 0.265307
v 1.555781 -0.146720 0.250971
v 1.581925 -0.172525 0.233502
v 1.611752 -0.191699 0.213572
v 1.644117 -0.203507 0.191947
v 1.640376 0.203507 0.184948
v 1.604414 0.191699 0.199844
v 1.571272 0.172525 0.213572
v 1.542223 0.146720 0.225605
v 1.518382 0.115277 0.235480
v 1.500667 0.079404 0.242818
v 1.489759 0.040480 0.247336
v 1.486075 0.000000 0.248862
v 1.489759 -0.040480 0.247336
v 1.500667 -0.079404 0.242818
v 1.518382 -0.115277 0.235480
v 1.542223 -0.146720 0.225605
v 1.571272 -0.172525 0.213572
v 1.604414 -0.191699 0.199844
v 1.640376 -0.203507 0.184948
v 1.638072 0.203507 0.177355
v 1.599896 0.191699 0.184948
v 1.564712 0.172525 0.191947
v 1.533873 0.146720 0.198081
v 1.508565 0.115277 0.203115
v 1.489759 0.079404 0.206856
v 1.478178 0.040480 0.209160
v 1.474268 0.000000 0.209937
v 1.478178 -0.040480 0.209160
v 1.489759 -0.079404 0.206856
v 1.508565 -0.115277 0.203115
v 1.533873 -0.146720 0.198081
v 1.564712 -0.172525 0.191947
v 1.599896 -0.191699 0.184948
v 1.638072 -0.203507 0.177355
v 1.637294 0.203507 0.169457
v 1.598370 0.191699 0.169457
v 1.562497 0.172525 0.169457
v 1.531054 0.146720 0.169457
v 1.505250 0.115277 0.169457
v 1.486075 0.079404 0.169457
v 1.474268 0.040480 0.169457
v 1.470281 0.000000 0.169457
v 1.474268 -0.040480 0.169457
v 1.486075 -0.079404 0.169457
v 1.505250 -0.115277 0.169457
v 1.531054 -0.146720 0.169457
v 1.562497 -0.172525 0.169457
v 1.598370 -0.191699 0.169457
v 1.637295 -0.203507 0.169457
v 1.638072 0.203507 0.161560
v 1.599896 0.191699 0.153966
v 1.564712 0.172525 0.146968
v 1.533873 0.146720 0.140834
v 1.508565 0.115277 0.135799
v 1.489759 0.079404 0.132059
v 1.478178 0.040480 0.129755
v 1.474268 0.000000 0.128977
v 1.478178 -0.040480 0.129755
v 1.489759 -0.079404 0.132059
v 1.508565 -0.115277 0.135799
v 1.533873 -0.146720 0.140834
v 1.564712 -0.172525 0.146968
v 1.599896 -0.191699 0.153966
v 1.638072 -0.203507 0.161560
v 1.640376 0.203507 0.153966
v 1.604414 0.191699 0.139071
v 1.571272 0.172525 0.125343
v 1.542223 0.146720 0.113310
v 1.518382 0.115277 0.103435
v 1.500667 0.079404 0.096097
v 1.489759 0.040480 0.091579
v 1.486075 0.000000 0.090053
v 1.489759 -0.040480 0.091579
v 1.500667 -0.079404 0.096097
v 1.518382 -0.115277 0.103435
v 1.542223 -0.146720 0.113310
v 1.571272 -0.172525 0.125343
v 1.604414 -0.191699 0.139071
v 1.640376 -0.203507 0.153966
v 1.644117 0.203507 0.146968
v 1.611752 0.191699 0.125343
v 1.581925 0.172525 0.105413
v 1.555781 0.146720 0.087944
v 1.534325 0.115277 0.073608
v 1.518382 0.079404 0.062955
v 1.508565 0.040480 0.056395
v 1.505250 0.000000 0.054180
v 1.508565 -0.040480 0.056395
v 1.518382 -0.079404 0.062955
v 1.534325 -0.115277 0.073608
v 1.555781 -0.146720 0.087944
v 1.581925 -0.172525 0.105413
v 1.611752 -0.191699 0.125343
v 1.644117 -0.203507 0.146968
v 1.649151 0.203507 0.140834
v 1.621627 0.191699 0.113310
v 1.596261 0.172525 0.087944
v 1.574028 0.146720 0.065710
v 1.555781 0.115277 0.047464
v 1.542223 0.079404 0.033905
v 1.533874 0.040480 0.025556
v 1.531054 0.000000 0.022737
v 1.533874 -0.040480 0.025556
v 1.542223 -0.079404 0.033905
v 1.555781 -0.115277 0.047464
v 1.574028 -0.146720 0.065710
v 1.596261 -0.172525 0.087944
v 1.621627 -0.191699 0.113310
v 1.649151 -0.203507 0.140834
v 1.655285 0.203507 0.135799
v 1.633660 0.191699 0.103435
v 1.613730 0.172525 0.073608
v 1.596261 0.146720 0.047464
v 1.581925 0.115277 0.026008
v 1.571272 0.079404 0.010065
v 1.564712 0.040480 0.000248
v 1.562497 0.000000 -0.003067
v 1.564712 -0.040480 0.000248
v 1.571272 -0.079404 0.010065
v 1.581925 -0.115277 0.026008
v 1.596261 -0.146720 0.047464
v 1.613730 -0.172525 0.073608
v 1.633660 -0.191699 0.103435
v 1.655285 -0.203507 0.135799
v 1.662284 0.203507 0.132059
v 1.647388 0.191699 0.096097
v 1.633660 0.172525 0.062955
v 1.621627 0.146720 0.033905
v 1.611752 0.115277 0.010065
v 1.604414 0.079404 -0.007650
v 1.599896 0.040480 -0.018558
v 1.598370 0.000000 -0.022242
v 1.599896 -0.040480 -0.018558
v 1.604414 -0.079404 -0.007650
v 1.611752 -0.115277 0.010065
v 1.621627 -0.146720 0.033905
v 1.633660 -0.172525 0.062955
v 1.647388 -0.191699 0.096097
v 1.662284 -0.203507 0.132059
v 1.669877 0.203507 0.129755
v 1.662284 0.191699 0.091579
v 1.655285 0.172525 0.056395
v 1.649151 0.146720 0.025556
v 1.644117 0.115277 0.000248
v 1.640376 0.079404 -0.018558
v 1.638072 0.040480 -0.030139
v 1.637295 0.000000 -0.034049
v 1.638072 -0.040480 -0.030139
v 1.640376 -0.079404 -0.018558
v 1.644117 -0.115277 0.000248
v 1.649151 -0.146720 0.025556
v 1.655285 -0.172525 0.056395
v 1.662284 -0.191699 0.091579
v 1.669877 -0.203507 0.129755
v 1.677775 -0.079404 -0.022242
v 1.677775 -0.115277 -0.003067
v 1.677775 -0.146720 0.022737
v 1.677775 -0.191699 0.090053
v 1.677775 -0.203507 0.128977
v 1.677775 0.203507 -0.188237
v 1.677775 0.191699 -0.227161
v 1.677775 0.172525 -0.263034
v 1.677775 0.146720 -0.294477
v 1.677775 0.115277 -0.320282
v 1.677775 0.079404 -0.339456
v 1.677775 0.040480 -0.351264
v 1.677775 0.000000 -0.355251
v 1.677775 -0.040480 -0.351264
v 1.677775 -0.172525 -0.263034
v 1.685672 0.203507 -0.187459
v 1.693266 0.191699 -0.225636
v 1.700264 0.172525 -0.260819
v 1.706398 0.146720 -0.291658
v 1.711432 0.115277 -0.316967
v 1.715173 0.079404 -0.335773
v 1.717477 0.040480 -0.347354
v 1.718255 0.000000 -0.351264
v 1.717477 -0.040480 -0.347354
v 1.715173 -0.079404 -0.335773
v 1.711432 -0.115277 -0.316967
v 1.706398 -0.146720 -0.291658
v 1.700264 -0.172525 -0.260819
v 1.693266 -0.191699 -0.225636
v 1.685672 -0.203507 -0.187459
v 1.693266 0.203507 -0.185156
v 1.708161 0.191699 -0.221117
v 1.721889 0.172525 -0.254259
v 1.733922 0.146720 -0.283309
v 1.743797 0.115277 -0.307149
v 1.751135 0.079404 -0.324864
v 1.755653 0.040480 -0.335773
v 1.757179 0.000000 -0.339456
v 1.755653 -0.040480 -0.335773
v 1.751135 -0.079404 -0.324864
v 1.743797 -0.115277 -0.307149
v 1.733922 -0.146720 -0.283309
v 1.721889 -0.172525 -0.254259
v 1.708161 -0.191699 -0.221117
v 1.693266 -0.203507 -0.185156
v 1.700264 0.203507 -0.181415
v 1.721889 0.191699 -0.213779
v 1.741819 0.172525 -0.243607
v 1.759288 0.146720 -0.269750
v 1.773624 0.115277 -0.291206
v 1.784277 0.079404 -0.307149
v 1.790837 0.040480 -0.316967
v 1.793052 0.000000 -0.320282
v 1.790837 -0.040480 -0.316967
v 1.784277 -0.079404 -0.307149
v 1.773624 -0.115277 -0.291206
v 1.759288 -0.146720 -0.269750
v 1.741819 -0.172525 -0.243607
v 1.721889 -0.191699 -0.213779
v 1.700264 -0.203507 -0.181415
v 1.706398 0.203507 -0.176381
v 1.733922 0.191699 -0.203904
v 1.759288 0.172525 -0.229270
v 1.781522 0.146720 -0.251504
v 1.799768 0.115277 -0.269750
v 1.813326 0.079404 -0.283309
v 1.821676 0.040480 -0.291658
v 1.824495 0.000000 -0.294477
v 1.821676 -0.040480 -0.291658
v 1.813326 -0.079404 -0.283309
v 1.799768 -0.115277 -0.269750
v 1.781522 -0.146720 -0.251504
v 1.759288 -0.172525 -0.229270
v 1.733922 -0.191699 -0.203904
v 1.706398 -0.203507 -0.176381
v 1.711433 0.203507 -0.170246
v 1.743797 0.191699 -0.191872
v 1.773624 0.172525 -0.211802
v 1.799768 0.146720 -0.229270
v 1.821224 0.115277 -0.243607
v 1.837167 0.079404 -0.254259
v 1.846984 0.040480 -0.260819
v 1.850299 0.000000 -0.263034
v 1.846984 -0.040480 -0.260819
v 1.837167 -0.079404 -0.254259
v 1.821224 -0.115277 -0.243607
v 1.799768 -0.146720 -0.229270
v 1.773624 -0.172525 -0.211802
v 1.743797 -0.191699 -0.191872
v 1.711432 -0.203507 -0.170246
v 1.715173 0.203507 -0.163248
v 1.751135 0.191699 -0.178144
v 1.784277 0.172525 -0.191872
v 1.813326 0.146720 -0.203904
v 1.837167 0.115277 -0.213779
v 1.854882 0.079404 -0.221117
v 1.865790 0.040480 -0.225636
v 1.869474 0.000000 -0.227161
v 1.865790 -0.040480 -0.225636
v 1.854882 -0.079404 -0.221117
v 1.837167 -0.115277 -0.213779
v 1.813326 -0.146720 -0.203904
v 1.784277 -0.172525 -0.191872
v 1.751135 -0.191699 -0.178144
v 1.715173 -0.203507 -0.163248
v 1.717477 0.203507 -0.155654
v 1.755653 0.191699 -0.163248
v 1.790837 0.172525 -0.170246
v 1.821676 0.146720 -0.176381
v 1.846984 0.115277 -0.181415
v 1.865790 0.079404 -0.185156
v 1.877371 0.040480 -0.187459
v 1.881282 0.000000 -0.188237
v 1.877371 -0.040480 -0.187459
v 1.865790 -0.079404 -0.185156
v 1.846984 -0.115277 -0.181415
v 1.821676 -0.146720 -0.176381
v 1.790837 -0.172525 -0.170246
v 1.755653 -0.191699 -0.163248
v 1.717477 -0.203507 -0.155654
v 1.718255 0.203507 -0.147757
v 1.757179 0.191699 -0.147757
v 1.793052 0.172525 -0.147757
v 1.824495 0.146720 -0.147757
v 1.850299 0.115277 -0.147757
v 1.869474 0.079404 -0.147757
v 1.881281 0.040480 -0.147757
v 1.885268 0.000000 -0.147757
v 1.881281 -0.040480 -0.147757
v 1.869474 -0.079404 -0.147757
v 1.850299 -0.115277 -0.147757
v 1.824495 -0.146720 -0.147757
v 1.793052 -0.172525 -0.147757
v 1.757179 -0.191699 -0.147757
v 1.718255 -0.203507 -0.147757
v 1.717477 0.203507 -0.139860
v 1.755653 0.191699 -0.132266
v 1.790837 0.172525 -0.125267
v 1.821676 0.146720 -0.119133
v 1.846984 0.115277 -0.114099
v 1.865790 0.079404 -0.110358
v 1.877371 0.040480 -0.108055
v 1.881282 0.000000 -0.107277
v 1.877371 -0.040480 -0.108055
v 1.865790 -0.079404 -0.110358
v 1.846984 -0.115277 -0.114099
v 1.821676 -0.146720 -0.119133
v 1.790837 -0.172525 -0.125267
v 1.755653 -0.191699 -0.132266
v 1.717477 -0.203507 -0.139860
v 1.715173 0.203507 -0.132266
v 1.751135 0.191699 -0.117370
v 1.784277 0.172525 -0.103642
v 1.813326 0.146720 -0.091609
v 1.837167 0.115277 -0.081734
v 1.854882 0.079404 -0.074397
v 1.865790 0.040480 -0.069878
v 1.869474 0.000000 -0.068352
v 1.865790 -0.040480 -0.069878
v 1.854882 -0.079404 -0.074397
v 1.837167 -0.115277 -0.081734
v 1.813326 -0.146720 -0.091609
v 1.784277 -0.172525 -0.103642
v 1.751135 -0.191699 -0.117370
v 1.715173 -0.203507 -0.132266
v 1.711433 0.203507 -0.125267
v 1.743797 0.191699 -0.103642
v 1.773624 0.172525 -0.083712
v 1.799768 0.146720 -0.066243
v 1.821224 0.115277 -0.051907
v 1.837167 0.079404 -0.041254
v 1.846984 0.040480 -0.034694
v 1.850299 0.000000 -0.032479
v 1.846984 -0.040480 -0.034694
v 1.837167 -0.079404 -0.041254
v 1.821224 -0.115277 -0.051907
v 1.799768 -0.146720 -0.066243
v 1.773624 -0.172525 -0.083712
v 1.743797 -0.191699 -0.103642
v 1.711432 -0.203507 -0.125267
v 1.706398 0.203507 -0.119133
v 1.733922 0.191699 -0.091609
v 1.759288 0.172525 -0.066243
v 1.781522 0.146720 -0.044010
v 1.799768 0.115277 -0.025763
v 1.813326 0.079404 -0.012205
v 1.821676 0.040480 -0.003856
v 1.824495 0.000000 -0.001037
v 1.821676 -0.040480 -0.003856
v 1.813326 -0.079404 -0.012205
v 1.799768 -0.115277 -0.025763
v 1.781522 -0.146720 -0.044010
v 1.759288 -0.172525 -0.066243
v 1.733922 -0.191699 -0.091609
v 1.706398 -0.203507 -0.119133
v 1.700264 0.203507 -0.114099
v 1.721889 0.191699 -0.081734
v 1.741819 0.172525 -0.051907
v 1.759288 0.146720 -0.025763
v 1.773624 0.115277 -0.004308
v 1.784277 0.079404 0.011635
v 1.790837 0.040480 0.021453
v 1.793052 0.000000 0.024768
v 1.790837 -0.040480 0.021453
v 1.784277 -0.079404 0.011635
v 1.773624 -0.115277 -0.004308
v 1.759288 -0.146720 -0.025763
v 1.741819 -0.172525 -0.051907
v 1.721889 -0.191699 -0.081734
v 1.700264 -0.203507 -0.114099
v 1.677775 -0.207494 -0.147757
v 1.693266 0.203507 -0.110358
v 1.708161 0.191699 -0.074397
v 1.721889 0.172525 -0.041254
v 1.733922 0.146720 -0.012205
v 1.743797 0.115277 0.011635
v 1.751135 0.079404 0.029350
v 1.755653 0.040480 0.040259
v 1.757179 0.000000 0.043943
v 1.755653 -0.040480 0.040259
v 1.751135 -0.079404 0.029350
v 1.743797 -0.115277 0.011635
v 1.733922 -0.146720 -0.012205
v 1.721889 -0.172525 -0.041254
v 1.708161 -0.191699 -0.074397
v 1.693266 -0.203507 -0.110358
v 1.685672 0.203507 -0.108055
v 1.693266 0.191699 -0.069878
v 1.700264 0.172525 -0.034694
v 1.706398 0.146720 -0.003856
v 1.711432 0.115277 0.021453
v 1.715173 0.079404 0.040259
v 1.717477 0.040480 0.051840
v 1.718255 0.000000 0.055750
v 1.717477 -0.040480 0.051840
v 1.715173 -0.079404 0.040259
v 1.711432 -0.115277 0.021453
v 1.706398 -0.146720 -0.003856
v 1.700264 -0.172525 -0.034694
v 1.693266 -0.191699 -0.069878
v 1.685672 -0.203507 -0.108055
v 1.677775 0.203507 -0.107277
v 1.677775 0.191699 -0.068352
v 1.677775 0.172525 -0.032479
v 1.677775 0.146720 -0.001037
v 1.677775 0.115277 0.024768
v 1.677775 0.079404 0.043942
v 1.677775 0.040480 0.055750
v 1.677775 0.000000 0.059737
v 1.677775 -0.040480 0.055750
v 1.677775 -0.079404 0.043942
v 1.677775 -0.115277 0.024768
v 1.677775 -0.146720 -0.001037
v 1.677775 -0.172525 -0.032479
v 1.677775 -0.191699 -0.068352
v 1.677775 -0.203507 -0.107277
v 1.669877 0.203507 -0.108055
v 1.662284 0.191699 -0.069878
v 1.655285 0.172525 -0.034694
v 1.649151 0.146720 -0.003856
v 1.644117 0.115277 0.021453
v 1.640376 0.079404 0.040259
v 1.638072 0.040480 0.051840
v 1.637295 0.000000 0.055750
v 1.638072 -0.040480 0.051840
v 1.640376 -0.079404 0.040259
v 1.644117 -0.115277 0.021453
v 1.649151 -0.146720 -0.003856
v 1.655285 -0.172525 -0.034694
v 1.662284 -0.191699 -0.069878
v 1.669877 -0.203507 -0.108055
v 1.662284 0.203507 -0.110358
v 1.647388 0.191699 -0.074397
v 1.633660 0.172525 -0.041254
v 1.621627 0.146720 -0.012205
v 1.611752 0.115277 0.011635
v 1.604414 0.079404 0.029350
v 1.599896 0.040480 0.040259
v 1.598370 0.000000 0.043942
v 1.599896 -0.040480 0.040259
v 1.604414 -0.079404 0.029350
v 1.611752 -0.115277 0.011635
v 1.621627 -0.146720 -0.012205
v 1.633660 -0.172525 -0.041254
v 1.647388 -0.191699 -0.074397
v 1.662284 -0.203507 -0.110358
v 1.655285 0.203507 -0.114099
v 1.633660 0.191699 -0.081734
v 1.613730 0.172525 -0.051907
v 1.596261 0.146720 -0.025763
v 1.581925 0.115277 -0.004308
v 1.571272 0.079404 0.011635
v 1.564712 0.040480 0.021453
v 1.562497 0.000000 0.024768
v 1.564712 -0.040480 0.021453
v 1.571272 -0.079404 0.011635
v 1.581925 -0.115277 -0.004308
v 1.596261 -0.146720 -0.025763
v 1.613730 -0.172525 -0.051907
v 1.633660 -0.191699 -0.081734
v 1.655285 -0.203507 -0.114099
v 1.677775 0.207494 -0.147757
v 1.649151 0.203507 -0.119133
v 1.621627 0.191699 -0.091609
v 1.596261 0.172525 -0.066243
v 1.574028 0.146720 -0.044010
v 1.555781 0.115277 -0.025763
v 1.542223 0.079404 -0.012205
v 1.533873 0.040480 -0.003856
v 1.531054 0.000000 -0.001037
v 1.533873 -0.040480 -0.003856
v 1.542223 -0.079404 -0.012205
v 1.555781 -0.115277 -0.025763
v 1.574028 -0.146720 -0.044010
v 1.596261 -0.172525 -0.066243
v 1.621627 -0.191699 -0.091609
v 1.649151 -0.203507 -0.119133
v 1.644117 0.203507 -0.125267
v 1.611752 0.191699 -0.103642
v 1.581925 0.172525 -0.083712
v 1.555781 0.146720 -0.066243
v 1.534325 0.115277 -0.051907
v 1.518382 0.079404 -0.041254
v 1.508565 0.040480 -0.034695
v 1.505250 0.000000 -0.032479
v 1.508565 -0.040480 -0.034695
v 1.518382 -0.079404 -0.041254
v 1.534325 -0.115277 -0.051907
v 1.555781 -0.146720 -0.066243
v 1.581925 -0.172525 -0.083712
v 1.611752 -0.191699 -0.103642
v 1.644117 -0.203507 -0.125267
v 1.640376 0.203507 -0.132266
v 1.604414 0.191699 -0.117370
v 1.571272 0.172525 -0.103642
v 1.542223 0.146720 -0.091609
v 1.518382 0.115277 -0.081735
v 1.500667 0.079404 -0.074397
v 1.489759 0.040480 -0.069878
v 1.486075 0.000000 -0.068352
v 1.489759 -0.040480 -0.069878
v 1.500667 -0.079404 -0.074397
v 1.518382 -0.115277 -0.081735
v 1.542223 -0.146720 -0.091609
v 1.571272 -0.172525 -0.103642
v 1.604414 -0.191699 -0.117370
v 1.640376 -0.203507 -0.132266
v 1.638072 0.203507 -0.139860
v 1.599896 0.191699 -0.132266
v 1.564712 0.172525 -0.125267
v 1.533873 0.146720 -0.119133
v 1.508565 0.115277 -0.114099
v 1.489759 0.079404 -0.110358
v 1.478178 0.040480 -0.108055
v 1.474268 0.000000 -0.107277
v 1.478178 -0.040480 -0.108055
v 1.489759 -0.079404 -0.110358
v 1.508565 -0.115277 -0.114099
v 1.533873 -0.146720 -0.119133
v 1.564712 -0.172525 -0.125267
v 1.599896 -0.191699 -0.132266
v 1.638072 -0.203507 -0.139860
v 1.637294 0.203507 -0.147757
v 1.598370 0.191699 -0.147757
v 1.562497 0.172525 -0.147757
v 1.531054 0.146720 -0.147757
v 1.505250 0.115277 -0.147757
v 1.486075 0.079404 -0.147757
v 1.474268 0.040480 -0.147757
v 1.470281 0.000000 -0.147757
v 1.474268 -0.040480 -0.147757
v 1.486075 -0.079404 -0.147757
v 1.505250 -0.115277 -0.147757
v 1.531054 -0.146720 -0.147757
v 1.562497 -0.172525 -0.147757
v 1.598370 -0.191699 -0.147757
v 1.637295 -0.203507 -0.147757
v 1.638072 0.203507 -0.155654
v 1.599896 0.191699 -0.163248
v 1.564712 0.172525 -0.170246
v 1.533873 0.146720 -0.176381
v 1.508565 0.115277 -0.181415
v 1.489759 0.079404 -0.185156
v 1.478178 0.040480 -0.187459
v 1.474268 0.000000 -0.188237
v 1.478178 -0.040480 -0.187459
v 1.489759 -0.079404 -0.185156
v 1.508565 -0.115277 -0.181415
v 1.533873 -0.146720 -0.176381
v 1.564712 -0.172525 -0.170246
v 1.599896 -0.191699 -0.163248
v 1.638072 -0.203507 -0.155654
v 1.640376 0.203507 -0.163248
v 1.604414 0.191699 -0.178144
v 1.571272 0.172525 -0.191872
v 1.542223 0.146720 -0.203904
v 1.518382 0.115277 -0.213779
v 1.500667 0.079404 -0.221117
v 1.489759 0.040480 -0.225636
v 1.486075 0.000000 -0.227161
v 1.489759 -0.040480 -0.225636
v 1.500667 -0.079404 -0.221117
v 1.518382 -0.115277 -0.213779
v 1.542223 -0.146720 -0.203904
v 1.571272 -0.172525 -0.191872
v 1.604414 -0.191699 -0.178144
v 1.640376 -0.203507 -0.163248
v 1.644117 0.203507 -0.170246
v 1.611752 0.191699 -0.191872
v 1.581925 0.172525 -0.211802
v 1.555781 0.146720 -0.229270
v 1.534325 0.115277 -0.243607
v 1.518382 0.079404 -0.254259
v 1.508565 0.040480 -0.260819
v 1.505250 0.000000 -0.263034
v 1.508565 -0.040480 -0.260819
v 1.518382 -0.079404 -0.254259
v 1.534325 -0.115277 -0.243607
v 1.555781 -0.146720 -0.229270
v 1.581925 -0.172525 -0.211802
v 1.611752 -0.191699 -0.191872
v 1.644117 -0.203507 -0.170246
v 1.649151 0.203507 -0.176381
v 1.621627 0.191699 -0.203904
v 1.596261 0.172525 -0.229270
v 1.574028 0.146720 -0.251504
v 1.555781 0.115277 -0.269750
v 1.542223 0.079404 -0.283309
v 1.533874 0.040480 -0.291658
v 1.531054 0.000000 -0.294477
v 1.533874 -0.040480 -0.291658
v 1.542223 -0.079404 -0.283309
v 1.555781 -0.115277 -0.269750
v 1.574028 -0.146720 -0.251504
v 1.596261 -0.172525 -0.229270
v 1.621627 -0.191699 -0.203904
v 1.649151 -0.203507 -0.176381
v 1.655285 0.203507 -0.181415
v 1.633660 0.191699 -0.213779
v 1.613730 0.172525 -0.243607
v 1.596261 0.146720 -0.269750
v 1.581925 0.115277 -0.291206
v 1.571272 0.079404 -0.307149
v 1.564712 0.040480 -0.316967
v 1.562497 0.000000 -0.320282
v 1.564712 -0.040480 -0.316967
v 1.571272 -0.079404 -0.307149
v 1.581925 -0.115277 -0.291206
v 1.596261 -0.146720 -0.269750
v 1.613730 -0.172525 -0.243607
v 1.633660 -0.191699 -0.213779
v 1.655285 -0.203507 -0.181415
v 1.662284 0.203507 -0.185156
v 1.647388 0.191699 -0.221117
v 1.633660 0.172525 -0.254259
v 1.621627 0.146720 -0.283309
v 1.611752 0.115277 -0.307149
v 1.604414 0.079404 -0.324864
v 1.599896 0.040480 -0.335773
v 1.598370 0.000000 -0.339456
v 1.599896 -0.040480 -0.335773
v 1.604414 -0.079404 -0.324864
v 1.611752 -0.115277 -0.307149
v 1.621627 -0.146720 -0.283309
v 1.633660 -0.172525 -0.254259
v 1.647388 -0.191699 -0.221117
v 1.662284 -0.203507 -0.185156
v 1.669877 0.203507 -0.187459
v 1.662284 0.191699 -0.225636
v 1.655285 0.172525 -0.260819
v 1.649151 0.146720 -0.291658
v 1.644117 0.115277 -0.316967
v 1.640376 0.079404 -0.335773
v 1.638072 0.040480 -0.347353
v 1.637295 0.000000 -0.351264
v 1.638072 -0.040480 -0.347353
v 1.640376 -0.079404 -0.335773
v 1.644117 -0.115277 -0.316967
v 1.649151 -0.146720 -0.291658
v 1.655285 -0.172525 -0.260819
v 1.662284 -0.191699 -0.225636
v 1.669877 -0.203507 -0.187459
v 1.677775 -0.079404 -0.339456
v 1.677775 -0.115277 -0.320282
v 1.677775 -0.146720 -0.294477
v 1.677775 -0.191699 -0.227161
v 1.677775 -0.203507 -0.188237
vt 0.750000 0.812500
vt 0.750000 0.875000
vt 0.718750 0.875000
vt 0.718750 0.812500
vt 0.750000 0.312500
vt 0.750000 0.375000
vt 0.718750 0.375000
vt 0.718750 0.312500
vt 0.750000 0.750000
vt 0.718750 0.750000
vt 0.750000 0.250000
vt 0.718750 0.250000
vt 0.750000 0.687500
vt 0.718750 0.687500
vt 0.750000 0.187500
vt 0.718750 0.187500
vt 0.750000 0.625000
vt 0.718750 0.625000
vt 0.750000 0.125000
vt 0.718750 0.125000
vt 0.750000 0.562500
vt 0.718750 0.562500
vt 0.750000 0.062500
vt 0.718750 0.062500
vt 0.750000 0.500000
vt 0.718750 0.500000
vt 0.750000 0.937500
vt 0.734375 1.000000
vt 0.718750 0.937500
vt 0.734375 0.000000
vt 0.750000 0.437500
vt 0.718750 0.437500
vt 0.687500 0.500000
vt 0.687500 0.437500
vt 0.687500 0.937500
vt 0.687500 0.875000
vt 0.687500 0.375000
vt 0.687500 0.812500
vt 0.687500 0.312500
vt 0.687500 0.750000
vt 0.687500 0.250000
vt 0.687500 0.687500
vt 0.687500 0.187500
vt 0.687500 0.625000
vt 0.687500 0.125000
vt 0.687500 0.562500
vt 0.687500 0.062500
vt 0.703125 1.000000
vt 0.703125 0.000000
vt 0.656250 0.250000
vt 0.656250 0.187500
vt 0.656250 0.687500
vt 0.656250 0.625000
vt 0.656250 0.125000
vt 0.656250 0.562500
vt 0.656250 0.062500
vt 0.656250 0.500000
vt 0.671875 1.000000
vt 0.656250 0.937500
vt 0.671875 0.000000
vt 0.656250 0.437500
vt 0.656250 0.875000
vt 0.656250 0.375000
vt 0.656250 0.812500
vt 0.656250 0.312500
vt 0.656250 0.750000
vt 0.625000 0.437500
vt 0.625000 0.375000
vt 0.625000 0.875000
vt 0.625000 0.812500
vt 0.625000 0.312500
vt 0.625000 0.750000
vt 0.625000 0.250000
vt 0.625000 0.687500
vt 0.625000 0.187500
vt 0.625000 0.625000
vt 0.625000 0.125000
vt 0.625000 0.562500
vt 0.625000 0.062500
vt 0.625000 0.500000
vt 0.640625 1.000000
vt 0.625000 0.937500
vt 0.640625 0.000000
vt 0.593750 0.187500
vt 0.593750 0.125000
vt 0.593750 0.625000
vt 0.593750 0.562500
vt 0.593750 0.062500
vt 0.593750 0.500000
vt 0.609375 1.000000
vt 0.593750 0.937500
vt 0.609375 0.000000
vt 0.593750 0.437500
vt 0.593750 0.875000
vt 0.593750 0.375000
vt 0.593750 0.812500
vt 0.593750 0.312500
vt 0.593750 0.750000
vt 0.593750 0.250000
vt 0.593750 0.687500
vt 0.562500 0.875000
vt 0.562500 0.812500
vt 0.562500 0.375000
vt 0.562500 0.312500
vt 0.562500 0.750000
vt 0.562500 0.250000
vt 0.562500 0.687500
vt 0.562500 0.187500
vt 0.562500 0.625000
vt 0.562500 0.125000
vt 0.562500 0.562500
vt 0.562500 0.062500
vt 0.562500 0.500000
vt 0.578125 1.000000
vt 0.562500 0.937500
vt 0.578125 0.000000
vt 0.562500 0.437500
vt 0.531250 0.625000
vt 0.531250 0.562500
vt 0.531250 0.125000
vt 0.531250 0.062500
vt 0.531250 0.500000
vt 0.546875 1.000000
vt 0.531250 0.937500
vt 0.546875 0.000000
vt 0.531250 0.437500
vt 0.531250 0.875000
vt 0.531250 0.375000
vt 0.531250 0.812500
vt 0.531250 0.312500
vt 0.531250 0.750000
vt 0.531250 0.250000
vt 0.531250 0.687500
vt 0.531250 0.187500
vt 0.500000 0.375000
vt 0.500000 0.312500
vt 0.500000 0.812500
vt 0.500000 0.750000
vt 0.500000 0.250000
vt 0.500000 0.687500
vt 0.500000 0.187500
vt 0.500000 0.625000
vt 0.500000 0.125000
vt 0.500000 0.562500
vt 0.500000 0.062500
vt 0.500000 0.500000
vt 0.515625 1.000000
vt 0.500000 0.937500
vt 0.515625 0.000000
vt 0.500000 0.437500
vt 0.500000 0.875000
vt 0.468750 0.125000
vt 0.468750 0.062500
vt 0.468750 0.562500
vt 0.468750 0.500000
vt 0.484374 1.000000
vt 0.468750 0.937500
vt 0.484375 0.000000
vt 0.468750 0.437500
vt 0.468750 0.875000
vt 0.468750 0.375000
vt 0.468750 0.812500
vt 0.468750 0.312500
vt 0.468750 0.750000
vt 0.468750 0.250000
vt 0.468750 0.687500
vt 0.468750 0.187500
vt 0.468750 0.625000
vt 0.437500 0.812500
vt 0.437500 0.750000
vt 0.437500 0.312500
vt 0.437500 0.250000
vt 0.437500 0.687500
vt 0.437500 0.187500
vt 0.437500 0.625000
vt 0.437500 0.125000
vt 0.437500 0.562500
vt 0.437500 0.062500
vt 0.437500 0.500000
vt 0.453124 1.000000
vt 0.437500 0.937500
vt 0.453125 0.000000
vt 0.437500 0.437500
vt 0.437500 0.875000
vt 0.437500 0.375000
vt 0.406250 0.562500
vt 0.406250 0.500000
vt 0.421874 1.000000
vt 0.406250 0.937500
vt 0.421875 0.000000
vt 0.406250 0.062500
vt 0.406250 0.437500
vt 0.406250 0.875000
vt 0.406250 0.375000
vt 0.406250 0.812500
vt 0.406250 0.312500
vt 0.406250 0.750000
vt 0.406250 0.250000
vt 0.406250 0.687500
vt 0.406250 0.187500
vt 0.406250 0.625000
vt 0.406250 0.125000
vt 0.375000 0.312500
vt 0.375000 0.250000
vt 0.375000 0.750000
vt 0.375000 0.687500
vt 0.375000 0.187500
vt 0.375000 0.625000
vt 0.375000 0.125000
vt 0.375000 0.562500
vt 0.375000 0.062500
vt 0.375000 0.500000
vt 0.390625 1.000000
vt 0.375000 0.937500
vt 0.390625 0.000000
vt 0.375000 0.437500
vt 0.375000 0.875000
vt 0.375000 0.375000
vt 0.375000 0.812500
vt 0.359375 0.000000
vt 0.343750 0.062500
vt 0.343750 0.500000
vt 0.343750 0.437500
vt 0.343750 0.937500
vt 0.343750 0.875000
vt 0.343750 0.375000
vt 0.343750 0.812500
vt 0.343750 0.312500
vt 0.343750 0.750000
vt 0.343750 0.250000
vt 0.343750 0.687500
vt 0.343750 0.187500
vt 0.343750 0.625000
vt 0.343750 0.125000
vt 0.343750 0.562500
vt 0.359375 1.000000
vt 0.312500 0.250000
vt 0.312500 0.187500
vt 0.312500 0.687500
vt 0.312500 0.625000
vt 0.312500 0.125000
vt 0.312500 0.562500
vt 0.312500 0.062500
vt 0.312500 0.500000
vt 0.328125 1.000000
vt 0.312500 0.937500
vt 0.328125 0.000000
vt 0.312500 0.437500
vt 0.312500 0.875000
vt 0.312500 0.375000
vt 0.312500 0.812500
vt 0.312500 0.312500
vt 0.312500 0.750000
vt 0.281250 0.937500
vt 0.281250 0.875000
vt 0.281250 0.437500
vt 0.281250 0.375000
vt 0.281250 0.812500
vt 0.281250 0.312500
vt 0.281250 0.750000
vt 0.281250 0.250000
vt 0.281250 0.687500
vt 0.281250 0.187500
vt 0.281250 0.625000
vt 0.281250 0.125000
vt 0.281250 0.562500
vt 0.281250 0.062500
vt 0.281250 0.500000
vt 0.296875 1.000000
vt 0.296875 0.000000
vt 0.250000 0.687500
vt 0.250000 0.625000
vt 0.250000 0.187500
vt 0.250000 0.125000
vt 0.250000 0.562500
vt 0.250000 0.062500
vt 0.250000 0.500000
vt 0.265625 1.000000
vt 0.250000 0.937500
vt 0.265625 0.000000
vt 0.250000 0.437500
vt 0.250000 0.875000
vt 0.250000 0.375000
vt 0.250000 0.812500
vt 0.250000 0.312500
vt 0.250000 0.750000
vt 0.250000 0.250000
vt 0.218750 0.437500
vt 0.218750 0.375000
vt 0.218750 0.875000
vt 0.218750 0.812500
vt 0.218750 0.312500
vt 0.218750 0.750000
vt 0.218750 0.250000
vt 0.218750 0.687500
vt 0.218750 0.187500
vt 0.218750 0.625000
vt 0.218750 0.125000
vt 0.218750 0.562500
vt 0.218750 0.062500
vt 0.218750 0.500000
vt 0.234375 1.000000
vt 0.218750 0.937500
vt 0.234375 0.000000
vt 0.187500 0.187500
vt 0.187500 0.125000
vt 0.187500 0.625000
vt 0.187500 0.562500
vt 0.187500 0.062500
vt 0.187500 0.500000
vt 0.203125 1.000000
vt 0.187500 0.937500
vt 0.203125 0.000000
vt 0.187500 0.437500
vt 0.187500 0.875000
vt 0.187500 0.375000
vt 0.187500 0.812500
vt 0.187500 0.312500
vt 0.187500 0.750000
vt 0.187500 0.250000
vt 0.187500 0.687500
vt 0.156250 0.875000
vt 0.156250 0.812500
vt 0.156250 0.375000
vt 0.156250 0.312500
vt 0.156250 0.750000
vt 0.156250 0.250000
vt 0.156250 0.687500
vt 0.156250 0.187500
vt 0.156250 0.625000
vt 0.156250 0.125000
vt 0.156250 0.562500
vt 0.156250 0.062500
vt 0.156250 0.500000
vt 0.171875 1.000000
vt 0.156250 0.937500
vt 0.171875 0.000000
vt 0.156250 0.437500
vt 0.125000 0.625000
vt 0.125000 0.562500
vt 0.125000 0.125000
vt 0.125000 0.062500
vt 0.125000 0.500000
vt 0.140625 1.000000
vt 0.125000 0.937500
vt 0.140625 0.000000
vt 0.125000 0.437500
vt 0.125000 0.875000
vt 0.125000 0.375000
vt 0.125000 0.812500
vt 0.125000 0.312500
vt 0.125000 0.750000
vt 0.125000 0.250000
vt 0.125000 0.687500
vt 0.125000 0.187500
vt 0.093750 0.375000
vt 0.093750 0.312500
vt 0.093750 0.812500
vt 0.093750 0.750000
vt 0.093750 0.250000
vt 0.093750 0.687500
vt 0.093750 0.187500
vt 0.093750 0.625000
vt 0.093750 0.125000
vt 0.093750 0.562500
vt 0.093750 0.062500
vt 0.093750 0.500000
vt 0.109375 1.000000
vt 0.093750 0.937500
vt 0.109375 0.000000
vt 0.093750 0.437500
vt 0.093750 0.875000
vt 0.062500 0.125000
vt 0.062500 0.062500
vt 0.062500 0.562500
vt 0.062500 0.500000
vt 0.078125 1.000000
vt 0.062500 0.937500
vt 0.078125 0.000000
vt 0.062500 0.437500
vt 0.062500 0.875000
vt 0.062500 0.375000
vt 0.062500 0.812500
vt 0.062500 0.312500
vt 0.062500 0.750000
vt 0.062500 0.250000
vt 0.062500 0.687500
vt 0.062500 0.187500
vt 0.062500 0.625000
vt 0.031250 0.312500
vt 0.031250 0.250000
vt 0.031250 0.750000
vt 0.031250 0.687500
vt 0.031250 0.187500
vt 0.031250 0.625000
vt 0.031250 0.125000
vt 0.031250 0.562500
vt 0.031250 0.062500
vt 0.031250 0.500000
vt 0.046875 1.000000
vt 0.031250 0.937500
vt 0.046875 0.000000
vt 0.031250 0.437500
vt 0.031250 0.875000
vt 0.031250 0.375000
vt 0.031250 0.812500
vt 0.015625 1.000000
vt 0.000000 0.937500
vt 0.015625 0.000000
vt 0.000000 0.062500
vt 0.000000 0.500000
vt 0.000000 0.437500
vt 0.000000 0.875000
vt 0.000000 0.375000
vt 0.000000 0.812500
vt 0.000000 0.312500
vt 0.000000 0.750000
vt 0.000000 0.250000
vt 0.000000 0.687500
vt 0.000000 0.187500
vt 0.000000 0.625000
vt 0.000000 0.125000
vt 0.000000 0.562500
vt 1.000000 0.687500
vt 1.000000 0.750000
vt 0.968750 0.750000
vt 0.968750 0.687500
vt 1.000000 0.187500
vt 1.000000 0.250000
vt 0.968750 0.250000
vt 0.968750 0.187500
vt 1.000000 0.625000
vt 0.968750 0.625000
vt 1.000000 0.125000
vt 0.968750 0.125000
vt 1.000000 0.562500
vt 0.968750 0.562500
vt 1.000000 0.062500
vt 0.968750 0.062500
vt 1.000000 0.500000
vt 0.968750 0.500000
vt 1.000000 0.937500
vt 0.984375 1.000000
vt 0.968750 0.937500
vt 0.984375 0.000000
vt 1.000000 0.437500
vt 0.968750 0.437500
vt 1.000000 0.875000
vt 0.968750 0.875000
vt 1.000000 0.375000
vt 0.968750 0.375000
vt 1.000000 0.812500
vt 0.968750 0.812500
vt 1.000000 0.312500
vt 0.968750 0.312500
vt 0.937500 0.500000
vt 0.937500 0.437500
vt 0.937500 0.937500
vt 0.937500 0.875000
vt 0.937500 0.375000
vt 0.937500 0.812500
vt 0.937500 0.312500
vt 0.937500 0.750000
vt 0.937500 0.250000
vt 0.937500 0.687500
vt 0.937500 0.187500
vt 0.937500 0.625000
vt 0.937500 0.125000
vt 0.937500 0.562500
vt 0.937500 0.062500
vt 0.953125 1.000000
vt 0.953125 0.000000
vt 0.906250 0.250000
vt 0.906250 0.187500
vt 0.906250 0.687500
vt 0.906250 0.625000
vt 0.906250 0.125000
vt 0.906250 0.562500
vt 0.906250 0.062500
vt 0.906250 0.500000
vt 0.921875 1.000000
vt 0.906250 0.937500
vt 0.921875 0.000000
vt 0.906250 0.437500
vt 0.906250 0.875000
vt 0.906250 0.375000
vt 0.906250 0.812500
vt 0.906250 0.312500
vt 0.906250 0.750000
vt 0.875000 0.937500
vt 0.875000 0.875000
vt 0.875000 0.437500
vt 0.875000 0.375000
vt 0.875000 0.812500
vt 0.875000 0.312500
vt 0.875000 0.750000
vt 0.875000 0.250000
vt 0.875000 0.687500
vt 0.875000 0.187500
vt 0.875000 0.625000
vt 0.875000 0.125000
vt 0.875000 0.562500
vt 0.875000 0.062500
vt 0.875000 0.500000
vt 0.890625 1.000000
vt 0.890625 0.000000
vt 0.843750 0.687500
vt 0.843750 0.625000
vt 0.843750 0.187500
vt 0.843750 0.125000
vt 0.843750 0.562500
vt 0.843750 0.062500
vt 0.843750 0.500000
vt 0.859375 1.000000
vt 0.843750 0.937500
vt 0.859375 0.000000
vt 0.843750 0.437500
vt 0.843750 0.875000
vt 0.843750 0.375000
vt 0.843750 0.812500
vt 0.843750 0.312500
vt 0.843750 0.750000
vt 0.843750 0.250000
vt 0.812500 0.437500
vt 0.812500 0.375000
vt 0.812500 0.875000
vt 0.812500 0.812500
vt 0.812500 0.312500
vt 0.812500 0.750000
vt 0.812500 0.250000
vt 0.812500 0.687500
vt 0.812500 0.187500
vt 0.812500 0.625000
vt 0.812500 0.125000
vt 0.812500 0.562500
vt 0.812500 0.062500
vt 0.812500 0.500000
vt 0.828125 1.000000
vt 0.812500 0.937500
vt 0.828125 0.000000
vt 0.781250 0.187500
vt 0.781250 0.125000
vt 0.781250 0.625000
vt 0.781250 0.562500
vt 0.781250 0.062500
vt 0.781250 0.500000
vt 0.796875 1.000000
vt 0.781250 0.937500
vt 0.796875 0.000000
vt 0.781250 0.437500
vt 0.781250 0.875000
vt 0.781250 0.375000
vt 0.781250 0.812500
vt 0.781250 0.312500
vt 0.781250 0.750000
vt 0.781250 0.250000
vt 0.781250 0.687500
vt 0.765625 1.000000
vt 0.765625 0.000000
vt 0.750000 0.812500
vt 0.750000 0.875000
vt 0.718750 0.875000
vt 0.718750 0.812500
vt 0.750000 0.312500
vt 0.750000 0.375000
vt 0.718750 0.375000
vt 0.718750 0.312500
vt 0.750000 0.750000
vt 0.718750 0.750000
vt 0.750000 0.250000
vt 0.718750 0.250000
vt 0.750000 0.687500
vt 0.718750 0.687500
vt 0.750000 0.187500
vt 0.718750 0.187500
vt 0.750000 0.625000
vt 0.718750 0.625000
vt 0.750000 0.125000
vt 0.718750 0.125000
vt 0.750000 0.562500
vt 0.718750 0.562500
vt 0.750000 0.062500
vt 0.718750 0.062500
vt 0.750000 0.500000
vt 0.718750 0.500000
vt 0.750000 0.937500
vt 0.734375 1.000000
vt 0.718750 0.937500
vt 0.734375 0.000000
vt 0.750000 0.437500
vt 0.718750 0.437500
vt 0.687500 0.500000
vt 0.687500 0.437500
vt 0.687500 0.937500
vt 0.687500 0.875000
vt 0.687500 0.375000
vt 0.687500 0.812500
vt 0.687500 0.312500
vt 0.687500 0.750000
vt 0.687500 0.250000
vt 0.687500 0.687500
vt 0.687500 0.187500
vt 0.687500 0.625000
vt 0.687500 0.125000
vt 0.687500 0.562500
vt 0.687500 0.062500
vt 0.703125 1.000000
vt 0.703125 0.000000
vt 0.656250 0.250000
vt 0.656250 0.187500
vt 0.656250 0.687500
vt 0.656250 0.625000
vt 0.656250 0.125000
vt 0.656250 0.562500
vt 0.656250 0.062500
vt 0.656250 0.500000
vt 0.671875 1.000000
vt 0.656250 0.937500
vt 0.671875 0.000000
vt 0.656250 0.437500
vt 0.656250 0.875000
vt 0.656250 0.375000
vt 0.656250 0.812500
vt 0.656250 0.312500
vt 0.656250 0.750000
vt 0.625000 0.437500
vt 0.625000 0.375000
vt 0.625000 0.875000
vt 0.625000 0.812500
vt 0.625000 0.312500
vt 0.625000 0.750000
vt 0.625000 0.250000
vt 0.625000 0.687500
vt 0.625000 0.187500
vt 0.625000 0.625000
vt 0.625000 0.125000
vt 0.625000 0.562500
vt 0.625000 0.062500
vt 0.625000 0.500000
vt 0.640625 1.000000
vt 0.625000 0.937500
vt 0.640625 0.000000
vt 0.593750 0.187500
vt 0.593750 0.125000
vt 0.593750 0.625000
vt 0.593750 0.562500
vt 0.593750 0.062500
vt 0.593750 0.500000
vt 0.609375 1.000000
vt 0.593750 0.937500
vt 0.609375 0.000000
vt 0.593750 0.437500
vt 0.593750 0.875000
vt 0.593750 0.375000
vt 0.593750 0.812500
vt 0.593750 0.312500
vt 0.593750 0.750000
vt 0.593750 0.250000
vt 0.593750 0.687500
vt 0.562500 0.875000
vt 0.562500 0.812500
vt 0.562500 0.375000
vt 0.562500 0.312500
vt 0.562500 0.750000
vt 0.562500 0.250000
vt 0.562500 0.687500
vt 0.562500 0.187500
vt 0.562500 0.625000
vt 0.562500 0.125000
vt 0.562500 0.562500
vt 0.562500 0.062500
vt 0.562500 0.500000
vt 0.578125 1.000000
vt 0.562500 0.937500
vt 0.578125 0.000000
vt 0.562500 0.437500
vt 0.531250 0.625000
vt 0.531250 0.562500
vt 0.531250 0.125000
vt 0.531250 0.062500
vt 0.531250 0.500000
vt 0.546875 1.000000
vt 0.531250 0.937500
vt 0.546875 0.000000
vt 0.531250 0.437500
vt 0.531250 0.875000
vt 0.531250 0.375000
vt 0.531250 0.812500
vt 0.531250 0.312500
vt 0.531250 0.750000
vt 0.531250 0.250000
vt 0.531250 0.687500
vt 0.531250 0.187500
vt 0.500000 0.375000
vt 0.500000 0.312500
vt 0.500000 0.812500
vt 0.500000 0.750000
vt 0.500000 0.250000
vt 0.500000 0.687500
vt 0.500000 0.187500
vt 0.500000 0.625000
vt 0.500000 0.125000
vt 0.500000 0.562500
vt 0.500000 0.062500
vt 0.500000 0.500000
vt 0.515625 1.000000
vt 0.500000 0.937500
vt 0.515625 0.000000
vt 0.500000 0.437500
vt 0.500000 0.875000
vt 0.468750 0.125000
vt 0.468750 0.062500
vt 0.468750 0.562500
vt 0.468750 0.500000
vt 0.484374 1.000000
vt 0.468750 0.937500
vt 0.484375 0.000000
vt 0.468750 0.437500
vt 0.468750 0.875000
vt 0.468750 0.375000
vt 0.468750 0.812500
vt 0.468750 0.312500
vt 0.468750 0.750000
vt 0.468750 0.250000
vt 0.468750 0.687500
vt 0.468750 0.187500
vt 0.468750 0.625000
vt 0.437500 0.812500
vt 0.437500 0.750000
vt 0.437500 0.312500
vt 0.437500 0.250000
vt 0.437500 0.687500
vt 0.437500 0.187500
vt 0.437500 0.625000
vt 0.437500 0.125000
vt 0.437500 0.562500
vt 0.437500 0.062500
vt 0.437500 0.500000
vt 0.453124 1.000000
vt 0.437500 0.937500
vt 0.453125 0.000000
vt 0.437500 0.437500
vt 0.437500 0.875000
vt 0.437500 0.375000
vt 0.406250 0.562500
vt 0.406250 0.500000
vt 0.421874 1.000000
vt 0.406250 0.937500
vt 0.421875 0.000000
vt 0.406250 0.062500
vt 0.406250 0.437500
vt 0.406250 0.875000
vt 0.406250 0.375000
vt 0.406250 0.812500
vt 0.406250 0.312500
vt 0.406250 0.750000
vt 0.406250 0.250000
vt 0.406250 0.687500
vt 0.406250 0.187500
vt 0.406250 0.625000
vt 0.406250 0.125000
vt 0.375000 0.312500
vt 0.375000 0.250000
vt 0.375000 0.750000
vt 0.375000 0.687500
vt 0.375000 0.187500
vt 0.375000 0.625000
vt 0.375000 0.125000
vt 0.375000 0.562500
vt 0.375000 0.062500
vt 0.375000 0.500000
vt 0.390625 1.000000
vt 0.375000 0.937500
vt 0.390625 0.000000
vt 0.375000 0.437500
vt 0.375000 0.875000
vt 0.375000 0.375000
vt 0.375000 0.812500
vt 0.359375 0.000000
vt 0.343750 0.062500
vt 0.343750 0.500000
vt 0.343750 0.437500
vt 0.343750 0.937500
vt 0.343750 0.875000
vt 0.343750 0.375000
vt 0.343750 0.812500
vt 0.343750 0.312500
vt 0.343750 0.750000
vt 0.343750 0.250000
vt 0.343750 0.687500
vt 0.343750 0.187500
vt 0.343750 0.625000
vt 0.343750 0.125000
vt 0.343750 0.562500
vt 0.359375 1.000000
vt 0.312500 0.250000
vt 0.312500 0.187500
vt 0.312500 0.687500
vt 0.312500 0.625000
vt 0.312500 0.125000
vt 0.312500 0.562500
vt 0.312500 0.062500
vt 0.312500 0.500000
vt 0.328125 1.000000
vt 0.312500 0.937500
vt 0.328125 0.000000
vt 0.312500 0.437500
vt 0.312500 0.875000
vt 0.312500 0.375000
vt 0.312500 0.812500
vt 0.312500 0.312500
vt 0.312500 0.750000
vt 0.281250 0.937500
vt 0.281250 0.875000
vt 0.281250 0.437500
vt 0.281250 0.375000
vt 0.281250 0.812500
vt 0.281250 0.312500
vt 0.281250 0.750000
vt 0.281250 0.250000
vt 0.281250 0.687500
vt 0.281250 0.187500
vt 0.281250 0.625000
vt 0.281250 0.125000
vt 0.281250 0.562500
vt 0.281250 0.062500
vt 0.281250 0.500000
vt 0.296875 1.000000
vt 0.296875 0.000000
vt 0.250000 0.687500
vt 0.250000 0.625000
vt 0.250000 0.187500
vt 0.250000 0.125000
vt 0.250000 0.562500
vt 0.250000 0.062500
vt 0.250000 0.500000
vt 0.265625 1.000000
vt 0.250000 0.937500
vt 0.265625 0.000000
vt 0.250000 0.437500
vt 0.250000 0.875000
vt 0.250000 0.375000
vt 0.250000 0.812500
vt 0.250000 0.312500
vt 0.250000 0.750000
vt 0.250000 0.250000
vt 0.218750 0.437500
vt 0.218750 0.375000
vt 0.218750 0.875000
vt 0.218750 0.812500
vt 0.218750 0.312500
vt 0.218750 0.750000
vt 0.218750 0.250000
vt 0.218750 0.687500
vt 0.218750 0.187500
vt 0.218750 0.625000
vt 0.218750 0.125000
vt 0.218750 0.562500
vt 0.218750 0.062500
vt 0.218750 0.500000
vt 0.234375 1.000000
vt 0.218750 0.937500
vt 0.234375 0.000000
vt 0.187500 0.187500
vt 0.187500 0.125000
vt 0.187500 0.625000
vt 0.187500 0.562500
vt 0.187500 0.062500
vt 0.187500 0.500000
vt 0.203125 1.000000
vt 0.187500 0.937500
vt 0.203125 0.000000
vt 0.187500 0.437500
vt 0.187500 0.875000
vt 0.187500 0.375000
vt 0.187500 0.812500
vt 0.187500 0.312500
vt 0.187500 0.750000
vt 0.187500 0.250000
vt 0.187500 0.687500
vt 0.156250 0.875000
vt 0.156250 0.812500
vt 0.156250 0.375000
vt 0.156250 0.312500
vt 0.156250 0.750000
vt 0.156250 0.250000
vt 0.156250 0.687500
vt 0.156250 0.187500
vt 0.156250 0.625000
vt 0.156250 0.125000
vt 0.156250 0.562500
vt 0.156250 0.062500
vt 0.156250 0.500000
vt 0.171875 1.000000
vt 0.156250 0.937500
vt 0.171875 0.000000
vt 0.156250 0.437500
vt 0.125000 0.625000
vt 0.125000 0.562500
vt 0.125000 0.125000
vt 0.125000 0.062500
vt 0.125000 0.500000
vt 0.140625 1.000000
vt 0.125000 0.937500
vt 0.140625 0.000000
vt 0.125000 0.437500
vt 0.125000 0.875000
vt 0.125000 0.375000
vt 0.125000 0.812500
vt 0.125000 0.312500
vt 0.125000 0.750000
vt 0.125000 0.250000
vt 0.125000 0.687500
vt 0.125000 0.187500
vt 0.093750 0.375000
vt 0.093750 0.312500
vt 0.093750 0.812500
vt 0.093750 0.750000
vt 0.093750 0.250000
vt 0.093750 0.687500
vt 0.093750 0.187500
vt 0.093750 0.625000
vt 0.093750 0.125000
vt 0.093750 0.562500
vt 0.093750 0.062500
vt 0.093750 0.500000
vt 0.109375 1.000000
vt 0.093750 0.937500
vt 0.109375 0.000000
vt 0.093750 0.437500
vt 0.093750 0.875000
vt 0.062500 0.125000
vt 0.062500 0.062500
vt 0.062500 0.562500
vt 0.062500 0.500000
vt 0.078125 1.000000
vt 0.062500 0.937500
vt 0.078125 0.000000
vt 0.062500 0.437500
vt 0.062500 0.875000
vt 0.062500 0.375000
vt 0.062500 0.812500
vt 0.062500 0.312500
vt 0.062500 0.750000
vt 0.062500 0.250000
vt 0.062500 0.687500
vt 0.062500 0.187500
vt 0.062500 0.625000
vt 0.031250 0.312500
vt 0.031250 0.250000
vt 0.031250 0.750000
vt 0.031250 0.687500
vt 0.031250 0.187500
vt 0.031250 0.625000
vt 0.031250 0.125000
vt 0.031250 0.562500
vt 0.031250 0.062500
vt 0.031250 0.500000
vt 0.046875 1.000000
vt 0.031250 0.937500
vt 0.046875 0.000000
vt 0.031250 0.437500
vt 0.031250 0.875000
vt 0.031250 0.375000
vt 0.031250 0.812500
vt 0.015625 1.000000
vt 0.000000 0.937500
vt 0.015625 0.000000
vt 0.000000 0.062500
vt 0.000000 0.500000
vt 0.000000 0.437500
vt 0.000000 0.875000
vt 0.000000 0.375000
vt 0.000000 0.812500
vt 0.000000 0.312500
vt 0.000000 0.750000
vt 0.000000 0.250000
vt 0.000000 0.687500
vt 0.000000 0.187500
vt 0.000000 0.625000
vt 0.000000 0.125000
vt 0.000000 0.562500
vt 1.000000 0.687500
vt 1.000000 0.750000
vt 0.968750 0.750000
vt 0.968750 0.687500
vt 1.000000 0.187500
vt 1.000000 0.250000
vt 0.968750 0.250000
vt 0.968750 0.187500
vt 1.000000 0.625000
vt 0.968750 0.625000
vt 1.000000 0.125000
vt 0.968750 0.125000
vt 1.000000 0.562500
vt 0.968750 0.562500
vt 1.000000 0.062500
vt 0.968750 0.062500
vt 1.000000 0.500000
vt 0.968750 0.500000
vt 1.000000 0.937500
vt 0.984375 1.000000
vt 0.968750 0.937500
vt 0.984375 0.000000
vt 1.000000 0.437500
vt 0.968750 0.437500
vt 1.000000 0.875000
vt 0.968750 0.875000
vt 1.000000 0.375000
vt 0.968750 0.375000
vt 1.000000 0.812500
vt 0.968750 0.812500
vt 1.000000 0.312500
vt 0.968750 0.312500
vt 0.937500 0.500000
vt 0.937500 0.437500
vt 0.937500 0.937500
vt 0.937500 0.875000
vt 0.937500 0.375000
vt 0.937500 0.812500
vt 0.937500 0.312500
vt 0.937500 0.750000
vt 0.937500 0.250000
vt 0.937500 0.687500
vt 0.937500 0.187500
vt 0.937500 0.625000
vt 0.937500 0.125000
vt 0.937500 0.562500
vt 0.937500 0.062500
vt 0.953125 1.000000
vt 0.953125 0.000000
vt 0.906250 0.250000
vt 0.906250 0.187500
vt 0.906250 0.687500
vt 0.906250 0.625000
vt 0.906250 0.125000
vt 0.906250 0.562500
vt 0.906250 0.062500
vt 0.906250 0.500000
vt 0.921875 1.000000
vt 0.906250 0.937500
vt 0.921875 0.000000
vt 0.906250 0.437500
vt 0.906250 0.875000
vt 0.906250 0.375000
vt 0.906250 0.812500
vt 0.906250 0.312500
vt 0.906250 0.750000
vt 0.875000 0.937500
vt 0.875000 0.875000
vt 0.875000 0.437500
vt 0.875000 0.375000
vt 0.875000 0.812500
vt 0.875000 0.312500
vt 0.875000 0.750000
vt 0.875000 0.250000
vt 0.875000 0.687500
vt 0.875000 0.187500
vt 0.875000 0.625000
vt 0.875000 0.125000
vt 0.875000 0.562500
vt 0.875000 0.062500
vt 0.875000 0.500000
vt 0.890625 1.000000
vt 0.890625 0.000000
vt 0.843750 0.687500
vt 0.843750 0.625000
vt 0.843750 0.187500
vt 0.843750 0.125000
vt 0.843750 0.562500
vt 0.843750 0.062500
vt 0.843750 0.500000
vt 0.859375 1.000000
vt 0.843750 0.937500
vt 0.859375 0.000000
vt 0.843750 0.437500
vt 0.843750 0.875000
vt 0.843750 0.375000
vt 0.843750 0.812500
vt 0.843750 0.312500
vt 0.843750 0.750000
vt 0.843750 0.250000
vt 0.812500 0.437500
vt 0.812500 0.375000
vt 0.812500 0.875000
vt 0.812500 0.812500
vt 0.812500 0.312500
vt 0.812500 0.750000
vt 0.812500 0.250000
vt 0.812500 0.687500
vt 0.812500 0.187500
vt 0.812500 0.625000
vt 0.812500 0.125000
vt 0.812500 0.562500
vt 0.812500 0.062500
vt 0.812500 0.500000
vt 0.828125 1.000000
vt 0.812500 0.937500
vt 0.828125 0.000000
vt 0.781250 0.187500
vt 0.781250 0.125000
vt 0.781250 0.625000
vt 0.781250 0.562500
vt 0.781250 0.062500
vt 0.781250 0.500000
vt 0.796875 1.000000
vt 0.781250 0.937500
vt 0.796875 0.000000
vt 0.781250 0.437500
vt 0.781250 0.875000
vt 0.781250 0.375000
vt 0.781250 0.812500
vt 0.781250 0.312500
vt 0.781250 0.750000
vt 0.781250 0.250000
vt 0.781250 0.687500
vt 0.765625 1.000000
vt 0.765625 0.000000
vn 0.0000 0.8286 -0.5598
vn 0.0000 0.9217 -0.3879
vn 0.0757 0.9217 -0.3804
vn 0.1092 0.8286 -0.5490
vn 0.0000 -0.5528 -0.8333
vn 0.0000 -0.3805 -0.9247
vn 0.1804 -0.3805 -0.9070
vn 0.1626 -0.5528 -0.8173
vn 0.0000 0.7040 -0.7101
vn 0.1385 0.7040 -0.6965
vn 0.0000 -0.7040 -0.7101
vn 0.1385 -0.7040 -0.6965
vn 0.0000 0.5528 -0.8333
vn 0.1626 0.5528 -0.8173
vn 0.0000 -0.8286 -0.5598
vn 0.1092 -0.8286 -0.5490
vn 0.0000 0.3805 -0.9247
vn 0.1804 0.3805 -0.9070
vn 0.0000 -0.9217 -0.3879
vn 0.0757 -0.9217 -0.3804
vn 0.0000 0.1939 -0.9810
vn 0.1914 0.1939 -0.9622
vn 0.0000 -0.9796 -0.2010
vn 0.0392 -0.9796 -0.1971
vn 0.0000 0.0000 -1.0000
vn 0.1951 0.0000 -0.9808
vn 0.0000 0.9796 -0.2010
vn 0.0000 1.0000 0.0000
vn 0.0392 0.9796 -0.1971
vn 0.0000 -1.0000 0.0000
vn 0.0000 -0.1939 -0.9810
vn 0.1914 -0.1939 -0.9622
vn 0.3827 0.0000 -0.9239
vn 0.3754 -0.1939 -0.9063
vn 0.0769 0.9796 -0.1856
vn 0.1484 0.9217 -0.3583
vn 0.3539 -0.3805 -0.8544
vn 0.2142 0.8286 -0.5171
vn 0.3189 -0.5528 -0.7699
vn 0.2717 0.7040 -0.6561
vn 0.2717 -0.7040 -0.6561
vn 0.3189 0.5528 -0.7699
vn 0.2142 -0.8286 -0.5171
vn 0.3539 0.3805 -0.8544
vn 0.1484 -0.9217 -0.3583
vn 0.3754 0.1939 -0.9063
vn 0.0769 -0.9796 -0.1856
vn 0.3945 -0.7040 -0.5904
vn 0.3110 -0.8286 -0.4654
vn 0.4630 0.5528 -0.6929
vn 0.5137 0.3805 -0.7689
vn 0.2155 -0.9217 -0.3225
vn 0.5450 0.1939 -0.8157
vn 0.1116 -0.9796 -0.1671
vn 0.5556 0.0000 -0.8314
vn 0.1116 0.9796 -0.1671
vn 0.5450 -0.1939 -0.8157
vn 0.2155 0.9217 -0.3225
vn 0.5137 -0.3805 -0.7689
vn 0.3110 0.8286 -0.4654
vn 0.4630 -0.5528 -0.6929
vn 0.3945 0.7040 -0.5904
vn 0.6937 -0.1939 -0.6937
vn 0.6539 -0.3805 -0.6539
vn 0.2743 0.9217 -0.2743
vn 0.3958 0.8286 -0.3958
vn 0.5893 -0.5528 -0.5893
vn 0.5021 0.7040 -0.5021
vn 0.5021 -0.7040 -0.5021
vn 0.5893 0.5528 -0.5893
vn 0.3958 -0.8286 -0.3958
vn 0.6539 0.3805 -0.6539
vn 0.2743 -0.9217 -0.2743
vn 0.6937 0.1939 -0.6937
vn 0.1421 -0.9796 -0.1421
vn 0.7071 0.0000 -0.7071
vn 0.1421 0.9796 -0.1421
vn 0.4654 -0.8286 -0.3110
vn 0.3225 -0.9217 -0.2155
vn 0.7689 0.3805 -0.5137
vn 0.8157 0.1939 -0.5450
vn 0.1671 -0.9796 -0.1116
vn 0.8314 0.0000 -0.5556
vn 0.1671 0.9796 -0.1116
vn 0.8157 -0.1939 -0.5450
vn 0.3225 0.9217 -0.2155
vn 0.7689 -0.3805 -0.5137
vn 0.4654 0.8286 -0.3110
vn 0.6929 -0.5528 -0.4630
vn 0.5904 0.7040 -0.3945
vn 0.5904 -0.7040 -0.3945
vn 0.6929 0.5528 -0.4630
vn 0.3583 0.9217 -0.1484
vn 0.5171 0.8286 -0.2142
vn 0.8544 -0.3805 -0.3539
vn 0.7699 -0.5528 -0.3189
vn 0.6561 0.7040 -0.2717
vn 0.6561 -0.7040 -0.2717
vn 0.7699 0.5528 -0.3189
vn 0.5171 -0.8286 -0.2142
vn 0.8544 0.3805 -0.3539
vn 0.3583 -0.9217 -0.1484
vn 0.9063 0.1939 -0.3754
vn 0.1856 -0.9796 -0.0769
vn 0.9239 0.0000 -0.3827
vn 0.1856 0.9796 -0.0769
vn 0.9063 -0.1939 -0.3754
vn 0.9070 0.3805 -0.1804
vn 0.9622 0.1939 -0.1914
vn 0.3804 -0.9217 -0.0757
vn 0.1971 -0.9796 -0.0392
vn 0.9808 0.0000 -0.1951
vn 0.1971 0.9796 -0.0392
vn 0.9622 -0.1939 -0.1914
vn 0.3804 0.9217 -0.0757
vn 0.9070 -0.3805 -0.1804
vn 0.5490 0.8286 -0.1092
vn 0.8173 -0.5528 -0.1626
vn 0.6965 0.7040 -0.1385
vn 0.6965 -0.7040 -0.1385
vn 0.8173 0.5528 -0.1626
vn 0.5490 -0.8286 -0.1092
vn 0.9247 -0.3805 0.0000
vn 0.8333 -0.5528 0.0000
vn 0.5598 0.8286 0.0000
vn 0.7101 0.7040 0.0000
vn 0.7101 -0.7040 0.0000
vn 0.8333 0.5528 0.0000
vn 0.5598 -0.8286 0.0000
vn 0.9247 0.3805 0.0000
vn 0.3879 -0.9217 0.0000
vn 0.9810 0.1939 0.0000
vn 0.2010 -0.9796 0.0000
vn 1.0000 0.0000 0.0000
vn 0.2010 0.9796 0.0000
vn 0.9810 -0.1939 0.0000
vn 0.3879 0.9217 0.0000
vn 0.3804 -0.9217 0.0757
vn 0.1971 -0.9796 0.0392
vn 0.9622 0.1939 0.1914
vn 0.9808 0.0000 0.1951
vn 0.1971 0.9796 0.0392
vn 0.9622 -0.1939 0.1914
vn 0.3804 0.9217 0.0757
vn 0.9070 -0.3805 0.1804
vn 0.5490 0.8286 0.1092
vn 0.8173 -0.5528 0.1626
vn 0.6965 0.7040 0.1385
vn 0.6965 -0.7040 0.1385
vn 0.8173 0.5528 0.1626
vn 0.5490 -0.8286 0.1092
vn 0.9070 0.3805 0.1804
vn 0.5171 0.8286 0.2142
vn 0.6561 0.7040 0.2717
vn 0.7699 -0.5528 0.3189
vn 0.6561 -0.7040 0.2717
vn 0.7699 0.5528 0.3189
vn 0.5171 -0.8286 0.2142
vn 0.8544 0.3805 0.3539
vn 0.3583 -0.9217 0.1484
vn 0.9063 0.1939 0.3754
vn 0.1856 -0.9796 0.0769
vn 0.9239 0.0000 0.3827
vn 0.1856 0.9796 0.0769
vn 0.9063 -0.1939 0.3754
vn 0.3583 0.9217 0.1484
vn 0.8544 -0.3805 0.3539
vn 0.8157 0.1939 0.5450
vn 0.8314 0.0000 0.5556
vn 0.1671 0.9796 0.1116
vn 0.1671 -0.9796 0.1116
vn 0.8157 -0.1939 0.5450
vn 0.3225 0.9217 0.2155
vn 0.7689 -0.3805 0.5137
vn 0.4654 0.8286 0.3110
vn 0.6929 -0.5528 0.4630
vn 0.5904 0.7040 0.3945
vn 0.5904 -0.7040 0.3945
vn 0.6929 0.5528 0.4630
vn 0.4654 -0.8286 0.3110
vn 0.7689 0.3805 0.5137
vn 0.3225 -0.9217 0.2155
vn 0.5893 -0.5528 0.5893
vn 0.5021 -0.7040 0.5021
vn 0.5021 0.7040 0.5021
vn 0.5893 0.5528 0.5893
vn 0.3958 -0.8286 0.3958
vn 0.6539 0.3805 0.6539
vn 0.2743 -0.9217 0.2743
vn 0.6937 0.1939 0.6937
vn 0.1421 -0.9796 0.1421
vn 0.7071 0.0000 0.7071
vn 0.1421 0.9796 0.1421
vn 0.6937 -0.1939 0.6937
vn 0.2743 0.9217 0.2743
vn 0.6539 -0.3805 0.6539
vn 0.3958 0.8286 0.3958
vn 0.1116 -0.9796 0.1671
vn 0.5556 0.0000 0.8314
vn 0.5450 -0.1939 0.8157
vn 0.1116 0.9796 0.1671
vn 0.2155 0.9217 0.3225
vn 0.5137 -0.3805 0.7689
vn 0.3110 0.8286 0.4654
vn 0.4630 -0.5528 0.6929
vn 0.3945 0.7040 0.5904
vn 0.3945 -0.7040 0.5904
vn 0.4630 0.5528 0.6929
vn 0.3110 -0.8286 0.4654
vn 0.5137 0.3805 0.7689
vn 0.2155 -0.9217 0.3225
vn 0.5450 0.1939 0.8157
vn 0.2717 -0.7040 0.6561
vn 0.2142 -0.8286 0.5171
vn 0.3189 0.5528 0.7699
vn 0.3539 0.3805 0.8544
vn 0.1484 -0.9217 0.3583
vn 0.3754 0.1939 0.9063
vn 0.0769 -0.9796 0.1856
vn 0.3827 0.0000 0.9239
vn 0.0769 0.9796 0.1856
vn 0.3754 -0.1939 0.9063
vn 0.1484 0.9217 0.3583
vn 0.3539 -0.3805 0.8544
vn 0.2142 0.8286 0.5171
vn 0.3189 -0.5528 0.7699
vn 0.2717 0.7040 0.6561
vn 0.0392 0.9796 0.1971
vn 0.0757 0.9217 0.3804
vn 0.1914 -0.1939 0.9622
vn 0.1804 -0.3805 0.9070
vn 0.1092 0.8286 0.5490
vn 0.1626 -0.5528 0.8173
vn 0.1385 0.7040 0.6965
vn 0.1385 -0.7040 0.6965
vn 0.1626 0.5528 0.8173
vn 0.1092 -0.8286 0.5490
vn 0.1804 0.3805 0.9070
vn 0.0757 -0.9217 0.3804
vn 0.1914 0.1939 0.9622
vn 0.0392 -0.9796 0.1971
vn 0.1951 0.0000 0.9808
vn 0.0000 0.5528 0.8333
vn 0.0000 0.3805 0.9247
vn 0.0000 -0.8286 0.5598
vn 0.0000 -0.9217 0.3879
vn 0.0000 0.1939 0.9810
vn 0.0000 -0.9796 0.2010
vn 0.0000 0.0000 1.0000
vn 0.0000 0.9796 0.2010
vn 0.0000 -0.1939 0.9810
vn 0.0000 0.9217 0.3879
vn 0.0000 -0.3805 0.9247
vn 0.0000 0.8286 0.5598
vn 0.0000 -0.5528 0.8333
vn 0.0000 0.7040 0.7101
vn 0.0000 -0.7040 0.7101
vn -0.1914 -0.1939 0.9622
vn -0.1804 -0.3805 0.9070
vn -0.0757 0.9217 0.3804
vn -0.1092 0.8286 0.5490
vn -0.1626 -0.5528 0.8173
vn -0.1385 0.7040 0.6965
vn -0.1385 -0.7040 0.6965
vn -0.1626 0.5528 0.8173
vn -0.1092 -0.8286 0.5490
vn -0.1804 0.3805 0.9070
vn -0.0757 -0.9217 0.3804
vn -0.1914 0.1939 0.9622
vn -0.0392 -0.9796 0.1971
vn -0.1951 0.0000 0.9808
vn -0.0392 0.9796 0.1971
vn -0.2142 -0.8286 0.5171
vn -0.1484 -0.9217 0.3583
vn -0.3539 0.3805 0.8544
vn -0.3754 0.1939 0.9063
vn -0.0769 -0.9796 0.1856
vn -0.3827 0.0000 0.9239
vn -0.0769 0.9796 0.1856
vn -0.3754 -0.1939 0.9063
vn -0.1484 0.9217 0.3583
vn -0.3539 -0.3805 0.8544
vn -0.2142 0.8286 0.5171
vn -0.3189 -0.5528 0.7699
vn -0.2717 0.7040 0.6561
vn -0.2717 -0.7040 0.6561
vn -0.3189 0.5528 0.7699
vn -0.2155 0.9217 0.3225
vn -0.3110 0.8286 0.4654
vn -0.5137 -0.3805 0.7689
vn -0.4630 -0.5528 0.6929
vn -0.3945 0.7040 0.5904
vn -0.3945 -0.7040 0.5904
vn -0.4630 0.5528 0.6929
vn -0.3110 -0.8286 0.4654
vn -0.5137 0.3805 0.7689
vn -0.2155 -0.9217 0.3225
vn -0.5450 0.1939 0.8157
vn -0.1116 -0.9796 0.1671
vn -0.5556 0.0000 0.8314
vn -0.1116 0.9796 0.1671
vn -0.5450 -0.1939 0.8157
vn -0.6539 0.3805 0.6539
vn -0.6937 0.1939 0.6937
vn -0.2743 -0.9217 0.2743
vn -0.1421 -0.9796 0.1421
vn -0.7071 0.0000 0.7071
vn -0.1421 0.9796 0.1421
vn -0.6937 -0.1939 0.6937
vn -0.2743 0.9217 0.2743
vn -0.6539 -0.3805 0.6539
vn -0.3958 0.8286 0.3958
vn -0.5893 -0.5528 0.5893
vn -0.5021 0.7040 0.5021
vn -0.5021 -0.7040 0.5021
vn -0.5893 0.5528 0.5893
vn -0.3958 -0.8286 0.3958
vn -0.7689 -0.3805 0.5137
vn -0.6929 -0.5528 0.4630
vn -0.4654 0.8286 0.3110
vn -0.5904 0.7040 0.3945
vn -0.5904 -0.7040 0.3945
vn -0.6929 0.5528 0.4630
vn -0.4654 -0.8286 0.3110
vn -0.7689 0.3805 0.5137
vn -0.3225 -0.9217 0.2155
vn -0.8157 0.1939 0.5450
vn -0.1671 -0.9796 0.1116
vn -0.8314 0.0000 0.5556
vn -0.1671 0.9796 0.1116
vn -0.8157 -0.1939 0.5450
vn -0.3225 0.9217 0.2155
vn -0.3583 -0.9217 0.1484
vn -0.1856 -0.9796 0.0769
vn -0.9063 0.1939 0.3754
vn -0.9239 0.0000 0.3827
vn -0.1856 0.9796 0.0769
vn -0.9063 -0.1939 0.3754
vn -0.3583 0.9217 0.1484
vn -0.8544 -0.3805 0.3539
vn -0.5171 0.8286 0.2142
vn -0.7699 -0.5528 0.3189
vn -0.6561 0.7040 0.2717
vn -0.6561 -0.7040 0.2717
vn -0.7699 0.5528 0.3189
vn -0.5171 -0.8286 0.2142
vn -0.8544 0.3805 0.3539
vn -0.8173 -0.5528 0.1626
vn -0.6965 -0.7040 0.1385
vn -0.6965 0.7040 0.1385
vn -0.8173 0.5528 0.1626
vn -0.5490 -0.8286 0.1092
vn -0.9070 0.3805 0.1804
vn -0.3804 -0.9217 0.0757
vn -0.9622 0.1939 0.1914
vn -0.1971 -0.9796 0.0392
vn -0.9808 0.0000 0.1951
vn -0.1971 0.9796 0.0392
vn -0.9622 -0.1939 0.1914
vn -0.3804 0.9217 0.0757
vn -0.9070 -0.3805 0.1804
vn -0.5490 0.8286 0.1092
vn -0.2010 0.9796 0.0000
vn -0.2010 -0.9796 0.0000
vn -1.0000 0.0000 0.0000
vn -0.9810 -0.1939 0.0000
vn -0.3879 0.9217 0.0000
vn -0.9247 -0.3805 0.0000
vn -0.5598 0.8286 0.0000
vn -0.8333 -0.5528 0.0000
vn -0.7101 0.7040 0.0000
vn -0.7101 -0.7040 0.0000
vn -0.8333 0.5528 0.0000
vn -0.5598 -0.8286 0.0000
vn -0.9247 0.3805 0.0000
vn -0.3879 -0.9217 0.0000
vn -0.9810 0.1939 0.0000
vn -0.6965 0.7040 -0.1385
vn -0.8173 0.5528 -0.1626
vn -0.6965 -0.7040 -0.1385
vn -0.5490 -0.8286 -0.1092
vn -0.9070 0.3805 -0.1804
vn -0.3804 -0.9217 -0.0757
vn -0.9622 0.1939 -0.1914
vn -0.1971 -0.9796 -0.0392
vn -0.9808 0.0000 -0.1951
vn -0.1971 0.9796 -0.0392
vn -0.9622 -0.1939 -0.1914
vn -0.3804 0.9217 -0.0757
vn -0.9070 -0.3805 -0.1804
vn -0.5490 0.8286 -0.1092
vn -0.8173 -0.5528 -0.1626
vn -0.9239 0.0000 -0.3827
vn -0.9063 -0.1939 -0.3754
vn -0.1856 0.9796 -0.0769
vn -0.3583 0.9217 -0.1484
vn -0.8544 -0.3805 -0.3539
vn -0.5171 0.8286 -0.2142
vn -0.7699 -0.5528 -0.3189
vn -0.6561 0.7040 -0.2717
vn -0.6561 -0.7040 -0.2717
vn -0.7699 0.5528 -0.3189
vn -0.5171 -0.8286 -0.2142
vn -0.8544 0.3805 -0.3539
vn -0.3583 -0.9217 -0.1484
vn -0.9063 0.1939 -0.3754
vn -0.1856 -0.9796 -0.0769
vn -0.5904 -0.7040 -0.3945
vn -0.4654 -0.8286 -0.3110
vn -0.6929 0.5528 -0.4630
vn -0.7689 0.3805 -0.5137
vn -0.3225 -0.9217 -0.2155
vn -0.8157 0.1939 -0.5450
vn -0.1671 -0.9796 -0.1116
vn -0.8314 0.0000 -0.5556
vn -0.1671 0.9796 -0.1116
vn -0.8157 -0.1939 -0.5450
vn -0.3225 0.9217 -0.2155
vn -0.7689 -0.3805 -0.5137
vn -0.4654 0.8286 -0.3110
vn -0.6929 -0.5528 -0.4630
vn -0.5904 0.7040 -0.3945
vn -0.1421 0.9796 -0.1421
vn -0.2743 0.9217 -0.2743
vn -0.6937 -0.1939 -0.6937
vn -0.6539 -0.3805 -0.6539
vn -0.3958 0.8286 -0.3958
vn -0.5893 -0.5528 -0.5893
vn -0.5021 0.7040 -0.5021
vn -0.5021 -0.7040 -0.5021
vn -0.5893 0.5528 -0.5893
vn -0.3958 -0.8286 -0.3958
vn -0.6539 0.3805 -0.6539
vn -0.2743 -0.9217 -0.2743
vn -0.6937 0.1939 -0.6937
vn -0.1421 -0.9796 -0.1421
vn -0.7071 0.0000 -0.7071
vn -0.4630 0.5528 -0.6929
vn -0.5137 0.3805 -0.7689
vn -0.3110 -0.8286 -0.4654
vn -0.2155 -0.9217 -0.3225
vn -0.5450 0.1939 -0.8157
vn -0.1116 -0.9796 -0.1671
vn -0.5556 0.0000 -0.8314
vn -0.1116 0.9796 -0.1671
vn -0.5450 -0.1939 -0.8157
vn -0.2155 0.9217 -0.3225
vn -0.5137 -0.3805 -0.7689
vn -0.3110 0.8286 -0.4654
vn -0.4630 -0.5528 -0.6929
vn -0.3945 0.7040 -0.5904
vn -0.3945 -0.7040 -0.5904
vn -0.3754 -0.1939 -0.9063
vn -0.3539 -0.3805 -0.8544
vn -0.1484 0.9217 -0.3583
vn -0.2142 0.8286 -0.5171
vn -0.3189 -0.5528 -0.7699
vn -0.2717 0.7040 -0.6561
vn -0.2717 -0.7040 -0.6561
vn -0.3189 0.5528 -0.7699
vn -0.2142 -0.8286 -0.5171
vn -0.3539 0.3805 -0.8544
vn -0.1484 -0.9217 -0.3583
vn -0.3754 0.1939 -0.9063
vn -0.0769 -0.9796 -0.1856
vn -0.3827 0.0000 -0.9239
vn -0.0769 0.9796 -0.1856
vn -0.1092 -0.8286 -0.5490
vn -0.0757 -0.9217 -0.3804
vn -0.1804 0.3805 -0.9070
vn -0.1914 0.1939 -0.9622
vn -0.0392 -0.9796 -0.1971
vn -0.1951 0.0000 -0.9808
vn -0.0392 0.9796 -0.1971
vn -0.1914 -0.1939 -0.9622
vn -0.0757 0.9217 -0.3804
vn -0.1804 -0.3805 -0.9070
vn -0.1092 0.8286 -0.5490
vn -0.1626 -0.5528 -0.8173
vn -0.1385 0.7040 -0.6965
vn -0.1385 -0.7040 -0.6965
vn -0.1626 0.5528 -0.8173
usemtl Material.001
s 1
f 95/195/39 94/196/40 104/197/41 105/198/42
f 571/199/43 570/200/44 112/201/45 113/202/46
f 96/203/47 95/195/39 105/198/42 106/204/48
f 572/205/49 571/199/43 113/202/46 114/206/50
f 97/207/51 96/203/47 106/204/48 107/208/52
f 102/209/53 572/205/49 114/206/50 115/210/54
f 98/211/55 97/207/51 107/208/52 108/212/56
f 573/213/57 102/209/53 115/210/54 116/214/58
f 99/215/59 98/211/55 108/212/56 109/216/60
f 574/217/61 573/213/57 116/214/58 117/218/62
f 100/219/63 99/215/59 109/216/60 110/220/64
f 93/221/65 389/222/66 103/223/67
f 298/224/68 574/217/61 117/218/62
f 101/225/69 100/219/63 110/220/64 111/226/70
f 94/196/40 93/221/65 103/223/67 104/197/41
f 570/200/44 101/225/69 111/226/70 112/201/45
f 111/226/70 110/220/64 125/227/71 126/228/72
f 104/197/41 103/223/67 118/229/73 119/230/74
f 112/201/45 111/226/70 126/228/72 127/231/75
f 105/198/42 104/197/41 119/230/74 120/232/76
f 113/202/46 112/201/45 127/231/75 128/233/77
f 106/204/48 105/198/42 120/232/76 121/234/78
f 114/206/50 113/202/46 128/233/77 129/235/79
f 107/208/52 106/204/48 121/234/78 122/236/80
f 115/210/54 114/206/50 129/235/79 130/237/81
f 108/212/56 107/208/52 122/236/80 123/238/82
f 116/214/58 115/210/54 130/237/81 131/239/83
f 109/216/60 108/212/56 123/238/82 124/240/84
f 117/218/62 116/214/58 131/239/83 132/241/85
f 110/220/64 109/216/60 124/240/84 125/227/71
f 103/223/67 389/242/66 118/229/73
f 298/243/68 117/218/62 132/241/85
f 130/237/81 129/235/79 144/244/86 145/245/87
f 123/238/82 122/236/80 137/246/88 138/247/89
f 131/239/83 130/237/81 145/245/87 146/248/90
f 124/240/84 123/238/82 138/247/89 139/249/91
f 132/241/85 131/239/83 146/248/90 147/250/92
f 125/227/71 124/240/84 139/249/91 140/251/93
f 118/229/73 389/252/66 133/253/94
f 298/254/68 132/241/85 147/250/92
f 126/228/72 125/227/71 140/251/93 141/255/95
f 119/230/74 118/229/73 133/253/94 134/256/96
f 127/231/75 126/228/72 141/255/95 142/257/97
f 120/232/76 119/230/74 134/256/96 135/258/98
f 128/233/77 127/231/75 142/257/97 143/259/99
f 121/234/78 120/232/76 135/258/98 136/260/100
f 129/235/79 128/233/77 143/259/99 144/244/86
f 122/236/80 121/234/78 136/260/100 137/246/88
f 142/257/97 141/255/95 156/261/101 157/262/102
f 135/258/98 134/256/96 149/263/103 150/264/104
f 143/259/99 142/257/97 157/262/102 158/265/105
f 136/260/100 135/258/98 150/264/104 151/266/106
f 144/244/86 143/259/99 158/265/105 159/267/107
f 137/246/88 136/260/100 151/266/106 152/268/108
f 145/245/87 144/244/86 159/267/107 160/269/109
f 138/247/89 137/246/88 152/268/108 153/270/110
f 146/248/90 145/245/87 160/269/109 161/271/111
f 139/249/91 138/247/89 153/270/110 154/272/112
f 147/250/92 146/248/90 161/271/111 162/273/113
f 140/251/93 139/249/91 154/272/112 155/274/114
f 133/253/94 389/275/66 148/276/115
f 298/277/68 147/250/92 162/273/113
f 141/255/95 140/251/93 155/274/114 156/261/101
f 134/256/96 133/253/94 148/276/115 149/263/103
f 161/271/111 160/269/109 175/278/116 176/279/117
f 154/272/112 153/270/110 168/280/118 169/281/119
f 162/273/113 161/271/111 176/279/117 177/282/120
f 155/274/114 154/272/112 169/281/119 170/283/121
f 148/276/115 389/284/66 163/285/122
f 298/286/68 162/273/113 177/282/120
f 156/261/101 155/274/114 170/283/121 171/287/123
f 149/263/103 148/276/115 163/285/122 164/288/124
f 157/262/102 156/261/101 171/287/123 172/289/125
f 150/264/104 149/263/103 164/288/124 165/290/126
f 158/265/105 157/262/102 172/289/125 173/291/127
f 151/266/106 150/264/104 165/290/126 166/292/128
f 159/267/107 158/265/105 173/291/127 174/293/129
f 152/268/108 151/266/106 166/292/128 167/294/130
f 160/269/109 159/267/107 174/293/129 175/278/116
f 153/270/110 152/268/108 167/294/130 168/280/118
f 165/290/126 164/288/124 179/295/131 180/296/132
f 173/291/127 172/289/125 187/297/133 188/298/134
f 166/292/128 165/290/126 180/296/132 181/299/135
f 174/293/129 173/291/127 188/298/134 189/300/136
f 167/294/130 166/292/128 181/299/135 182/301/137
f 175/278/116 174/293/129 189/300/136 190/302/138
f 168/280/118 167/294/130 182/301/137 183/303/139
f 176/279/117 175/278/116 190/302/138 191/304/140
f 169/281/119 168/280/118 183/303/139 184/305/141
f 177/282/120 176/279/117 191/304/140 192/306/142
f 170/283/121 169/281/119 184/305/141 185/307/143
f 163/285/122 389/308/66 178/309/144
f 298/310/68 177/282/120 192/306/142
f 171/287/123 170/283/121 185/307/143 186/311/145
f 164/288/124 163/285/122 178/309/144 179/295/131
f 172/289/125 171/287/123 186/311/145 187/297/133
f 184/305/141 183/303/139 198/312/146 199/313/147
f 192/306/142 191/304/140 206/314/148 207/315/149
f 185/307/143 184/305/141 199/313/147 200/316/150
f 178/309/144 389/317/66 193/318/151
f 298/319/68 192/306/142 207/315/149
f 186/311/145 185/307/143 200/316/150 201/320/152
f 179/295/131 178/309/144 193/318/151 194/321/153
f 187/297/133 186/311/145 201/320/152 202/322/154
f 180/296/132 179/295/131 194/321/153 195/323/155
f 188/298/134 187/297/133 202/322/154 203/324/156
f 181/299/135 180/296/132 195/323/155 196/325/157
f 189/300/136 188/298/134 203/324/156 204/326/158
f 182/301/137 181/299/135 196/325/157 197/327/159
f 190/302/138 189/300/136 204/326/158 205/328/160
f 183/303/139 182/301/137 197/327/159 198/312/146
f 191/304/140 190/302/138 205/328/160 206/314/148
f 203/324/156 202/322/154 217/329/161 218/330/162
f 196/325/157 195/323/155 210/331/163 211/332/164
f 204/326/158 203/324/156 218/330/162 219/333/165
f 197/327/159 196/325/157 211/332/164 212/334/166
f 205/328/160 204/326/158 219/333/165 220/335/167
f 198/312/146 197/327/159 212/334/166 213/336/168
f 206/314/148 205/328/160 220/335/167 221/337/169
f 199/313/147 198/312/146 213/336/168 214/338/170
f 207/315/149 206/314/148 221/337/169 222/339/171
f 200/316/150 199/313/147 214/338/170 215/340/172
f 193/318/151 389/341/66 208/342/173
f 298/343/68 207/315/149 222/339/171
f 201/320/152 200/316/150 215/340/172 216/344/174
f 194/321/153 193/318/151 208/342/173 209/345/175
f 202/322/154 201/320/152 216/344/174 217/329/161
f 195/323/155 194/321/153 209/345/175 210/331/163
f 222/339/171 221/337/169 236/346/176 237/347/177
f 215/340/172 214/338/170 229/348/178 230/349/179
f 208/342/173 389/350/66 223/351/180
f 298/352/68 222/339/171 237/347/177
f 216/344/174 215/340/172 230/349/179 231/353/181
f 209/345/175 208/342/173 223/351/180 224/354/182
f 217/329/161 216/344/174 231/353/181 232/355/183
f 210/331/163 209/345/175 224/354/182 225/356/184
f 218/330/162 217/329/161 232/355/183 233/357/185
f 211/332/164 210/331/163 225/356/184 226/358/186
f 219/333/165 218/330/162 233/357/185 234/359/187
f 212/334/166 211/332/164 226/358/186 227/360/188
f 220/335/167 219/333/165 234/359/187 235/361/189
f 213/336/168 212/334/166 227/360/188 228/362/190
f 221/337/169 220/335/167 235/361/189 236/346/176
f 214/338/170 213/336/168 228/362/190 229/348/178
f 226/358/186 225/356/184 240/363/191 241/364/192
f 234/359/187 233/357/185 248/365/193 249/366/194
f 227/360/188 226/358/186 241/364/192 242/367/195
f 235/361/189 234/359/187 249/366/194 250/368/196
f 228/362/190 227/360/188 242/367/195 243/369/197
f 236/346/176 235/361/189 250/368/196 251/370/198
f 229/348/178 228/362/190 243/369/197 244/371/199
f 237/347/177 236/346/176 251/370/198 252/372/200
f 230/349/179 229/348/178 244/371/199 245/373/201
f 223/351/180 389/374/66 238/375/202
f 298/376/68 237/347/177 252/372/200
f 231/353/181 230/349/179 245/373/201 246/377/203
f 224/354/182 223/351/180 238/375/202 239/378/204
f 232/355/183 231/353/181 246/377/203 247/379/205
f 225/356/184 224/354/182 239/378/204 240/363/191
f 233/357/185 232/355/183 247/379/205 248/365/193
f 245/373/201 244/371/199 259/380/206 260/381/207
f 238/375/202 389/382/66 253/383/208
f 298/384/68 252/372/200 267/385/209
f 246/377/203 245/373/201 260/381/207 261/386/210
f 239/378/204 238/375/202 253/383/208 254/387/211
f 247/379/205 246/377/203 261/386/210 262/388/212
f 240/363/191 239/378/204 254/387/211 255/389/213
f 248/365/193 247/379/205 262/388/212 263/390/214
f 241/364/192 240/363/191 255/389/213 256/391/215
f 249/366/194 248/365/193 263/390/214 264/392/216
f 242/367/195 241/364/192 256/391/215 257/393/217
f 250/368/196 249/366/194 264/392/216 265/394/218
f 243/369/197 242/367/195 257/393/217 258/395/219
f 251/370/198 250/368/196 265/394/218 266/396/220
f 244/371/199 243/369/197 258/395/219 259/380/206
f 252/372/200 251/370/198 266/396/220 267/385/209
f 264/392/216 263/390/214 278/397/221 279/398/222
f 257/393/217 256/391/215 271/399/223 272/400/224
f 265/394/218 264/392/216 279/398/222 280/401/225
f 258/395/219 257/393/217 272/400/224 273/402/226
f 266/396/220 265/394/218 280/401/225 281/403/227
f 259/380/206 258/395/219 273/402/226 274/404/228
f 267/385/209 266/396/220 281/403/227 282/405/229
f 260/381/207 259/380/206 274/404/228 275/406/230
f 253/383/208 389/407/66 268/408/231
f 298/409/68 267/385/209 282/405/229
f 261/386/210 260/381/207 275/406/230 276/410/232
f 254/387/211 253/383/208 268/408/231 269/411/233
f 262/388/212 261/386/210 276/410/232 277/412/234
f 255/389/213 254/387/211 269/411/233 270/413/235
f 263/390/214 262/388/212 277/412/234 278/397/221
f 256/391/215 255/389/213 270/413/235 271/399/223
f 298/414/68 282/405/229 297/415/236
f 276/410/232 275/406/230 290/416/237 291/417/238
f 269/411/233 268/408/231 283/418/239 284/419/240
f 277/412/234 276/410/232 291/417/238 292/420/241
f 270/413/235 269/411/233 284/419/240 285/421/242
f 278/397/221 277/412/234 292/420/241 293/422/243
f 271/399/223 270/413/235 285/421/242 286/423/244
f 279/398/222 278/397/221 293/422/243 294/424/245
f 272/400/224 271/399/223 286/423/244 287/425/246
f 280/401/225 279/398/222 294/424/245 295/426/247
f 273/402/226 272/400/224 287/425/246 288/427/248
f 281/403/227 280/401/225 295/426/247 296/428/249
f 274/404/228 273/402/226 288/427/248 289/429/250
f 282/405/229 281/403/227 296/428/249 297/415/236
f 275/406/230 274/404/228 289/429/250 290/416/237
f 268/408/231 389/430/66 283/418/239
f 295/426/247 294/424/245 310/431/251 311/432/252
f 288/427/248 287/425/246 303/433/253 304/434/254
f 296/428/249 295/426/247 311/432/252 312/435/255
f 289/429/250 288/427/248 304/434/254 305/436/256
f 297/415/236 296/428/249 312/435/255 313/437/257
f 290/416/237 289/429/250 305/436/256 306/438/258
f 283/418/239 389/439/66 299/440/259
f 298/441/68 297/415/236 313/437/257
f 291/417/238 290/416/237 306/438/258 307/442/260
f 284/419/240 283/418/239 299/440/259 300/443/261
f 292/420/241 291/417/238 307/442/260 308/444/262
f 285/421/242 284/419/240 300/443/261 301/445/263
f 293/422/243 292/420/241 308/444/262 309/446/264
f 286/423/244 285/421/242 301/445/263 302/447/265
f 294/424/245 293/422/243 309/446/264 310/431/251
f 287/425/246 286/423/244 302/447/265 303/433/253
f 300/443/261 299/440/259 314/448/266 315/449/267
f 308/444/262 307/442/260 322/450/268 323/451/269
f 301/445/263 300/443/261 315/449/267 316/452/270
f 309/446/264 308/444/262 323/451/269 324/453/271
f 302/447/265 301/445/263 316/452/270 317/454/272
f 310/431/251 309/446/264 324/453/271 325/455/273
f 303/433/253 302/447/265 317/454/272 318/456/274
f 311/432/252 310/431/251 325/455/273 326/457/275
f 304/434/254 303/433/253 318/456/274 319/458/276
f 312/435/255 311/432/252 326/457/275 327/459/277
f 305/436/256 304/434/254 319/458/276 320/460/278
f 313/437/257 312/435/255 327/459/277 328/461/279
f 306/438/258 305/436/256 320/460/278 321/462/280
f 299/440/259 389/463/66 314/448/266
f 298/464/68 313/437/257 328/461/279
f 307/442/260 306/438/258 321/462/280 322/450/268
f 319/458/276 318/456/274 333/465/281 334/466/282
f 327/459/277 326/457/275 341/467/283 342/468/284
f 320/460/278 319/458/276 334/466/282 335/469/285
f 328/461/279 327/459/277 342/468/284 343/470/286
f 321/462/280 320/460/278 335/469/285 336/471/287
f 314/448/266 389/472/66 329/473/288
f 298/474/68 328/461/279 343/470/286
f 322/450/268 321/462/280 336/471/287 337/475/289
f 315/449/267 314/448/266 329/473/288 330/476/290
f 323/451/269 322/450/268 337/475/289 338/477/291
f 316/452/270 315/449/267 330/476/290 331/478/292
f 324/453/271 323/451/269 338/477/291 339/479/293
f 317/454/272 316/452/270 331/478/292 332/480/294
f 325/455/273 324/453/271 339/479/293 340/481/295
f 318/456/274 317/454/272 332/480/294 333/465/281
f 326/457/275 325/455/273 340/481/295 341/467/283
f 338/477/291 337/475/289 352/482/296 353/483/297
f 331/478/292 330/476/290 345/484/298 346/485/299
f 339/479/293 338/477/291 353/483/297 354/486/300
f 332/480/294 331/478/292 346/485/299 347/487/301
f 340/481/295 339/479/293 354/486/300 355/488/302
f 333/465/281 332/480/294 347/487/301 348/489/303
f 341/467/283 340/481/295 355/488/302 356/490/304
f 334/466/282 333/465/281 348/489/303 349/491/305
f 342/468/284 341/467/283 356/490/304 357/492/306
f 335/469/285 334/466/282 349/491/305 350/493/307
f 343/470/286 342/468/284 357/492/306 358/494/308
f 336/471/287 335/469/285 350/493/307 351/495/309
f 329/473/288 389/496/66 344/497/310
f 298/498/68 343/470/286 358/494/308
f 337/475/289 336/471/287 351/495/309 352/482/296
f 330/476/290 329/473/288 344/497/310 345/484/298
f 357/492/306 356/490/304 371/499/311 372/500/312
f 350/493/307 349/491/305 364/501/313 365/502/314
f 358/494/308 357/492/306 372/500/312 373/503/315
f 351/495/309 350/493/307 365/502/314 366/504/316
f 344/497/310 389/505/66 359/506/317
f 298/507/68 358/494/308 373/503/315
f 352/482/296 351/495/309 366/504/316 367/508/318
f 345/484/298 344/497/310 359/506/317 360/509/319
f 353/483/297 352/482/296 367/508/318 368/510/320
f 346/485/299 345/484/298 360/509/319 361/511/321
f 354/486/300 353/483/297 368/510/320 369/512/322
f 347/487/301 346/485/299 361/511/321 362/513/323
f 355/488/302 354/486/300 369/512/322 370/514/324
f 348/489/303 347/487/301 362/513/323 363/515/325
f 356/490/304 355/488/302 370/514/324 371/499/311
f 349/491/305 348/489/303 363/515/325 364/501/313
f 361/511/321 360/509/319 375/516/326 376/517/327
f 369/512/322 368/510/320 383/518/328 384/519/329
f 362/513/323 361/511/321 376/517/327 377/520/330
f 370/514/324 369/512/322 384/519/329 385/521/331
f 363/515/325 362/513/323 377/520/330 378/522/332
f 371/499/311 370/514/324 385/521/331 386/523/333
f 364/501/313 363/515/325 378/522/332 379/524/334
f 372/500/312 371/499/311 386/523/333 387/525/335
f 365/502/314 364/501/313 379/524/334 380/526/336
f 373/503/315 372/500/312 387/525/335 388/527/337
f 366/504/316 365/502/314 380/526/336 381/528/338
f 359/506/317 389/529/66 374/530/339
f 298/531/68 373/503/315 388/527/337
f 367/508/318 366/504/316 381/528/338 382/532/340
f 360/509/319 359/506/317 374/530/339 375/516/326
f 368/510/320 367/508/318 382/532/340 383/518/328
f 380/526/336 379/524/334 395/533/341 396/534/342
f 388/527/337 387/525/335 403/535/343 404/536/344
f 381/528/338 380/526/336 396/534/342 397/537/345
f 374/530/339 389/538/66 390/539/346
f 298/540/68 388/527/337 404/536/344
f 382/532/340 381/528/338 397/537/345 398/541/347
f 375/516/326 374/530/339 390/539/346 391/542/348
f 383/518/328 382/532/340 398/541/347 399/543/349
f 376/517/327 375/516/326 391/542/348 392/544/350
f 384/519/329 383/518/328 399/543/349 400/545/351
f 377/520/330 376/517/327 392/544/350 393/546/352
f 385/521/331 384/519/329 400/545/351 401/547/353
f 378/522/332 377/520/330 393/546/352 394/548/354
f 386/523/333 385/521/331 401/547/353 402/549/355
f 379/524/334 378/522/332 394/548/354 395/533/341
f 387/525/335 386/523/333 402/549/355 403/535/343
f 400/545/351 399/543/349 414/550/356 415/551/357
f 393/546/352 392/544/350 407/552/358 408/553/359
f 401/547/353 400/545/351 415/551/357 416/554/360
f 394/548/354 393/546/352 408/553/359 409/555/361
f 402/549/355 401/547/353 416/554/360 417/556/362
f 395/533/341 394/548/354 409/555/361 410/557/363
f 403/535/343 402/549/355 417/556/362 418/558/364
f 396/534/342 395/533/341 410/557/363 411/559/365
f 404/536/344 403/535/343 418/558/364 419/560/366
f 397/537/345 396/534/342 411/559/365 412/561/367
f 390/539/346 389/562/66 405/563/368
f 298/564/68 404/536/344 419/560/366
f 398/541/347 397/537/345 412/561/367 413/565/369
f 391/542/348 390/539/346 405/563/368 406/566/370
f 399/543/349 398/541/347 413/565/369 414/550/356
f 392/544/350 391/542/348 406/566/370 407/552/358
f 419/560/366 418/558/364 433/567/371 434/568/372
f 412/561/367 411/559/365 426/569/373 427/570/374
f 405/563/368 389/571/66 420/572/375
f 298/573/68 419/560/366 434/568/372
f 413/565/369 412/561/367 427/570/374 428/574/376
f 406/566/370 405/563/368 420/572/375 421/575/377
f 414/550/356 413/565/369 428/574/376 429/576/378
f 407/552/358 406/566/370 421/575/377 422/577/379
f 415/551/357 414/550/356 429/576/378 430/578/380
f 408/553/359 407/552/358 422/577/379 423/579/381
f 416/554/360 415/551/357 430/578/380 431/580/382
f 409/555/361 408/553/359 423/579/381 424/581/383
f 417/556/362 416/554/360 431/580/382 432/582/384
f 410/557/363 409/555/361 424/581/383 425/583/385
f 418/558/364 417/556/362 432/582/384 433/567/371
f 411/559/365 410/557/363 425/583/385 426/569/373
f 431/580/382 430/578/380 445/584/386 446/585/387
f 424/581/383 423/579/381 438/586/388 439/587/389
f 432/582/384 431/580/382 446/585/387 447/588/390
f 425/583/385 424/581/383 439/587/389 440/589/391
f 433/567/371 432/582/384 447/588/390 448/590/392
f 426/569/373 425/583/385 440/589/391 441/591/393
f 434/568/372 433/567/371 448/590/392 449/592/394
f 427/570/374 426/569/373 441/591/393 442/593/395
f 420/572/375 389/594/66 435/595/396
f 298/596/68 434/568/372 449/592/394
f 428/574/376 427/570/374 442/593/395 443/597/397
f 421/575/377 420/572/375 435/595/396 436/598/398
f 429/576/378 428/574/376 443/597/397 444/599/399
f 422/577/379 421/575/377 436/598/398 437/600/400
f 430/578/380 429/576/378 444/599/399 445/584/386
f 423/579/381 422/577/379 437/600/400 438/586/388
f 435/595/396 389/601/66 450/602/401
f 298/603/68 449/592/394 464/604/402
f 443/597/397 442/593/395 457/605/403 458/606/404
f 436/598/398 435/595/396 450/602/401 451/607/405
f 444/599/399 443/597/397 458/606/404 459/608/406
f 437/600/400 436/598/398 451/607/405 452/609/407
f 445/584/386 444/599/399 459/608/406 460/610/408
f 438/586/388 437/600/400 452/609/407 453/611/409
f 446/585/387 445/584/386 460/610/408 461/612/410
f 439/587/389 438/586/388 453/611/409 454/613/411
f 447/588/390 446/585/387 461/612/410 462/614/412
f 440/589/391 439/587/389 454/613/411 455/615/413
f 448/590/392 447/588/390 462/614/412 463/616/414
f 441/591/393 440/589/391 455/615/413 456/617/415
f 449/592/394 448/590/392 463/616/414 464/604/402
f 442/593/395 441/591/393 456/617/415 457/605/403
f 454/618/411 453/619/409 468/620/416 469/621/417
f 462/622/412 461/623/410 476/624/418 477/625/419
f 455/626/413 454/618/411 469/621/417 470/627/420
f 463/628/414 462/622/412 477/625/419 478/629/421
f 456/630/415 455/626/413 470/627/420 471/631/422
f 464/632/402 463/628/414 478/629/421 479/633/423
f 457/634/403 456/630/415 471/631/422 472/635/424
f 450/636/401 389/637/66 465/638/425
f 298/639/68 464/632/402 479/633/423
f 458/640/404 457/634/403 472/635/424 473/641/426
f 451/642/405 450/636/401 465/638/425 466/643/427
f 459/644/406 458/640/404 473/641/426 474/645/428
f 452/646/407 451/642/405 466/643/427 467/647/429
f 460/648/408 459/644/406 474/645/428 475/649/430
f 453/619/409 452/646/407 467/647/429 468/620/416
f 461/623/410 460/648/408 475/649/430 476/624/418
f 473/641/426 472/635/424 487/650/431 488/651/432
f 466/643/427 465/638/425 480/652/433 481/653/434
f 474/645/428 473/641/426 488/651/432 489/654/435
f 467/647/429 466/643/427 481/653/434 482/655/436
f 475/649/430 474/645/428 489/654/435 490/656/437
f 468/620/416 467/647/429 482/655/436 483/657/438
f 476/624/418 475/649/430 490/656/437 491/658/439
f 469/621/417 468/620/416 483/657/438 484/659/440
f 477/625/419 476/624/418 491/658/439 492/660/441
f 470/627/420 469/621/417 484/659/440 485/661/442
f 478/629/421 477/625/419 492/660/441 493/662/443
f 471/631/422 470/627/420 485/661/442 486/663/444
f 479/633/423 478/629/421 493/662/443 494/664/445
f 472/635/424 471/631/422 486/663/444 487/650/431
f 465/638/425 389/665/66 480/652/433
f 298/666/68 479/633/423 494/664/445
f 492/660/441 491/658/439 506/667/446 507/668/447
f 485/661/442 484/659/440 499/669/448 500/670/449
f 493/662/443 492/660/441 507/668/447 508/671/450
f 486/663/444 485/661/442 500/670/449 501/672/451
f 494/664/445 493/662/443 508/671/450 509/673/452
f 487/650/431 486/663/444 501/672/451 502/674/453
f 480/652/433 389/675/66 495/676/454
f 298/677/68 494/664/445 509/673/452
f 488/651/432 487/650/431 502/674/453 503/678/455
f 481/653/434 480/652/433 495/676/454 496/679/456
f 489/654/435 488/651/432 503/678/455 504/680/457
f 482/655/436 481/653/434 496/679/456 497/681/458
f 490/656/437 489/654/435 504/680/457 505/682/459
f 483/657/438 482/655/436 497/681/458 498/683/460
f 491/658/439 490/656/437 505/682/459 506/667/446
f 484/659/440 483/657/438 498/683/460 499/669/448
f 496/679/456 495/676/454 510/684/461 511/685/462
f 504/680/457 503/678/455 518/686/463 519/687/464
f 497/681/458 496/679/456 511/685/462 512/688/465
f 505/682/459 504/680/457 519/687/464 520/689/466
f 498/683/460 497/681/458 512/688/465 513/690/467
f 506/667/446 505/682/459 520/689/466 521/691/468
f 499/669/448 498/683/460 513/690/467 514/692/469
f 507/668/447 506/667/446 521/691/468 522/693/470
f 500/670/449 499/669/448 514/692/469 515/694/471
f 508/671/450 507/668/447 522/693/470 523/695/472
f 501/672/451 500/670/449 515/694/471 516/696/473
f 509/673/452 508/671/450 523/695/472 524/697/474
f 502/674/453 501/672/451 516/696/473 517/698/475
f 495/676/454 389/699/66 510/684/461
f 298/700/68 509/673/452 524/697/474
f 503/678/455 502/674/453 517/698/475 518/686/463
f 515/694/471 514/692/469 529/701/476 530/702/477
f 523/695/472 522/693/470 537/703/478 538/704/479
f 516/696/473 515/694/471 530/702/477 531/705/480
f 524/697/474 523/695/472 538/704/479 539/706/481
f 517/698/475 516/696/473 531/705/480 532/707/482
f 510/684/461 389/708/66 525/709/483
f 298/710/68 524/697/474 539/706/481
f 518/686/463 517/698/475 532/707/482 533/711/484
f 511/685/462 510/684/461 525/709/483 526/712/485
f 519/687/464 518/686/463 533/711/484 534/713/486
f 512/688/465 511/685/462 526/712/485 527/714/487
f 520/689/466 519/687/464 534/713/486 535/715/488
f 513/690/467 512/688/465 527/714/487 528/716/489
f 521/691/468 520/689/466 535/715/488 536/717/490
f 514/692/469 513/690/467 528/716/489 529/701/476
f 522/693/470 521/691/468 536/717/490 537/703/478
f 534/713/486 533/711/484 548/718/491 549/719/492
f 527/714/487 526/712/485 541/720/493 542/721/494
f 535/715/488 534/713/486 549/719/492 550/722/495
f 528/716/489 527/714/487 542/721/494 543/723/496
f 536/717/490 535/715/488 550/722/495 551/724/497
f 529/701/476 528/716/489 543/723/496 544/725/498
f 537/703/478 536/717/490 551/724/497 552/726/499
f 530/702/477 529/701/476 544/725/498 545/727/500
f 538/704/479 537/703/478 552/726/499 553/728/501
f 531/705/480 530/702/477 545/727/500 546/729/502
f 539/706/481 538/704/479 553/728/501 554/730/503
f 532/707/482 531/705/480 546/729/502 547/731/504
f 525/709/483 389/732/66 540/733/505
f 298/734/68 539/706/481 554/730/503
f 533/711/484 532/707/482 547/731/504 548/718/491
f 526/712/485 525/709/483 540/733/505 541/720/493
f 553/728/501 552/726/499 567/735/506 568/736/507
f 546/729/502 545/727/500 560/737/508 561/738/509
f 554/730/503 553/728/501 568/736/507 569/739/510
f 547/731/504 546/729/502 561/738/509 562/740/511
f 540/733/505 389/741/66 555/742/512
f 298/743/68 554/730/503 569/739/510
f 548/718/491 547/731/504 562/740/511 563/744/513
f 541/720/493 540/733/505 555/742/512 556/745/514
f 549/719/492 548/718/491 563/744/513 564/746/515
f 542/721/494 541/720/493 556/745/514 557/747/516
f 550/722/495 549/719/492 564/746/515 565/748/517
f 543/723/496 542/721/494 557/747/516 558/749/518
f 551/724/497 550/722/495 565/748/517 566/750/519
f 544/725/498 543/723/496 558/749/518 559/751/520
f 552/726/499 551/724/497 566/750/519 567/735/506
f 545/727/500 544/725/498 559/751/520 560/737/508
f 565/748/517 564/746/515 570/200/44 571/199/43
f 558/749/518 557/747/516 95/195/39 96/203/47
f 566/750/519 565/748/517 571/199/43 572/205/49
f 559/751/520 558/749/518 96/203/47 97/207/51
f 567/735/506 566/750/519 572/205/49 102/209/53
f 560/737/508 559/751/520 97/207/51 98/211/55
f 568/736/507 567/735/506 102/209/53 573/213/57
f 561/738/509 560/737/508 98/211/55 99/215/59
f 569/739/510 568/736/507 573/213/57 574/217/61
f 562/740/511 561/738/509 99/215/59 100/219/63
f 555/742/512 389/752/66 93/221/65
f 298/753/68 569/739/510 574/217/61
f 563/744/513 562/740/511 100/219/63 101/225/69
f 556/745/514 555/742/512 93/221/65 94/196/40
f 564/746/515 563/744/513 101/225/69 570/200/44
f 557/747/516 556/745/514 94/196/40 95/195/39
f 577/754/39 576/755/40 586/756/41 587/757/42
f 1053/758/43 1052/759/44 594/760/45 595/761/46
f 578/762/47 577/754/39 587/757/42 588/763/48
f 1054/764/49 1053/758/43 595/761/46 596/765/50
f 579/766/51 578/762/47 588/763/48 589/767/52
f 584/768/53 1054/764/49 596/765/50 597/769/54
f 580/770/55 579/766/51 589/767/52 590/771/56
f 1055/772/57 584/768/53 597/769/54 598/773/58
f 581/774/59 580/770/55 590/771/56 591/775/60
f 1056/776/61 1055/772/57 598/773/58 599/777/62
f 582/778/63 581/774/59 591/775/60 592/779/64
f 575/780/65 871/781/66 585/782/67
f 780/783/68 1056/776/61 599/777/62
f 583/784/69 582/778/63 592/779/64 593/785/70
f 576/755/40 575/780/65 585/782/67 586/756/41
f 1052/759/44 583/784/69 593/785/70 594/760/45
f 593/785/70 592/779/64 607/786/71 608/787/72
f 586/756/41 585/782/67 600/788/73 601/789/74
f 594/760/45 593/785/70 608/787/72 609/790/75
f 587/757/42 586/756/41 601/789/74 602/791/76
f 595/761/46 594/760/45 609/790/75 610/792/77
f 588/763/48 587/757/42 602/791/76 603/793/78
f 596/765/50 595/761/46 610/792/77 611/794/79
f 589/767/52 588/763/48 603/793/78 604/795/80
f 597/769/54 596/765/50 611/794/79 612/796/81
f 590/771/56 589/767/52 604/795/80 605/797/82
f 598/773/58 597/769/54 612/796/81 613/798/83
f 591/775/60 590/771/56 605/797/82 606/799/84
f 599/777/62 598/773/58 613/798/83 614/800/85
f 592/779/64 591/775/60 606/799/84 607/786/71
f 585/782/67 871/801/66 600/788/73
f 780/802/68 599/777/62 614/800/85
f 612/796/81 611/794/79 626/803/86 627/804/87
f 605/797/82 604/795/80 619/805/88 620/806/89
f 613/798/83 612/796/81 627/804/87 628/807/90
f 606/799/84 605/797/82 620/806/89 621/808/91
f 614/800/85 613/798/83 628/807/90 629/809/92
f 607/786/71 606/799/84 621/808/91 622/810/93
f 600/788/73 871/811/66 615/812/94
f 780/813/68 614/800/85 629/809/92
f 608/787/72 607/786/71 622/810/93 623/814/95
f 601/789/74 600/788/73 615/812/94 616/815/96
f 609/790/75 608/787/72 623/814/95 624/816/97
f 602/791/76 601/789/74 616/815/96 617/817/98
f 610/792/77 609/790/75 624/816/97 625/818/99
f 603/793/78 602/791/76 617/817/98 618/819/100
f 611/794/79 610/792/77 625/818/99 626/803/86
f 604/795/80 603/793/78 618/819/100 619/805/88
f 624/816/97 623/814/95 638/820/101 639/821/102
f 617/817/98 616/815/96 631/822/103 632/823/104
f 625/818/99 624/816/97 639/821/102 640/824/105
f 618/819/100 617/817/98 632/823/104 633/825/106
f 626/803/86 625/818/99 640/824/105 641/826/107
f 619/805/88 618/819/100 633/825/106 634/827/108
f 627/804/87 626/803/86 641/826/107 642/828/109
f 620/806/89 619/805/88 634/827/108 635/829/110
f 628/807/90 627/804/87 642/828/109 643/830/111
f 621/808/91 620/806/89 635/829/110 636/831/112
f 629/809/92 628/807/90 643/830/111 644/832/113
f 622/810/93 621/808/91 636/831/112 637/833/114
f 615/812/94 871/834/66 630/835/115
f 780/836/68 629/809/92 644/832/113
f 623/814/95 622/810/93 637/833/114 638/820/101
f 616/815/96 615/812/94 630/835/115 631/822/103
f 643/830/111 642/828/109 657/837/116 658/838/117
f 636/831/112 635/829/110 650/839/118 651/840/119
f 644/832/113 643/830/111 658/838/117 659/841/120
f 637/833/114 636/831/112 651/840/119 652/842/121
f 630/835/115 871/843/66 645/844/122
f 780/845/68 644/832/113 659/841/120
f 638/820/101 637/833/114 652/842/121 653/846/123
f 631/822/103 630/835/115 645/844/122 646/847/124
f 639/821/102 638/820/101 653/846/123 654/848/125
f 632/823/104 631/822/103 646/847/124 647/849/126
f 640/824/105 639/821/102 654/848/125 655/850/127
f 633/825/106 632/823/104 647/849/126 648/851/128
f 641/826/107 640/824/105 655/850/127 656/852/129
f 634/827/108 633/825/106 648/851/128 649/853/130
f 642/828/109 641/826/107 656/852/129 657/837/116
f 635/829/110 634/827/108 649/853/130 650/839/118
f 647/849/126 646/847/124 661/854/131 662/855/132
f 655/850/127 654/848/125 669/856/133 670/857/134
f 648/851/128 647/849/126 662/855/132 663/858/135
f 656/852/129 655/850/127 670/857/134 671/859/136
f 649/853/130 648/851/128 663/858/135 664/860/137
f 657/837/116 656/852/129 671/859/136 672/861/138
f 650/839/118 649/853/130 664/860/137 665/862/139
f 658/838/117 657/837/116 672/861/138 673/863/140
f 651/840/119 650/839/118 665/862/139 666/864/141
f 659/841/120 658/838/117 673/863/140 674/865/142
f 652/842/121 651/840/119 666/864/141 667/866/143
f 645/844/122 871/867/66 660/868/144
f 780/869/68 659/841/120 674/865/142
f 653/846/123 652/842/121 667/866/143 668/870/145
f 646/847/124 645/844/122 660/868/144 661/854/131
f 654/848/125 653/846/123 668/870/145 669/856/133
f 666/864/141 665/862/139 680/871/146 681/872/147
f 674/865/142 673/863/140 688/873/148 689/874/149
f 667/866/143 666/864/141 681/872/147 682/875/150
f 660/868/144 871/876/66 675/877/151
f 780/878/68 674/865/142 689/874/149
f 668/870/145 667/866/143 682/875/150 683/879/152
f 661/854/131 660/868/144 675/877/151 676/880/153
f 669/856/133 668/870/145 683/879/152 684/881/154
f 662/855/132 661/854/131 676/880/153 677/882/155
f 670/857/134 669/856/133 684/881/154 685/883/156
f 663/858/135 662/855/132 677/882/155 678/884/157
f 671/859/136 670/857/134 685/883/156 686/885/158
f 664/860/137 663/858/135 678/884/157 679/886/159
f 672/861/138 671/859/136 686/885/158 687/887/160
f 665/862/139 664/860/137 679/886/159 680/871/146
f 673/863/140 672/861/138 687/887/160 688/873/148
f 685/883/156 684/881/154 699/888/161 700/889/162
f 678/884/157 677/882/155 692/890/163 693/891/164
f 686/885/158 685/883/156 700/889/162 701/892/165
f 679/886/159 678/884/157 693/891/164 694/893/166
f 687/887/160 686/885/158 701/892/165 702/894/167
f 680/871/146 679/886/159 694/893/166 695/895/168
f 688/873/148 687/887/160 702/894/167 703/896/169
f 681/872/147 680/871/146 695/895/168 696/897/170
f 689/874/149 688/873/148 703/896/169 704/898/171
f 682/875/150 681/872/147 696/897/170 697/899/172
f 675/877/151 871/900/66 690/901/173
f 780/902/68 689/874/149 704/898/171
f 683/879/152 682/875/150 697/899/172 698/903/174
f 676/880/153 675/877/151 690/901/173 691/904/175
f 684/881/154 683/879/152 698/903/174 699/888/161
f 677/882/155 676/880/153 691/904/175 692/890/163
f 704/898/171 703/896/169 718/905/176 719/906/177
f 697/899/172 696/897/170 711/907/178 712/908/179
f 690/901/173 871/909/66 705/910/180
f 780/911/68 704/898/171 719/906/177
f 698/903/174 697/899/172 712/908/179 713/912/181
f 691/904/175 690/901/173 705/910/180 706/913/182
f 699/888/161 698/903/174 713/912/181 714/914/183
f 692/890/163 691/904/175 706/913/182 707/915/184
f 700/889/162 699/888/161 714/914/183 715/916/185
f 693/891/164 692/890/163 707/915/184 708/917/186
f 701/892/165 700/889/162 715/916/185 716/918/187
f 694/893/166 693/891/164 708/917/186 709/919/188
f 702/894/167 701/892/165 716/918/187 717/920/189
f 695/895/168 694/893/166 709/919/188 710/921/190
f 703/896/169 702/894/167 717/920/189 718/905/176
f 696/897/170 695/895/168 710/921/190 711/907/178
f 708/917/186 707/915/184 722/922/191 723/923/192
f 716/918/187 715/916/185 730/924/193 731/925/194
f 709/919/188 708/917/186 723/923/192 724/926/195
f 717/920/189 716/918/187 731/925/194 732/927/196
f 710/921/190 709/919/188 724/926/195 725/928/197
f 718/905/176 717/920/189 732/927/196 733/929/198
f 711/907/178 710/921/190 725/928/197 726/930/199
f 719/906/177 718/905/176 733/929/198 734/931/200
f 712/908/179 711/907/178 726/930/199 727/932/201
f 705/910/180 871/933/66 720/934/202
f 780/935/68 719/906/177 734/931/200
f 713/912/181 712/908/179 727/932/201 728/936/203
f 706/913/182 705/910/180 720/934/202 721/937/204
f 714/914/183 713/912/181 728/936/203 729/938/205
f 707/915/184 706/913/182 721/937/204 722/922/191
f 715/916/185 714/914/183 729/938/205 730/924/193
f 727/932/201 726/930/199 741/939/206 742/940/207
f 720/934/202 871/941/66 735/942/208
f 780/943/68 734/931/200 749/944/209
f 728/936/203 727/932/201 742/940/207 743/945/210
f 721/937/204 720/934/202 735/942/208 736/946/211
f 729/938/205 728/936/203 743/945/210 744/947/212
f 722/922/191 721/937/204 736/946/211 737/948/213
f 730/924/193 729/938/205 744/947/212 745/949/214
f 723/923/192 722/922/191 737/948/213 738/950/215
f 731/925/194 730/924/193 745/949/214 746/951/216
f 724/926/195 723/923/192 738/950/215 739/952/217
f 732/927/196 731/925/194 746/951/216 747/953/218
f 725/928/197 724/926/195 739/952/217 740/954/219
f 733/929/198 732/927/196 747/953/218 748/955/220
f 726/930/199 725/928/197 740/954/219 741/939/206
f 734/931/200 733/929/198 748/955/220 749/944/209
f 746/951/216 745/949/214 760/956/221 761/957/222
f 739/952/217 738/950/215 753/958/223 754/959/224
f 747/953/218 746/951/216 761/957/222 762/960/225
f 740/954/219 739/952/217 754/959/224 755/961/226
f 748/955/220 747/953/218 762/960/225 763/962/227
f 741/939/206 740/954/219 755/961/226 756/963/228
f 749/944/209 748/955/220 763/962/227 764/964/229
f 742/940/207 741/939/206 756/963/228 757/965/230
f 735/942/208 871/966/66 750/967/231
f 780/968/68 749/944/209 764/964/229
f 743/945/210 742/940/207 757/965/230 758/969/232
f 736/946/211 735/942/208 750/967/231 751/970/233
f 744/947/212 743/945/210 758/969/232 759/971/234
f 737/948/213 736/946/211 751/970/233 752/972/235
f 745/949/214 744/947/212 759/971/234 760/956/221
f 738/950/215 737/948/213 752/972/235 753/958/223
f 780/973/68 764/964/229 779/974/236
f 758/969/232 757/965/230 772/975/237 773/976/238
f 751/970/233 750/967/231 765/977/239 766/978/240
f 759/971/234 758/969/232 773/976/238 774/979/241
f 752/972/235 751/970/233 766/978/240 767/980/242
f 760/956/221 759/971/234 774/979/241 775/981/243
f 753/958/223 752/972/235 767/980/242 768/982/244
f 761/957/222 760/956/221 775/981/243 776/983/245
f 754/959/224 753/958/223 768/982/244 769/984/246
f 762/960/225 761/957/222 776/983/245 777/985/247
f 755/961/226 754/959/224 769/984/246 770/986/248
f 763/962/227 762/960/225 777/985/247 778/987/249
f 756/963/228 755/961/226 770/986/248 771/988/250
f 764/964/229 763/962/227 778/987/249 779/974/236
f 757/965/230 756/963/228 771/988/250 772/975/237
f 750/967/231 871/989/66 765/977/239
f 777/985/247 776/983/245 792/990/251 793/991/252
f 770/986/248 769/984/246 785/992/253 786/993/254
f 778/987/249 777/985/247 793/991/252 794/994/255
f 771/988/250 770/986/248 786/993/254 787/995/256
f 779/974/236 778/987/249 794/994/255 795/996/257
f 772/975/237 771/988/250 787/995/256 788/997/258
f 765/977/239 871/998/66 781/999/259
f 780/1000/68 779/974/236 795/996/257
f 773/976/238 772/975/237 788/997/258 789/1001/260
f 766/978/240 765/977/239 781/999/259 782/1002/261
f 774/979/241 773/976/238 789/1001/260 790/1003/262
f 767/980/242 766/978/240 782/1002/261 783/1004/263
f 775/981/243 774/979/241 790/1003/262 791/1005/264
f 768/982/244 767/980/242 783/1004/263 784/1006/265
f 776/983/245 775/981/243 791/1005/264 792/990/251
f 769/984/246 768/982/244 784/1006/265 785/992/253
f 782/1002/261 781/999/259 796/1007/266 797/1008/267
f 790/1003/262 789/1001/260 804/1009/268 805/1010/269
f 783/1004/263 782/1002/261 797/1008/267 798/1011/270
f 791/1005/264 790/1003/262 805/1010/269 806/1012/271
f 784/1006/265 783/1004/263 798/1011/270 799/1013/272
f 792/990/251 791/1005/264 806/1012/271 807/1014/273
f 785/992/253 784/1006/265 799/1013/272 800/1015/274
f 793/991/252 792/990/251 807/1014/273 808/1016/275
f 786/993/254 785/992/253 800/1015/274 801/1017/276
f 794/994/255 793/991/252 808/1016/275 809/1018/277
f 787/995/256 786/993/254 801/1017/276 802/1019/278
f 795/996/257 794/994/255 809/1018/277 810/1020/279
f 788/997/258 787/995/256 802/1019/278 803/1021/280
f 781/999/259 871/1022/66 796/1007/266
f 780/1023/68 795/996/257 810/1020/279
f 789/1001/260 788/997/258 803/1021/280 804/1009/268
f 801/1017/276 800/1015/274 815/1024/281 816/1025/282
f 809/1018/277 808/1016/275 823/1026/283 824/1027/284
f 802/1019/278 801/1017/276 816/1025/282 817/1028/285
f 810/1020/279 809/1018/277 824/1027/284 825/1029/286
f 803/1021/280 802/1019/278 817/1028/285 818/1030/287
f 796/1007/266 871/1031/66 811/1032/288
f 780/1033/68 810/1020/279 825/1029/286
f 804/1009/268 803/1021/280 818/1030/287 819/1034/289
f 797/1008/267 796/1007/266 811/1032/288 812/1035/290
f 805/1010/269 804/1009/268 819/1034/289 820/1036/291
f 798/1011/270 797/1008/267 812/1035/290 813/1037/292
f 806/1012/271 805/1010/269 820/1036/291 821/1038/293
f 799/1013/272 798/1011/270 813/1037/292 814/1039/294
f 807/1014/273 806/1012/271 821/1038/293 822/1040/295
f 800/1015/274 799/1013/272 814/1039/294 815/1024/281
f 808/1016/275 807/1014/273 822/1040/295 823/1026/283
f 820/1036/291 819/1034/289 834/1041/296 835/1042/297
f 813/1037/292 812/1035/290 827/1043/298 828/1044/299
f 821/1038/293 820/1036/291 835/1042/297 836/1045/300
f 814/1039/294 813/1037/292 828/1044/299 829/1046/301
f 822/1040/295 821/1038/293 836/1045/300 837/1047/302
f 815/1024/281 814/1039/294 829/1046/301 830/1048/303
f 823/1026/283 822/1040/295 837/1047/302 838/1049/304
f 816/1025/282 815/1024/281 830/1048/303 831/1050/305
f 824/1027/284 823/1026/283 838/1049/304 839/1051/306
f 817/1028/285 816/1025/282 831/1050/305 832/1052/307
f 825/1029/286 824/1027/284 839/1051/306 840/1053/308
f 818/1030/287 817/1028/285 832/1052/307 833/1054/309
f 811/1032/288 871/1055/66 826/1056/310
f 780/1057/68 825/1029/286 840/1053/308
f 819/1034/289 818/1030/287 833/1054/309 834/1041/296
f 812/1035/290 811/1032/288 826/1056/310 827/1043/298
f 839/1051/306 838/1049/304 853/1058/311 854/1059/312
f 832/1052/307 831/1050/305 846/1060/313 847/1061/314
f 840/1053/308 839/1051/306 854/1059/312 855/1062/315
f 833/1054/309 832/1052/307 847/1061/314 848/1063/316
f 826/1056/310 871/1064/66 841/1065/317
f 780/1066/68 840/1053/308 855/1062/315
f 834/1041/296 833/1054/309 848/1063/316 849/1067/318
f 827/1043/298 826/1056/310 841/1065/317 842/1068/319
f 835/1042/297 834/1041/296 849/1067/318 850/1069/320
f 828/1044/299 827/1043/298 842/1068/319 843/1070/321
f 836/1045/300 835/1042/297 850/1069/320 851/1071/322
f 829/1046/301 828/1044/299 843/1070/321 844/1072/323
f 837/1047/302 836/1045/300 851/1071/322 852/1073/324
f 830/1048/303 829/1046/301 844/1072/323 845/1074/325
f 838/1049/304 837/1047/302 852/1073/324 853/1058/311
f 831/1050/305 830/1048/303 845/1074/325 846/1060/313
f 843/1070/321 842/1068/319 857/1075/326 858/1076/327
f 851/1071/322 850/1069/320 865/1077/328 866/1078/329
f 844/1072/323 843/1070/321 858/1076/327 859/1079/330
f 852/1073/324 851/1071/322 866/1078/329 867/1080/331
f 845/1074/325 844/1072/323 859/1079/330 860/1081/332
f 853/1058/311 852/1073/324 867/1080/331 868/1082/333
f 846/1060/313 845/1074/325 860/1081/332 861/1083/334
f 854/1059/312 853/1058/311 868/1082/333 869/1084/335
f 847/1061/314 846/1060/313 861/1083/334 862/1085/336
f 855/1062/315 854/1059/312 869/1084/335 870/1086/337
f 848/1063/316 847/1061/314 862/1085/336 863/1087/338
f 841/1065/317 871/1088/66 856/1089/339
f 780/1090/68 855/1062/315 870/1086/337
f 849/1067/318 848/1063/316 863/1087/338 864/1091/340
f 842/1068/319 841/1065/317 856/1089/339 857/1075/326
f 850/1069/320 849/1067/318 864/1091/340 865/1077/328
f 862/1085/336 861/1083/334 877/1092/341 878/1093/342
f 870/1086/337 869/1084/335 885/1094/343 886/1095/344
f 863/1087/338 862/1085/336 878/1093/342 879/1096/345
f 856/1089/339 871/1097/66 872/1098/346
f 780/1099/68 870/1086/337 886/1095/344
f 864/1091/340 863/1087/338 879/1096/345 880/1100/347
f 857/1075/326 856/1089/339 872/1098/346 873/1101/348
f 865/1077/328 864/1091/340 880/1100/347 881/1102/349
f 858/1076/327 857/1075/326 873/1101/348 874/1103/350
f 866/1078/329 865/1077/328 881/1102/349 882/1104/351
f 859/1079/330 858/1076/327 874/1103/350 875/1105/352
f 867/1080/331 866/1078/329 882/1104/351 883/1106/353
f 860/1081/332 859/1079/330 875/1105/352 876/1107/354
f 868/1082/333 867/1080/331 883/1106/353 884/1108/355
f 861/1083/334 860/1081/332 876/1107/354 877/1092/341
f 869/1084/335 868/1082/333 884/1108/355 885/1094/343
f 882/1104/351 881/1102/349 896/1109/356 897/1110/357
f 875/1105/352 874/1103/350 889/1111/358 890/1112/359
f 883/1106/353 882/1104/351 897/1110/357 898/1113/360
f 876/1107/354 875/1105/352 890/1112/359 891/1114/361
f 884/1108/355 883/1106/353 898/1113/360 899/1115/362
f 877/1092/341 876/1107/354 891/1114/361 892/1116/363
f 885/1094/343 884/1108/355 899/1115/362 900/1117/364
f 878/1093/342 877/1092/341 892/1116/363 893/1118/365
f 886/1095/344 885/1094/343 900/1117/364 901/1119/366
f 879/1096/345 878/1093/342 893/1118/365 894/1120/367
f 872/1098/346 871/1121/66 887/1122/368
f 780/1123/68 886/1095/344 901/1119/366
f 880/1100/347 879/1096/345 894/1120/367 895/1124/369
f 873/1101/348 872/1098/346 887/1122/368 888/1125/370
f 881/1102/349 880/1100/347 895/1124/369 896/1109/356
f 874/1103/350 873/1101/348 888/1125/370 889/1111/358
f 901/1119/366 900/1117/364 915/1126/371 916/1127/372
f 894/1120/367 893/1118/365 908/1128/373 909/1129/374
f 887/1122/368 871/1130/66 902/1131/375
f 780/1132/68 901/1119/366 916/1127/372
f 895/1124/369 894/1120/367 909/1129/374 910/1133/376
f 888/1125/370 887/1122/368 902/1131/375 903/1134/377
f 896/1109/356 895/1124/369 910/1133/376 911/1135/378
f 889/1111/358 888/1125/370 903/1134/377 904/1136/379
f 897/1110/357 896/1109/356 911/1135/378 912/1137/380
f 890/1112/359 889/1111/358 904/1136/379 905/1138/381
f 898/1113/360 897/1110/357 912/1137/380 913/1139/382
f 891/1114/361 890/1112/359 905/1138/381 906/1140/383
f 899/1115/362 898/1113/360 913/1139/382 914/1141/384
f 892/1116/363 891/1114/361 906/1140/383 907/1142/385
f 900/1117/364 899/1115/362 914/1141/384 915/1126/371
f 893/1118/365 892/1116/363 907/1142/385 908/1128/373
f 913/1139/382 912/1137/380 927/1143/386 928/1144/387
f 906/1140/383 905/1138/381 920/1145/388 921/1146/389
f 914/1141/384 913/1139/382 928/1144/387 929/1147/390
f 907/1142/385 906/1140/383 921/1146/389 922/1148/391
f 915/1126/371 914/1141/384 929/1147/390 930/1149/392
f 908/1128/373 907/1142/385 922/1148/391 923/1150/393
f 916/1127/372 915/1126/371 930/1149/392 931/1151/394
f 909/1129/374 908/1128/373 923/1150/393 924/1152/395
f 902/1131/375 871/1153/66 917/1154/396
f 780/1155/68 916/1127/372 931/1151/394
f 910/1133/376 909/1129/374 924/1152/395 925/1156/397
f 903/1134/377 902/1131/375 917/1154/396 918/1157/398
f 911/1135/378 910/1133/376 925/1156/397 926/1158/399
f 904/1136/379 903/1134/377 918/1157/398 919/1159/400
f 912/1137/380 911/1135/378 926/1158/399 927/1143/386
f 905/1138/381 904/1136/379 919/1159/400 920/1145/388
f 917/1154/396 871/1160/66 932/1161/401
f 780/1162/68 931/1151/394 946/1163/402
f 925/1156/397 924/1152/395 939/1164/403 940/1165/404
f 918/1157/398 917/1154/396 932/1161/401 933/1166/405
f 926/1158/399 925/1156/397 940/1165/404 941/1167/406
f 919/1159/400 918/1157/398 933/1166/405 934/1168/407
f 927/1143/386 926/1158/399 941/1167/406 942/1169/408
f 920/1145/388 919/1159/400 934/1168/407 935/1170/409
f 928/1144/387 927/1143/386 942/1169/408 943/1171/410
f 921/1146/389 920/1145/388 935/1170/409 936/1172/411
f 929/1147/390 928/1144/387 943/1171/410 944/1173/412
f 922/1148/391 921/1146/389 936/1172/411 937/1174/413
f 930/1149/392 929/1147/390 944/1173/412 945/1175/414
f 923/1150/393 922/1148/391 937/1174/413 938/1176/415
f 931/1151/394 930/1149/392 945/1175/414 946/1163/402
f 924/1152/395 923/1150/393 938/1176/415 939/1164/403
f 936/1177/411 935/1178/409 950/1179/416 951/1180/417
f 944/1181/412 943/1182/410 958/1183/418 959/1184/419
f 937/1185/413 936/1177/411 951/1180/417 952/1186/420
f 945/1187/414 944/1181/412 959/1184/419 960/1188/421
f 938/1189/415 937/1185/413 952/1186/420 953/1190/422
f 946/1191/402 945/1187/414 960/1188/421 961/1192/423
f 939/1193/403 938/1189/415 953/1190/422 954/1194/424
f 932/1195/401 871/1196/66 947/1197/425
f 780/1198/68 946/1191/402 961/1192/423
f 940/1199/404 939/1193/403 954/1194/424 955/1200/426
f 933/1201/405 932/1195/401 947/1197/425 948/1202/427
f 941/1203/406 940/1199/404 955/1200/426 956/1204/428
f 934/1205/407 933/1201/405 948/1202/427 949/1206/429
f 942/1207/408 941/1203/406 956/1204/428 957/1208/430
f 935/1178/409 934/1205/407 949/1206/429 950/1179/416
f 943/1182/410 942/1207/408 957/1208/430 958/1183/418
f 955/1200/426 954/1194/424 969/1209/431 970/1210/432
f 948/1202/427 947/1197/425 962/1211/433 963/1212/434
f 956/1204/428 955/1200/426 970/1210/432 971/1213/435
f 949/1206/429 948/1202/427 963/1212/434 964/1214/436
f 957/1208/430 956/1204/428 971/1213/435 972/1215/437
f 950/1179/416 949/1206/429 964/1214/436 965/1216/438
f 958/1183/418 957/1208/430 972/1215/437 973/1217/439
f 951/1180/417 950/1179/416 965/1216/438 966/1218/440
f 959/1184/419 958/1183/418 973/1217/439 974/1219/441
f 952/1186/420 951/1180/417 966/1218/440 967/1220/442
f 960/1188/421 959/1184/419 974/1219/441 975/1221/443
f 953/1190/422 952/1186/420 967/1220/442 968/1222/444
f 961/1192/423 960/1188/421 975/1221/443 976/1223/445
f 954/1194/424 953/1190/422 968/1222/444 969/1209/431
f 947/1197/425 871/1224/66 962/1211/433
f 780/1225/68 961/1192/423 976/1223/445
f 974/1219/441 973/1217/439 988/1226/446 989/1227/447
f 967/1220/442 966/1218/440 981/1228/448 982/1229/449
f 975/1221/443 974/1219/441 989/1227/447 990/1230/450
f 968/1222/444 967/1220/442 982/1229/449 983/1231/451
f 976/1223/445 975/1221/443 990/1230/450 991/1232/452
f 969/1209/431 968/1222/444 983/1231/451 984/1233/453
f 962/1211/433 871/1234/66 977/1235/454
f 780/1236/68 976/1223/445 991/1232/452
f 970/1210/432 969/1209/431 984/1233/453 985/1237/455
f 963/1212/434 962/1211/433 977/1235/454 978/1238/456
f 971/1213/435 970/1210/432 985/1237/455 986/1239/457
f 964/1214/436 963/1212/434 978/1238/456 979/1240/458
f 972/1215/437 971/1213/435 986/1239/457 987/1241/459
f 965/1216/438 964/1214/436 979/1240/458 980/1242/460
f 973/1217/439 972/1215/437 987/1241/459 988/1226/446
f 966/1218/440 965/1216/438 980/1242/460 981/1228/448
f 978/1238/456 977/1235/454 992/1243/461 993/1244/462
f 986/1239/457 985/1237/455 1000/1245/463 1001/1246/464
f 979/1240/458 978/1238/456 993/1244/462 994/1247/465
f 987/1241/459 986/1239/457 1001/1246/464 1002/1248/466
f 980/1242/460 979/1240/458 994/1247/465 995/1249/467
f 988/1226/446 987/1241/459 1002/1248/466 1003/1250/468
f 981/1228/448 980/1242/460 995/1249/467 996/1251/469
f 989/1227/447 988/1226/446 1003/1250/468 1004/1252/470
f 982/1229/449 981/1228/448 996/1251/469 997/1253/471
f 990/1230/450 989/1227/447 1004/1252/470 1005/1254/472
f 983/1231/451 982/1229/449 997/1253/471 998/1255/473
f 991/1232/452 990/1230/450 1005/1254/472 1006/1256/474
f 984/1233/453 983/1231/451 998/1255/473 999/1257/475
f 977/1235/454 871/1258/66 992/1243/461
f 780/1259/68 991/1232/452 1006/1256/474
f 985/1237/455 984/1233/453 999/1257/475 1000/1245/463
f 997/1253/471 996/1251/469 1011/1260/476 1012/1261/477
f 1005/1254/472 1004/1252/470 1019/1262/478 1020/1263/479
f 998/1255/473 997/1253/471 1012/1261/477 1013/1264/480
f 1006/1256/474 1005/1254/472 1020/1263/479 1021/1265/481
f 999/1257/475 998/1255/473 1013/1264/480 1014/1266/482
f 992/1243/461 871/1267/66 1007/1268/483
f 780/1269/68 1006/1256/474 1021/1265/481
f 1000/1245/463 999/1257/475 1014/1266/482 1015/1270/484
f 993/1244/462 992/1243/461 1007/1268/483 1008/1271/485
f 1001/1246/464 1000/1245/463 1015/1270/484 1016/1272/486
f 994/1247/465 993/1244/462 1008/1271/485 1009/1273/487
f 1002/1248/466 1001/1246/464 1016/1272/486 1017/1274/488
f 995/1249/467 994/1247/465 1009/1273/487 1010/1275/489
f 1003/1250/468 1002/1248/466 1017/1274/488 1018/1276/490
f 996/1251/469 995/1249/467 1010/1275/489 1011/1260/476
f 1004/1252/470 1003/1250/468 1018/1276/490 1019/1262/478
f 1016/1272/486 1015/1270/484 1030/1277/491 1031/1278/492
f 1009/1273/487 1008/1271/485 1023/1279/493 1024/1280/494
f 1017/1274/488 1016/1272/486 1031/1278/492 1032/1281/495
f 1010/1275/489 1009/1273/487 1024/1280/494 1025/1282/496
f 1018/1276/490 1017/1274/488 1032/1281/495 1033/1283/497
f 1011/1260/476 1010/1275/489 1025/1282/496 1026/1284/498
f 1019/1262/478 1018/1276/490 1033/1283/497 1034/1285/499
f 1012/1261/477 1011/1260/476 1026/1284/498 1027/1286/500
f 1020/1263/479 1019/1262/478 1034/1285/499 1035/1287/501
f 1013/1264/480 1012/1261/477 1027/1286/500 1028/1288/502
f 1021/1265/481 1020/1263/479 1035/1287/501 1036/1289/503
f 1014/1266/482 1013/1264/480 1028/1288/502 1029/1290/504
f 1007/1268/483 871/1291/66 1022/1292/505
f 780/1293/68 1021/1265/481 1036/1289/503
f 1015/1270/484 1014/1266/482 1029/1290/504 1030/1277/491
f 1008/1271/485 1007/1268/483 1022/1292/505 1023/1279/493
f 1035/1287/501 1034/1285/499 1049/1294/506 1050/1295/507
f 1028/1288/502 1027/1286/500 1042/1296/508 1043/1297/509
f 1036/1289/503 1035/1287/501 1050/1295/507 1051/1298/510
f 1029/1290/504 1028/1288/502 1043/1297/509 1044/1299/511
f 1022/1292/505 871/1300/66 1037/1301/512
f 780/1302/68 1036/1289/503 1051/1298/510
f 1030/1277/491 1029/1290/504 1044/1299/511 1045/1303/513
f 1023/1279/493 1022/1292/505 1037/1301/512 1038/1304/514
f 1031/1278/492 1030/1277/491 1045/1303/513 1046/1305/515
f 1024/1280/494 1023/1279/493 1038/1304/514 1039/1306/516
f 1032/1281/495 1031/1278/492 1046/1305/515 1047/1307/517
f 1025/1282/496 1024/1280/494 1039/1306/516 1040/1308/518
f 1033/1283/497 1032/1281/495 1047/1307/517 1048/1309/519
f 1026/1284/498 1025/1282/496 1040/1308/518 1041/1310/520
f 1034/1285/499 1033/1283/497 1048/1309/519 1049/1294/506
f 1027/1286/500 1026/1284/498 1041/1310/520 1042/1296/508
f 1047/1307/517 1046/1305/515 1052/759/44 1053/758/43
f 1040/1308/518 1039/1306/516 577/754/39 578/762/47
f 1048/1309/519 1047/1307/517 1053/758/43 1054/764/49
f 1041/1310/520 1040/1308/518 578/762/47 579/766/51
f 1049/1294/506 1048/1309/519 1054/764/49 584/768/53
f 1042/1296/508 1041/1310/520 579/766/51 580/770/55
f 1050/1295/507 1049/1294/506 584/768/53 1055/772/57
f 1043/1297/509 1042/1296/508 580/770/55 581/774/59
f 1051/1298/510 1050/1295/507 1055/772/57 1056/776/61
f 1044/1299/511 1043/1297/509 581/774/59 582/778/63
f 1037/1301/512 871/1311/66 575/780/65
f 780/1312/68 1051/1298/510 1056/776/61
f 1045/1303/513 1044/1299/511 582/778/63 583/784/69
f 1038/1304/514 1037/1301/512 575/780/65 576/755/40
f 1046/1305/515 1045/1303/513 583/784/69 1052/759/44
f 1039/1306/516 1038/1304/514 576/755/40 577/754/39
o Cubo_Cubo.003
v -1.422533 -0.541867 0.031996
v -1.422533 3.755618 0.031996
v -1.422533 -0.541867 -0.031996
v -1.422533 3.755618 -0.031996
v 1.422533 -0.541867 0.031996
v 1.422533 3.755618 0.031996
v 1.422533 -0.541867 -0.031996
v 1.422533 3.755618 -0.031996
vt 0.375000 0.000000
vt 0.625000 0.000000
vt 0.625000 0.250000
vt 0.375000 0.250000
vt 0.625000 0.500000
vt 0.375000 0.500000
vt 0.625000 0.750000
vt 0.375000 0.750000
vt 0.625000 1.000000
vt 0.375000 1.000000
vt 0.125000 0.500000
vt 0.125000 0.750000
vt 0.875000 0.500000
vt 0.875000 0.750000
vn -1.0000 0.0000 0.0000
vn 0.0000 0.0000 -1.0000
vn 1.0000 0.0000 0.0000
vn 0.0000 0.0000 1.0000
vn 0.0000 -1.0000 0.0000
vn 0.0000 1.0000 0.0000
usemtl Material.003
s off
f 1057/1313/521 1058/1314/521 1060/1315/521 1059/1316/521
f 1059/1316/522 1060/1315/522 1064/1317/522 1063/1318/522
f 1063/1318/523 1064/1317/523 1062/1319/523 1061/1320/523
f 1061/1320/524 1062/1319/524 1058/1321/524 1057/1322/524
f 1059/1323/525 1063/1318/525 1061/1320/525 1057/1324/525
f 1064/1317/526 1060/1325/526 1058/1326/526 1062/1319/526
