# Blender v2.83.20 OBJ File: 'PUERTA PLANTILLA.blend'
# www.blender.org
mtllib DOOR WITH LARGE WINDOW.mtl
o DOOR_Cubo
v -1.878274 -3.825289 0.011621
v -1.912644 -3.756547 0.011621
v -1.878274 -3.756547 0.013715
v -1.912644 3.756547 0.011621
v -1.878274 3.825289 0.011621
v -1.878274 3.756547 0.013715
v 1.912644 -3.756547 0.011621
v 1.878274 -3.825289 0.011621
v 1.878274 -3.756547 0.013715
v 1.878274 3.825289 0.011621
v 1.912644 3.756547 0.011621
v 1.878274 3.756547 0.013715
v -1.912644 -3.756547 0.038123
v -1.878273 -3.825288 0.038123
v -1.878273 -3.756547 0.036030
v -1.878273 3.825288 0.038123
v -1.912644 3.756547 0.038123
v -1.878273 3.756547 0.036030
v 1.878273 -3.825288 0.038123
v 1.912644 -3.756547 0.038123
v 1.878273 -3.756547 0.036030
v 1.878273 3.825288 0.038123
v 1.878273 3.756547 0.036030
v 1.912644 3.756547 0.038123
v -1.982244 -4.033230 0.120761
v -1.933637 -3.964489 0.122855
v -1.982244 -3.867274 0.122855
v -2.016615 -3.964489 0.120761
v -1.982244 3.964489 0.122855
v -1.982244 4.033230 0.120761
v -2.016615 3.964489 0.120761
v -1.982244 -4.033230 -0.120761
v -2.016615 -3.964489 -0.120761
v -1.982244 -1.799673 -0.122855
v -1.980062 -3.964489 -0.122855
v -1.982244 4.033230 -0.120761
v -1.982244 3.964489 -0.122855
v -2.016615 3.964489 -0.120761
v 1.982244 -4.033230 0.120761
v 2.016615 -3.964489 0.120761
v 1.982244 -3.964489 0.122855
v 1.982244 4.033230 0.120761
v 1.933637 3.964489 0.122855
v 1.982244 3.867274 0.122855
v 2.016615 3.964489 0.120761
v 1.982244 -4.033230 -0.120761
v 1.982244 -3.964489 -0.122855
v 2.016615 -3.964489 -0.120761
v 1.980062 3.964489 -0.122855
v 1.982244 4.033230 -0.120761
v 2.016615 3.964489 -0.120761
v 1.982244 1.799673 -0.122855
v -1.912644 3.756547 -0.120761
v -1.947015 3.894030 -0.122855
v -1.878274 3.825289 -0.120761
v -1.947015 -0.656082 -0.122855
v -1.912644 -0.658198 -0.120761
v -1.947015 -2.891756 -0.122855
v -1.878274 -3.825289 -0.120761
v -1.947015 -3.894030 -0.122855
v -1.912644 -3.756547 -0.120761
v 1.878274 3.825289 -0.120761
v 1.947015 3.894030 -0.122855
v 1.912644 3.756547 -0.120761
v 1.947015 2.891756 -0.122855
v 1.947015 0.656082 -0.122855
v 1.912644 0.658198 -0.120761
v 1.878274 -3.825289 -0.120761
v 1.912644 -3.756547 -0.120761
v 1.947015 -3.894030 -0.122855
v -1.898407 -3.894030 0.122855
v -1.878273 -3.825288 0.120761
v -1.912644 -3.756547 0.120761
v -1.947015 -3.796814 0.122855
v 1.912644 -3.756547 0.120761
v 1.878273 -3.825288 0.120761
v 1.947015 -3.894030 0.122855
v 1.898407 3.894030 0.122855
v 1.878273 3.825288 0.120761
v 1.912644 3.756547 0.120761
v 1.947015 3.796814 0.122855
v -1.912644 3.756547 0.120761
v -1.878273 3.825288 0.120761
v -1.947015 3.894030 0.122855
v 1.422533 -0.541867 0.013715
v 1.422533 -0.541867 0.036029
v 1.422533 3.755617 0.013715
v 1.422533 3.755617 0.036029
v -1.422533 3.755617 0.013715
v -1.422533 3.755617 0.036029
v -1.422533 -0.541867 0.013715
v -1.422533 -0.541867 0.036029
v 1.422533 -3.319522 0.013715
v 1.422533 -3.319522 0.036029
v 1.422533 3.809755 0.012094
v 1.422533 3.756547 0.013715
v 1.422533 3.756547 0.036030
v 1.422533 3.809755 0.037650
v -1.422533 3.809755 0.012094
v -1.422533 3.756547 0.013715
v -1.422533 0.523010 0.019244
v -1.422533 3.756547 0.036030
v -1.422533 3.809755 0.037650
v -1.422533 -3.319522 0.013715
v -1.422533 -3.319522 0.036029
v 1.422533 0.047068 0.013715
v -1.422533 0.443165 0.013715
v -1.422533 0.765392 0.036029
v 1.422533 -0.275159 0.036029
vt 0.377246 0.752246
vt 0.377246 0.997754
vt 0.622754 0.997754
vt 0.622723 0.967969
vt 0.482293 0.967969
vt 0.391527 0.967969
vt 0.391527 0.782031
vt 0.482293 0.782031
vt 0.627246 0.605738
vt 0.627246 0.747754
vt 0.872754 0.747754
vt 0.872754 0.605738
vt 0.127246 0.502246
vt 0.127246 0.590897
vt 0.372754 0.590897
vt 0.372754 0.502246
vt 0.127130 0.502130
vt 0.372869 0.502130
vt 0.372870 0.747869
vt 0.127130 0.747869
vt 0.627246 0.502246
vt 0.627246 0.590897
vt 0.872754 0.590897
vt 0.872754 0.502246
vt 0.377246 0.502246
vt 0.377246 0.590897
vt 0.622754 0.590897
vt 0.622754 0.502246
vt 0.377130 0.752131
vt 0.619856 0.752131
vt 0.617673 0.754314
vt 0.379314 0.754314
vt 0.379314 0.992673
vt 0.377131 0.994856
vt 0.377130 0.502130
vt 0.622870 0.502130
vt 0.622870 0.747869
vt 0.377130 0.747869
vt 0.380144 0.997869
vt 0.382327 0.995686
vt 0.620686 0.995686
vt 0.620686 0.757327
vt 0.622869 0.755144
vt 0.622870 0.997870
vt 0.377130 0.002130
vt 0.622870 0.002130
vt 0.622870 0.247870
vt 0.377130 0.247870
vt 0.622869 0.497734
vt 0.589623 0.495686
vt 0.620686 0.495686
vt 0.620686 0.254314
vt 0.479666 0.254314
vt 0.444224 0.252130
vt 0.622869 0.252130
vt 0.627131 0.502130
vt 0.872870 0.502130
vt 0.872870 0.747869
vt 0.627131 0.747869
vt 0.377246 0.252246
vt 0.377246 0.497754
vt 0.622754 0.497754
vt 0.622723 0.467969
vt 0.482293 0.467969
vt 0.391527 0.467969
vt 0.391527 0.282031
vt 0.482293 0.282031
vt 0.377246 0.605738
vt 0.377246 0.747754
vt 0.622754 0.747754
vt 0.622754 0.605738
vt 0.521508 0.605738
vt 0.377246 0.159103
vt 0.377246 0.247754
vt 0.622754 0.247754
vt 0.622754 0.159103
vt 0.377130 0.252266
vt 0.410377 0.254314
vt 0.379314 0.254314
vt 0.379314 0.495686
vt 0.520334 0.495686
vt 0.555776 0.497870
vt 0.377130 0.497870
vt 0.377246 0.002246
vt 0.377246 0.144262
vt 0.478492 0.144262
vt 0.622754 0.144262
vt 0.622754 0.002246
vt 0.127246 0.747754
vt 0.125000 0.747754
vt 0.127246 0.750000
vt 0.625000 0.002246
vt 0.622754 0.000000
vt 0.375000 0.747754
vt 0.377246 0.750000
vt 0.625000 0.747754
vt 0.627246 0.750000
vt 0.375000 0.247754
vt 0.377246 0.250000
vt 0.875000 0.502246
vt 0.872754 0.500000
vt 0.375000 0.502246
vt 0.372754 0.500000
vt 0.627246 0.500000
vt 0.625000 0.502246
vt 0.130143 0.750000
vt 0.127130 0.750000
vt 0.125000 0.747870
vt 0.625000 0.997869
vt 0.622869 1.000000
vt 0.125000 0.502131
vt 0.127130 0.500000
vt 0.127266 0.500000
vt 0.872870 0.500000
vt 0.875000 0.502131
vt 0.375000 0.747870
vt 0.372870 0.750000
vt 0.630143 0.750000
vt 0.627130 0.750000
vt 0.625000 0.747870
vt 0.372870 0.500000
vt 0.375000 0.502131
vt 0.625000 0.497870
vt 0.622878 0.499869
vt 0.555907 0.495743
vt 0.625000 0.146508
vt 0.625000 0.144262
vt 0.479601 0.256445
vt 0.410508 0.252188
vt 0.127246 0.605738
vt 0.125000 0.603492
vt 0.125000 0.605738
vt 0.625000 0.603492
vt 0.625000 0.605738
vt 0.520465 0.493559
vt 0.520399 0.493555
vt 0.372754 0.605738
vt 0.375000 0.605738
vt 0.375000 0.603492
vt 0.381445 0.991425
vt 0.381445 0.993555
vt 0.380821 0.994179
vt 0.375000 0.590897
vt 0.375000 0.593144
vt 0.618555 0.758575
vt 0.618555 0.756445
vt 0.619179 0.755821
vt 0.625000 0.159103
vt 0.625000 0.156856
vt 0.375000 0.002246
vt 0.375000 0.144262
vt 0.377246 0.000000
vt 0.622754 0.752246
vt 0.375000 0.752246
vt 0.375000 0.997754
vt 0.622754 0.782031
vt 0.624492 0.782031
vt 0.624492 0.967969
vt 0.622754 0.967969
vt 0.625000 0.997754
vt 0.625000 0.752246
vt 0.625000 0.247754
vt 0.622754 0.252246
vt 0.375000 0.252246
vt 0.375000 0.497754
vt 0.622754 0.282031
vt 0.624493 0.282031
vt 0.624492 0.467969
vt 0.622754 0.467969
vt 0.625000 0.497754
vt 0.625000 0.252246
vt 0.377131 1.000000
vt 0.875000 0.747870
vt 0.627266 0.500000
vt 0.872870 0.750000
vt 0.478561 0.146508
vt 0.375000 0.146508
vt 0.405505 0.146508
vt 0.616425 0.493555
vt 0.618555 0.491425
vt 0.618555 0.258575
vt 0.381445 0.258575
vt 0.381445 0.491425
vt 0.383575 0.493555
vt 0.125930 0.593144
vt 0.625930 0.593144
vt 0.875000 0.593144
vt 0.624070 0.593144
vt 0.383575 0.993555
vt 0.616425 0.993555
vt 0.372754 0.747754
vt 0.375000 0.159103
vt 0.375000 0.626714
vt 0.375000 0.629504
vt 0.390515 0.629504
vt 0.625000 0.629504
vt 0.625000 0.626714
vt 0.409260 0.626714
vt 0.622723 0.282031
vt 0.525011 0.282031
vt 0.375000 0.120496
vt 0.375000 0.123286
vt 0.432303 0.123286
vt 0.625000 0.123286
vt 0.625000 0.120496
vt 0.451048 0.120496
vt 0.622723 0.782031
vt 0.875000 0.629504
vt 0.875000 0.626714
vt 0.491009 0.467969
vt 0.625000 0.631124
vt 0.625000 0.644065
vt 0.875000 0.644065
vt 0.875000 0.631124
vt 0.514481 0.967969
vt 0.375000 0.631945
vt 0.375000 0.643244
vt 0.472403 0.643244
vt 0.472403 0.631945
vt 0.623134 0.631945
vt 0.623102 0.631945
vt 0.623102 0.643244
vt 0.623134 0.643244
vt 0.375000 0.106756
vt 0.375000 0.118055
vt 0.472403 0.118055
vt 0.472403 0.106756
vt 0.625000 0.118876
vt 0.625000 0.105935
vt 0.623134 0.106756
vt 0.623102 0.106756
vt 0.623102 0.118055
vt 0.623134 0.118055
vt 0.125000 0.631945
vt 0.125000 0.643244
vt 0.501538 0.782031
vn -0.0000 -0.0000 -1.0000
vn 0.0000 -1.0000 -0.0000
vn 0.0000 1.0000 0.0000
vn -1.0000 -0.0000 0.0000
vn 0.0000 -0.0000 1.0000
vn 1.0000 0.0000 0.0000
vn 0.0608 0.0304 -0.9977
vn 0.0608 -0.0304 -0.9977
vn -0.0608 0.0304 -0.9977
vn -0.0608 -0.0304 -0.9977
vn 0.0608 0.0304 0.9977
vn 0.0608 -0.0304 0.9977
vn -0.0608 0.0304 0.9977
vn -0.0608 -0.0304 0.9977
vn -0.0252 -0.0126 0.9996
vn -0.0572 -0.0009 -0.9984
vn 0.0252 0.0126 0.9996
vn 0.0572 0.0009 -0.9984
vn 0.0203 -0.0102 -0.9997
vn 0.0608 0.0000 -0.9981
vn 0.0203 0.0102 -0.9997
vn -0.0203 -0.0102 -0.9997
vn -0.0608 0.0000 -0.9981
vn -0.0203 0.0102 -0.9997
vn 0.0384 0.0192 0.9991
vn -0.0203 0.0102 0.9997
vn -0.0384 -0.0192 0.9991
vn 0.0203 -0.0102 0.9997
vn 0.8944 0.4472 -0.0000
vn -0.8944 -0.4472 -0.0000
vn 0.0000 0.0304 -0.9995
vn 0.0000 -0.0304 -0.9995
vn 0.8944 -0.4472 0.0000
vn 0.0608 0.0000 0.9981
vn 0.0000 0.0304 0.9995
vn 0.0000 -0.0304 0.9995
vn -0.0608 -0.0000 0.9981
vn -0.8944 0.4472 0.0000
vn 0.0000 0.0001 -1.0000
usemtl Material.002
s off
f 9/1/1 3/2/1 6/3/1 89/4/1 91/5/1 104/6/1 93/7/1 85/8/1
f 62/9/2 10/10/2 5/11/2 55/12/2
f 14/13/3 72/14/3 76/15/3 19/16/3
f 32/17/2 46/18/2 39/19/2 25/20/2
f 22/21/2 79/22/2 83/23/2 16/24/2
f 20/25/4 75/26/4 80/27/4 24/28/4
f 41/29/5 44/30/5 81/31/5 77/32/5 71/33/5 26/34/5
f 48/35/6 51/36/6 45/37/6 40/38/6
f 27/39/5 74/40/5 84/41/5 78/42/5 43/43/5 29/44/5
f 28/45/4 31/46/4 38/47/4 33/48/4
f 49/49/1 65/50/1 63/51/1 54/52/1 56/53/1 34/54/1 37/55/1
f 50/56/3 36/57/3 30/58/3 42/59/3
f 15/60/5 21/61/5 23/62/5 88/63/5 86/64/5 94/65/5 105/66/5 92/67/5
f 69/68/4 7/69/4 11/70/4 64/71/4 67/72/4
f 73/73/6 13/74/6 17/75/6 82/76/6
f 35/77/1 58/78/1 60/79/1 70/80/1 66/81/1 52/82/1 47/83/1
f 2/84/6 61/85/6 57/86/6 53/87/6 4/88/6
f 1/89/7 2/90/7 3/91/7
f 4/88/8 5/92/8 6/93/8
f 7/69/9 8/94/9 9/95/9
f 10/10/10 11/96/10 12/97/10
f 13/74/11 14/98/11 15/99/11
f 16/24/12 17/100/12 18/101/12
f 19/16/13 20/102/13 21/103/13
f 22/21/14 23/104/14 24/105/14
f 25/20/15 26/106/15 27/107/15 28/108/15
f 29/44/13 30/109/13 31/110/13
f 32/17/16 33/111/16 34/112/16 35/113/16
f 36/57/9 37/114/9 38/115/9
f 39/19/12 40/116/12 41/117/12
f 42/59/17 43/118/17 44/119/17 45/120/17
f 46/18/8 47/121/8 48/122/8
f 49/49/18 50/123/18 51/124/18 52/125/18
f 53/87/19 54/126/19 55/127/19
f 56/53/20 57/128/20 58/129/20
f 59/130/21 60/131/21 61/132/21
f 62/9/22 63/133/22 64/134/22
f 65/50/23 66/135/23 67/136/23
f 68/137/24 69/138/24 70/139/24
f 71/33/25 72/140/25 73/141/25 74/142/25
f 75/26/26 76/143/26 77/144/26
f 78/42/27 79/145/27 80/146/27 81/147/27
f 82/76/28 83/148/28 84/149/28
f 61/85/29 2/84/29 1/150/29 59/151/29
f 2/84/20 4/88/20 6/93/20 3/152/20
f 64/71/30 11/70/30 10/10/30 62/9/30
f 11/70/23 7/69/23 9/1/23 12/153/23
f 3/2/31 9/1/31 8/154/31 1/155/31
f 12/153/32 96/156/32 95/157/32 99/158/32 100/159/32 6/3/32 5/160/32 10/161/32
f 82/76/33 17/75/33 16/162/33 83/148/33
f 17/75/34 13/74/34 15/60/34 18/163/34
f 21/61/35 15/60/35 14/164/35 19/165/35
f 18/163/36 102/166/36 103/167/36 98/168/36 97/169/36 23/62/36 22/170/36 16/171/36
f 23/62/37 21/61/37 20/25/37 24/28/37
f 75/26/38 20/25/38 19/16/38 76/15/38
f 32/17/30 25/20/30 28/108/30 33/111/30
f 27/39/37 29/44/37 31/110/37 28/172/37
f 30/58/38 36/57/38 38/115/38 31/173/38
f 37/55/23 34/54/23 33/48/23 38/47/23
f 46/18/32 32/17/32 35/113/32 47/121/32
f 36/57/31 50/56/31 49/174/31 37/114/31
f 51/36/20 48/35/20 47/83/20 52/82/20
f 39/19/33 46/18/33 48/35/33 40/38/33
f 50/56/29 42/59/29 45/37/29 51/36/29
f 44/30/34 41/29/34 40/38/34 45/37/34
f 25/20/36 39/19/36 41/117/36 26/106/36
f 42/59/35 30/58/35 29/175/35 43/118/35
f 53/87/20 57/86/20 56/176/20 54/126/20
f 57/86/20 61/85/20 60/177/20 58/178/20
f 63/51/23 65/50/23 67/136/23 64/179/23
f 54/52/32 63/51/32 62/180/32 55/181/32
f 70/80/31 60/79/31 59/182/31 68/183/31
f 66/81/23 70/80/23 69/184/23 67/136/23
f 76/15/35 72/14/35 71/185/35 77/144/35
f 83/23/36 79/22/36 78/186/36 84/187/36
f 80/27/37 75/26/37 77/144/37 81/188/37
f 84/41/34 74/40/34 73/189/34 82/190/34
f 4/88/33 53/87/33 55/127/33 5/92/33
f 7/69/38 69/68/38 68/137/38 8/191/38
f 13/74/29 73/73/29 72/192/29 14/98/29
f 24/28/30 80/27/30 79/22/30 22/21/30
f 81/31/5 44/30/5 43/43/5 78/42/5
f 74/40/5 27/39/5 26/34/5 71/33/5
f 58/78/1 35/77/1 34/54/1 56/53/1
f 65/50/1 49/49/1 52/82/1 66/81/1
f 59/130/3 1/89/3 8/191/3 68/137/3
f 85/193/4 86/194/4 109/195/4 88/196/4 87/197/4 106/198/4
f 90/199/5 88/63/5 23/62/5 97/169/5 102/166/5 18/163/5 15/60/5 92/67/5 108/200/5
f 92/201/6 91/202/6 107/203/6 89/204/6 90/205/6 108/206/6
f 85/8/1 87/207/1 96/156/1 12/153/1 9/1/1
f 87/197/2 88/196/2 90/208/2 89/209/2
f 100/159/32 99/158/32 95/157/32 96/156/32
f 86/64/4 88/63/4 109/210/4
f 95/211/2 98/212/2 103/213/2 99/214/2
f 91/5/4 89/4/4 107/215/4
f 93/216/4 94/217/4 86/218/4 85/219/4
f 98/212/4 95/211/4 96/220/4 87/221/4 88/222/4 97/223/4
f 88/222/4 87/221/4 85/219/4 86/218/4
f 97/169/36 98/168/36 103/167/36 102/166/36
f 105/224/6 104/225/6 91/226/6 92/227/6
f 99/228/6 103/229/6 102/230/6 90/231/6 89/232/6 100/233/6
f 89/232/6 90/231/6 92/227/6 91/226/6
f 104/234/3 105/235/3 94/217/3 93/216/3
f 96/156/39 87/207/39 89/4/39 100/159/39
f 100/159/39 89/4/39 6/3/39
f 87/207/6 85/8/6 106/236/6
l 90 101
o SHEET_METAL_Esfera
v 1.677775 0.203507 0.128977
v 1.677775 0.191699 0.090053
v 1.677775 0.172525 0.054180
v 1.677775 0.146720 0.022737
v 1.677775 0.115277 -0.003068
v 1.677775 0.079404 -0.022242
v 1.677775 0.040480 -0.034050
v 1.677775 0.000000 -0.038037
v 1.677775 -0.040480 -0.034050
v 1.677775 -0.172525 0.054180
v 1.685672 0.203507 0.129755
v 1.693266 0.191699 0.091579
v 1.700264 0.172525 0.056395
v 1.706398 0.146720 0.025556
v 1.711432 0.115277 0.000247
v 1.715173 0.079404 -0.018559
v 1.717477 0.040480 -0.030139
v 1.718255 0.000000 -0.034050
v 1.717477 -0.040480 -0.030139
v 1.715173 -0.079404 -0.018559
v 1.711432 -0.115277 0.000247
v 1.706398 -0.146720 0.025556
v 1.700264 -0.172525 0.056395
v 1.693266 -0.191699 0.091579
v 1.685672 -0.203507 0.129755
v 1.693266 0.203507 0.132059
v 1.708161 0.191699 0.096097
v 1.721889 0.172525 0.062955
v 1.733922 0.146720 0.033905
v 1.743797 0.115277 0.010065
v 1.751135 0.079404 -0.007650
v 1.755653 0.040480 -0.018559
v 1.757179 0.000000 -0.022242
v 1.755653 -0.040480 -0.018559
v 1.751135 -0.079404 -0.007650
v 1.743797 -0.115277 0.010065
v 1.733922 -0.146720 0.033905
v 1.721889 -0.172525 0.062955
v 1.708161 -0.191699 0.096097
v 1.693266 -0.203507 0.132059
v 1.700264 0.203507 0.135799
v 1.721889 0.191699 0.103435
v 1.741819 0.172525 0.073608
v 1.759288 0.146720 0.047464
v 1.773624 0.115277 0.026008
v 1.784277 0.079404 0.010065
v 1.790837 0.040480 0.000248
v 1.793052 0.000000 -0.003068
v 1.790837 -0.040480 0.000248
v 1.784277 -0.079404 0.010065
v 1.773624 -0.115277 0.026008
v 1.759288 -0.146720 0.047464
v 1.741819 -0.172525 0.073608
v 1.721889 -0.191699 0.103435
v 1.700264 -0.203507 0.135799
v 1.706398 0.203507 0.140834
v 1.733922 0.191699 0.113310
v 1.759288 0.172525 0.087944
v 1.781522 0.146720 0.065710
v 1.799768 0.115277 0.047464
v 1.813326 0.079404 0.033905
v 1.821676 0.040480 0.025556
v 1.824495 0.000000 0.022737
v 1.821676 -0.040480 0.025556
v 1.813326 -0.079404 0.033905
v 1.799768 -0.115277 0.047464
v 1.781522 -0.146720 0.065710
v 1.759288 -0.172525 0.087944
v 1.733922 -0.191699 0.113310
v 1.706398 -0.203507 0.140834
v 1.711433 0.203507 0.146968
v 1.743797 0.191699 0.125343
v 1.773624 0.172525 0.105413
v 1.799768 0.146720 0.087944
v 1.821224 0.115277 0.073608
v 1.837167 0.079404 0.062955
v 1.846984 0.040480 0.056395
v 1.850299 0.000000 0.054180
v 1.846984 -0.040480 0.056395
v 1.837167 -0.079404 0.062955
v 1.821224 -0.115277 0.073608
v 1.799768 -0.146720 0.087944
v 1.773624 -0.172525 0.105413
v 1.743797 -0.191699 0.125343
v 1.711432 -0.203507 0.146968
v 1.715173 0.203507 0.153966
v 1.751135 0.191699 0.139071
v 1.784277 0.172525 0.125343
v 1.813326 0.146720 0.113310
v 1.837167 0.115277 0.103435
v 1.854882 0.079404 0.096097
v 1.865790 0.040480 0.091579
v 1.869474 0.000000 0.090053
v 1.865790 -0.040480 0.091579
v 1.854882 -0.079404 0.096097
v 1.837167 -0.115277 0.103435
v 1.813326 -0.146720 0.113310
v 1.784277 -0.172525 0.125343
v 1.751135 -0.191699 0.139071
v 1.715173 -0.203507 0.153966
v 1.717477 0.203507 0.161560
v 1.755653 0.191699 0.153966
v 1.790837 0.172525 0.146968
v 1.821676 0.146720 0.140834
v 1.846984 0.115277 0.135799
v 1.865790 0.079404 0.132059
v 1.877371 0.040480 0.129755
v 1.881282 0.000000 0.128977
v 1.877371 -0.040480 0.129755
v 1.865790 -0.079404 0.132059
v 1.846984 -0.115277 0.135799
v 1.821676 -0.146720 0.140834
v 1.790837 -0.172525 0.146968
v 1.755653 -0.191699 0.153966
v 1.717477 -0.203507 0.161560
v 1.718255 0.203507 0.169457
v 1.757179 0.191699 0.169457
v 1.793052 0.172525 0.169457
v 1.824495 0.146720 0.169457
v 1.850299 0.115277 0.169457
v 1.869474 0.079404 0.169457
v 1.881281 0.040480 0.169457
v 1.885268 0.000000 0.169457
v 1.881281 -0.040480 0.169457
v 1.869474 -0.079404 0.169457
v 1.850299 -0.115277 0.169457
v 1.824495 -0.146720 0.169457
v 1.793052 -0.172525 0.169457
v 1.757179 -0.191699 0.169457
v 1.718255 -0.203507 0.169457
v 1.717477 0.203507 0.177355
v 1.755653 0.191699 0.184948
v 1.790837 0.172525 0.191947
v 1.821676 0.146720 0.198081
v 1.846984 0.115277 0.203115
v 1.865790 0.079404 0.206856
v 1.877371 0.040480 0.209160
v 1.881282 0.000000 0.209937
v 1.877371 -0.040480 0.209160
v 1.865790 -0.079404 0.206856
v 1.846984 -0.115277 0.203115
v 1.821676 -0.146720 0.198081
v 1.790837 -0.172525 0.191947
v 1.755653 -0.191699 0.184948
v 1.717477 -0.203507 0.177355
v 1.715173 0.203507 0.184948
v 1.751135 0.191699 0.199844
v 1.784277 0.172525 0.213572
v 1.813326 0.146720 0.225605
v 1.837167 0.115277 0.235480
v 1.854882 0.079404 0.242818
v 1.865790 0.040480 0.247336
v 1.869474 0.000000 0.248862
v 1.865790 -0.040480 0.247336
v 1.854882 -0.079404 0.242818
v 1.837167 -0.115277 0.235480
v 1.813326 -0.146720 0.225605
v 1.784277 -0.172525 0.213572
v 1.751135 -0.191699 0.199844
v 1.715173 -0.203507 0.184948
v 1.711433 0.203507 0.191947
v 1.743797 0.191699 0.213572
v 1.773624 0.172525 0.233502
v 1.799768 0.146720 0.250971
v 1.821224 0.115277 0.265307
v 1.837167 0.079404 0.275960
v 1.846984 0.040480 0.282520
v 1.850299 0.000000 0.284735
v 1.846984 -0.040480 0.282520
v 1.837167 -0.079404 0.275960
v 1.821224 -0.115277 0.265307
v 1.799768 -0.146720 0.250971
v 1.773624 -0.172525 0.233502
v 1.743797 -0.191699 0.213572
v 1.711432 -0.203507 0.191947
v 1.706398 0.203507 0.198081
v 1.733922 0.191699 0.225605
v 1.759288 0.172525 0.250971
v 1.781522 0.146720 0.273204
v 1.799768 0.115277 0.291451
v 1.813326 0.079404 0.305009
v 1.821676 0.040480 0.313359
v 1.824495 0.000000 0.316178
v 1.821676 -0.040480 0.313359
v 1.813326 -0.079404 0.305009
v 1.799768 -0.115277 0.291451
v 1.781522 -0.146720 0.273204
v 1.759288 -0.172525 0.250971
v 1.733922 -0.191699 0.225605
v 1.706398 -0.203507 0.198081
v 1.700264 0.203507 0.203115
v 1.721889 0.191699 0.235480
v 1.741819 0.172525 0.265307
v 1.759288 0.146720 0.291451
v 1.773624 0.115277 0.312907
v 1.784277 0.079404 0.328850
v 1.790837 0.040480 0.338667
v 1.793052 0.000000 0.341982
v 1.790837 -0.040480 0.338667
v 1.784277 -0.079404 0.328850
v 1.773624 -0.115277 0.312907
v 1.759288 -0.146720 0.291451
v 1.741819 -0.172525 0.265307
v 1.721889 -0.191699 0.235480
v 1.700264 -0.203507 0.203115
v 1.677775 -0.207494 0.169457
v 1.693266 0.203507 0.206856
v 1.708161 0.191699 0.242818
v 1.721889 0.172525 0.275960
v 1.733922 0.146720 0.305009
v 1.743797 0.115277 0.328850
v 1.751135 0.079404 0.346565
v 1.755653 0.040480 0.357473
v 1.757179 0.000000 0.361157
v 1.755653 -0.040480 0.357473
v 1.751135 -0.079404 0.346565
v 1.743797 -0.115277 0.328850
v 1.733922 -0.146720 0.305009
v 1.721889 -0.172525 0.275960
v 1.708161 -0.191699 0.242818
v 1.693266 -0.203507 0.206856
v 1.685672 0.203507 0.209160
v 1.693266 0.191699 0.247336
v 1.700264 0.172525 0.282520
v 1.706398 0.146720 0.313359
v 1.711432 0.115277 0.338667
v 1.715173 0.079404 0.357473
v 1.717477 0.040480 0.369054
v 1.718255 0.000000 0.372964
v 1.717477 -0.040480 0.369054
v 1.715173 -0.079404 0.357473
v 1.711432 -0.115277 0.338667
v 1.706398 -0.146720 0.313359
v 1.700264 -0.172525 0.282520
v 1.693266 -0.191699 0.247336
v 1.685672 -0.203507 0.209160
v 1.677775 0.203507 0.209937
v 1.677775 0.191699 0.248862
v 1.677775 0.172525 0.284735
v 1.677775 0.146720 0.316178
v 1.677775 0.115277 0.341982
v 1.677775 0.079404 0.361157
v 1.677775 0.040480 0.372964
v 1.677775 0.000000 0.376951
v 1.677775 -0.040480 0.372964
v 1.677775 -0.079404 0.361157
v 1.677775 -0.115277 0.341982
v 1.677775 -0.146720 0.316178
v 1.677775 -0.172525 0.284735
v 1.677775 -0.191699 0.248862
v 1.677775 -0.203507 0.209937
v 1.669877 0.203507 0.209160
v 1.662284 0.191699 0.247336
v 1.655285 0.172525 0.282520
v 1.649151 0.146720 0.313359
v 1.644117 0.115277 0.338667
v 1.640376 0.079404 0.357473
v 1.638072 0.040480 0.369054
v 1.637295 0.000000 0.372964
v 1.638072 -0.040480 0.369054
v 1.640376 -0.079404 0.357473
v 1.644117 -0.115277 0.338667
v 1.649151 -0.146720 0.313359
v 1.655285 -0.172525 0.282520
v 1.662284 -0.191699 0.247336
v 1.669877 -0.203507 0.209160
v 1.662284 0.203507 0.206856
v 1.647388 0.191699 0.242818
v 1.633660 0.172525 0.275960
v 1.621627 0.146720 0.305009
v 1.611752 0.115277 0.328850
v 1.604414 0.079404 0.346565
v 1.599896 0.040480 0.357473
v 1.598370 0.000000 0.361157
v 1.599896 -0.040480 0.357473
v 1.604414 -0.079404 0.346565
v 1.611752 -0.115277 0.328850
v 1.621627 -0.146720 0.305009
v 1.633660 -0.172525 0.275960
v 1.647388 -0.191699 0.242818
v 1.662284 -0.203507 0.206856
v 1.655285 0.203507 0.203115
v 1.633660 0.191699 0.235480
v 1.613730 0.172525 0.265307
v 1.596261 0.146720 0.291451
v 1.581925 0.115277 0.312907
v 1.571272 0.079404 0.328850
v 1.564712 0.040480 0.338667
v 1.562497 0.000000 0.341982
v 1.564712 -0.040480 0.338667
v 1.571272 -0.079404 0.328850
v 1.581925 -0.115277 0.312907
v 1.596261 -0.146720 0.291451
v 1.613730 -0.172525 0.265307
v 1.633660 -0.191699 0.235480
v 1.655285 -0.203507 0.203115
v 1.677775 0.207494 0.169457
v 1.649151 0.203507 0.198081
v 1.621627 0.191699 0.225605
v 1.596261 0.172525 0.250971
v 1.574028 0.146720 0.273204
v 1.555781 0.115277 0.291451
v 1.542223 0.079404 0.305009
v 1.533873 0.040480 0.313358
v 1.531054 0.000000 0.316178
v 1.533873 -0.040480 0.313358
v 1.542223 -0.079404 0.305009
v 1.555781 -0.115277 0.291451
v 1.574028 -0.146720 0.273204
v 1.596261 -0.172525 0.250971
v 1.621627 -0.191699 0.225605
v 1.649151 -0.203507 0.198081
v 1.644117 0.203507 0.191947
v 1.611752 0.191699 0.213572
v 1.581925 0.172525 0.233502
v 1.555781 0.146720 0.250971
v 1.534325 0.115277 0.265307
v 1.518382 0.079404 0.275960
v 1.508565 0.040480 0.282520
v 1.505250 0.000000 0.284735
v 1.508565 -0.040480 0.282520
v 1.518382 -0.079404 0.275960
v 1.534325 -0.115277 0.265307
v 1.555781 -0.146720 0.250971
v 1.581925 -0.172525 0.233502
v 1.611752 -0.191699 0.213572
v 1.644117 -0.203507 0.191947
v 1.640376 0.203507 0.184948
v 1.604414 0.191699 0.199844
v 1.571272 0.172525 0.213572
v 1.542223 0.146720 0.225605
v 1.518382 0.115277 0.235480
v 1.500667 0.079404 0.242818
v 1.489759 0.040480 0.247336
v 1.486075 0.000000 0.248862
v 1.489759 -0.040480 0.247336
v 1.500667 -0.079404 0.242818
v 1.518382 -0.115277 0.235480
v 1.542223 -0.146720 0.225605
v 1.571272 -0.172525 0.213572
v 1.604414 -0.191699 0.199844
v 1.640376 -0.203507 0.184948
v 1.638072 0.203507 0.177355
v 1.599896 0.191699 0.184948
v 1.564712 0.172525 0.191947
v 1.533873 0.146720 0.198081
v 1.508565 0.115277 0.203115
v 1.489759 0.079404 0.206856
v 1.478178 0.040480 0.209160
v 1.474268 0.000000 0.209937
v 1.478178 -0.040480 0.209160
v 1.489759 -0.079404 0.206856
v 1.508565 -0.115277 0.203115
v 1.533873 -0.146720 0.198081
v 1.564712 -0.172525 0.191947
v 1.599896 -0.191699 0.184948
v 1.638072 -0.203507 0.177355
v 1.637294 0.203507 0.169457
v 1.598370 0.191699 0.169457
v 1.562497 0.172525 0.169457
v 1.531054 0.146720 0.169457
v 1.505250 0.115277 0.169457
v 1.486075 0.079404 0.169457
v 1.474268 0.040480 0.169457
v 1.470281 0.000000 0.169457
v 1.474268 -0.040480 0.169457
v 1.486075 -0.079404 0.169457
v 1.505250 -0.115277 0.169457
v 1.531054 -0.146720 0.169457
v 1.562497 -0.172525 0.169457
v 1.598370 -0.191699 0.169457
v 1.637295 -0.203507 0.169457
v 1.638072 0.203507 0.161560
v 1.599896 0.191699 0.153966
v 1.564712 0.172525 0.146968
v 1.533873 0.146720 0.140834
v 1.508565 0.115277 0.135799
v 1.489759 0.079404 0.132059
v 1.478178 0.040480 0.129755
v 1.474268 0.000000 0.128977
v 1.478178 -0.040480 0.129755
v 1.489759 -0.079404 0.132059
v 1.508565 -0.115277 0.135799
v 1.533873 -0.146720 0.140834
v 1.564712 -0.172525 0.146968
v 1.599896 -0.191699 0.153966
v 1.638072 -0.203507 0.161560
v 1.640376 0.203507 0.153966
v 1.604414 0.191699 0.139071
v 1.571272 0.172525 0.125343
v 1.542223 0.146720 0.113310
v 1.518382 0.115277 0.103435
v 1.500667 0.079404 0.096097
v 1.489759 0.040480 0.091579
v 1.486075 0.000000 0.090053
v 1.489759 -0.040480 0.091579
v 1.500667 -0.079404 0.096097
v 1.518382 -0.115277 0.103435
v 1.542223 -0.146720 0.113310
v 1.571272 -0.172525 0.125343
v 1.604414 -0.191699 0.139071
v 1.640376 -0.203507 0.153966
v 1.644117 0.203507 0.146968
v 1.611752 0.191699 0.125343
v 1.581925 0.172525 0.105413
v 1.555781 0.146720 0.087944
v 1.534325 0.115277 0.073608
v 1.518382 0.079404 0.062955
v 1.508565 0.040480 0.056395
v 1.505250 0.000000 0.054180
v 1.508565 -0.040480 0.056395
v 1.518382 -0.079404 0.062955
v 1.534325 -0.115277 0.073608
v 1.555781 -0.146720 0.087944
v 1.581925 -0.172525 0.105413
v 1.611752 -0.191699 0.125343
v 1.644117 -0.203507 0.146968
v 1.649151 0.203507 0.140834
v 1.621627 0.191699 0.113310
v 1.596261 0.172525 0.087944
v 1.574028 0.146720 0.065710
v 1.555781 0.115277 0.047464
v 1.542223 0.079404 0.033905
v 1.533874 0.040480 0.025556
v 1.531054 0.000000 0.022737
v 1.533874 -0.040480 0.025556
v 1.542223 -0.079404 0.033905
v 1.555781 -0.115277 0.047464
v 1.574028 -0.146720 0.065710
v 1.596261 -0.172525 0.087944
v 1.621627 -0.191699 0.113310
v 1.649151 -0.203507 0.140834
v 1.655285 0.203507 0.135799
v 1.633660 0.191699 0.103435
v 1.613730 0.172525 0.073608
v 1.596261 0.146720 0.047464
v 1.581925 0.115277 0.026008
v 1.571272 0.079404 0.010065
v 1.564712 0.040480 0.000248
v 1.562497 0.000000 -0.003067
v 1.564712 -0.040480 0.000248
v 1.571272 -0.079404 0.010065
v 1.581925 -0.115277 0.026008
v 1.596261 -0.146720 0.047464
v 1.613730 -0.172525 0.073608
v 1.633660 -0.191699 0.103435
v 1.655285 -0.203507 0.135799
v 1.662284 0.203507 0.132059
v 1.647388 0.191699 0.096097
v 1.633660 0.172525 0.062955
v 1.621627 0.146720 0.033905
v 1.611752 0.115277 0.010065
v 1.604414 0.079404 -0.007650
v 1.599896 0.040480 -0.018558
v 1.598370 0.000000 -0.022242
v 1.599896 -0.040480 -0.018558
v 1.604414 -0.079404 -0.007650
v 1.611752 -0.115277 0.010065
v 1.621627 -0.146720 0.033905
v 1.633660 -0.172525 0.062955
v 1.647388 -0.191699 0.096097
v 1.662284 -0.203507 0.132059
v 1.669877 0.203507 0.129755
v 1.662284 0.191699 0.091579
v 1.655285 0.172525 0.056395
v 1.649151 0.146720 0.025556
v 1.644117 0.115277 0.000248
v 1.640376 0.079404 -0.018558
v 1.638072 0.040480 -0.030139
v 1.637295 0.000000 -0.034049
v 1.638072 -0.040480 -0.030139
v 1.640376 -0.079404 -0.018558
v 1.644117 -0.115277 0.000248
v 1.649151 -0.146720 0.025556
v 1.655285 -0.172525 0.056395
v 1.662284 -0.191699 0.091579
v 1.669877 -0.203507 0.129755
v 1.677775 -0.079404 -0.022242
v 1.677775 -0.115277 -0.003067
v 1.677775 -0.146720 0.022737
v 1.677775 -0.191699 0.090053
v 1.677775 -0.203507 0.128977
v 1.677775 0.203507 -0.188237
v 1.677775 0.191699 -0.227161
v 1.677775 0.172525 -0.263034
v 1.677775 0.146720 -0.294477
v 1.677775 0.115277 -0.320282
v 1.677775 0.079404 -0.339456
v 1.677775 0.040480 -0.351264
v 1.677775 0.000000 -0.355251
v 1.677775 -0.040480 -0.351264
v 1.677775 -0.172525 -0.263034
v 1.685672 0.203507 -0.187459
v 1.693266 0.191699 -0.225636
v 1.700264 0.172525 -0.260819
v 1.706398 0.146720 -0.291658
v 1.711432 0.115277 -0.316967
v 1.715173 0.079404 -0.335773
v 1.717477 0.040480 -0.347354
v 1.718255 0.000000 -0.351264
v 1.717477 -0.040480 -0.347354
v 1.715173 -0.079404 -0.335773
v 1.711432 -0.115277 -0.316967
v 1.706398 -0.146720 -0.291658
v 1.700264 -0.172525 -0.260819
v 1.693266 -0.191699 -0.225636
v 1.685672 -0.203507 -0.187459
v 1.693266 0.203507 -0.185156
v 1.708161 0.191699 -0.221117
v 1.721889 0.172525 -0.254259
v 1.733922 0.146720 -0.283309
v 1.743797 0.115277 -0.307149
v 1.751135 0.079404 -0.324864
v 1.755653 0.040480 -0.335773
v 1.757179 0.000000 -0.339456
v 1.755653 -0.040480 -0.335773
v 1.751135 -0.079404 -0.324864
v 1.743797 -0.115277 -0.307149
v 1.733922 -0.146720 -0.283309
v 1.721889 -0.172525 -0.254259
v 1.708161 -0.191699 -0.221117
v 1.693266 -0.203507 -0.185156
v 1.700264 0.203507 -0.181415
v 1.721889 0.191699 -0.213779
v 1.741819 0.172525 -0.243607
v 1.759288 0.146720 -0.269750
v 1.773624 0.115277 -0.291206
v 1.784277 0.079404 -0.307149
v 1.790837 0.040480 -0.316967
v 1.793052 0.000000 -0.320282
v 1.790837 -0.040480 -0.316967
v 1.784277 -0.079404 -0.307149
v 1.773624 -0.115277 -0.291206
v 1.759288 -0.146720 -0.269750
v 1.741819 -0.172525 -0.243607
v 1.721889 -0.191699 -0.213779
v 1.700264 -0.203507 -0.181415
v 1.706398 0.203507 -0.176381
v 1.733922 0.191699 -0.203904
v 1.759288 0.172525 -0.229270
v 1.781522 0.146720 -0.251504
v 1.799768 0.115277 -0.269750
v 1.813326 0.079404 -0.283309
v 1.821676 0.040480 -0.291658
v 1.824495 0.000000 -0.294477
v 1.821676 -0.040480 -0.291658
v 1.813326 -0.079404 -0.283309
v 1.799768 -0.115277 -0.269750
v 1.781522 -0.146720 -0.251504
v 1.759288 -0.172525 -0.229270
v 1.733922 -0.191699 -0.203904
v 1.706398 -0.203507 -0.176381
v 1.711433 0.203507 -0.170246
v 1.743797 0.191699 -0.191872
v 1.773624 0.172525 -0.211802
v 1.799768 0.146720 -0.229270
v 1.821224 0.115277 -0.243607
v 1.837167 0.079404 -0.254259
v 1.846984 0.040480 -0.260819
v 1.850299 0.000000 -0.263034
v 1.846984 -0.040480 -0.260819
v 1.837167 -0.079404 -0.254259
v 1.821224 -0.115277 -0.243607
v 1.799768 -0.146720 -0.229270
v 1.773624 -0.172525 -0.211802
v 1.743797 -0.191699 -0.191872
v 1.711432 -0.203507 -0.170246
v 1.715173 0.203507 -0.163248
v 1.751135 0.191699 -0.178144
v 1.784277 0.172525 -0.191872
v 1.813326 0.146720 -0.203904
v 1.837167 0.115277 -0.213779
v 1.854882 0.079404 -0.221117
v 1.865790 0.040480 -0.225636
v 1.869474 0.000000 -0.227161
v 1.865790 -0.040480 -0.225636
v 1.854882 -0.079404 -0.221117
v 1.837167 -0.115277 -0.213779
v 1.813326 -0.146720 -0.203904
v 1.784277 -0.172525 -0.191872
v 1.751135 -0.191699 -0.178144
v 1.715173 -0.203507 -0.163248
v 1.717477 0.203507 -0.155654
v 1.755653 0.191699 -0.163248
v 1.790837 0.172525 -0.170246
v 1.821676 0.146720 -0.176381
v 1.846984 0.115277 -0.181415
v 1.865790 0.079404 -0.185156
v 1.877371 0.040480 -0.187459
v 1.881282 0.000000 -0.188237
v 1.877371 -0.040480 -0.187459
v 1.865790 -0.079404 -0.185156
v 1.846984 -0.115277 -0.181415
v 1.821676 -0.146720 -0.176381
v 1.790837 -0.172525 -0.170246
v 1.755653 -0.191699 -0.163248
v 1.717477 -0.203507 -0.155654
v 1.718255 0.203507 -0.147757
v 1.757179 0.191699 -0.147757
v 1.793052 0.172525 -0.147757
v 1.824495 0.146720 -0.147757
v 1.850299 0.115277 -0.147757
v 1.869474 0.079404 -0.147757
v 1.881281 0.040480 -0.147757
v 1.885268 0.000000 -0.147757
v 1.881281 -0.040480 -0.147757
v 1.869474 -0.079404 -0.147757
v 1.850299 -0.115277 -0.147757
v 1.824495 -0.146720 -0.147757
v 1.793052 -0.172525 -0.147757
v 1.757179 -0.191699 -0.147757
v 1.718255 -0.203507 -0.147757
v 1.717477 0.203507 -0.139860
v 1.755653 0.191699 -0.132266
v 1.790837 0.172525 -0.125267
v 1.821676 0.146720 -0.119133
v 1.846984 0.115277 -0.114099
v 1.865790 0.079404 -0.110358
v 1.877371 0.040480 -0.108055
v 1.881282 0.000000 -0.107277
v 1.877371 -0.040480 -0.108055
v 1.865790 -0.079404 -0.110358
v 1.846984 -0.115277 -0.114099
v 1.821676 -0.146720 -0.119133
v 1.790837 -0.172525 -0.125267
v 1.755653 -0.191699 -0.132266
v 1.717477 -0.203507 -0.139860
v 1.715173 0.203507 -0.132266
v 1.751135 0.191699 -0.117370
v 1.784277 0.172525 -0.103642
v 1.813326 0.146720 -0.091609
v 1.837167 0.115277 -0.081734
v 1.854882 0.079404 -0.074397
v 1.865790 0.040480 -0.069878
v 1.869474 0.000000 -0.068352
v 1.865790 -0.040480 -0.069878
v 1.854882 -0.079404 -0.074397
v 1.837167 -0.115277 -0.081734
v 1.813326 -0.146720 -0.091609
v 1.784277 -0.172525 -0.103642
v 1.751135 -0.191699 -0.117370
v 1.715173 -0.203507 -0.132266
v 1.711433 0.203507 -0.125267
v 1.743797 0.191699 -0.103642
v 1.773624 0.172525 -0.083712
v 1.799768 0.146720 -0.066243
v 1.821224 0.115277 -0.051907
v 1.837167 0.079404 -0.041254
v 1.846984 0.040480 -0.034694
v 1.850299 0.000000 -0.032479
v 1.846984 -0.040480 -0.034694
v 1.837167 -0.079404 -0.041254
v 1.821224 -0.115277 -0.051907
v 1.799768 -0.146720 -0.066243
v 1.773624 -0.172525 -0.083712
v 1.743797 -0.191699 -0.103642
v 1.711432 -0.203507 -0.125267
v 1.706398 0.203507 -0.119133
v 1.733922 0.191699 -0.091609
v 1.759288 0.172525 -0.066243
v 1.781522 0.146720 -0.044010
v 1.799768 0.115277 -0.025763
v 1.813326 0.079404 -0.012205
v 1.821676 0.040480 -0.003856
v 1.824495 0.000000 -0.001037
v 1.821676 -0.040480 -0.003856
v 1.813326 -0.079404 -0.012205
v 1.799768 -0.115277 -0.025763
v 1.781522 -0.146720 -0.044010
v 1.759288 -0.172525 -0.066243
v 1.733922 -0.191699 -0.091609
v 1.706398 -0.203507 -0.119133
v 1.700264 0.203507 -0.114099
v 1.721889 0.191699 -0.081734
v 1.741819 0.172525 -0.051907
v 1.759288 0.146720 -0.025763
v 1.773624 0.115277 -0.004308
v 1.784277 0.079404 0.011635
v 1.790837 0.040480 0.021453
v 1.793052 0.000000 0.024768
v 1.790837 -0.040480 0.021453
v 1.784277 -0.079404 0.011635
v 1.773624 -0.115277 -0.004308
v 1.759288 -0.146720 -0.025763
v 1.741819 -0.172525 -0.051907
v 1.721889 -0.191699 -0.081734
v 1.700264 -0.203507 -0.114099
v 1.677775 -0.207494 -0.147757
v 1.693266 0.203507 -0.110358
v 1.708161 0.191699 -0.074397
v 1.721889 0.172525 -0.041254
v 1.733922 0.146720 -0.012205
v 1.743797 0.115277 0.011635
v 1.751135 0.079404 0.029350
v 1.755653 0.040480 0.040259
v 1.757179 0.000000 0.043943
v 1.755653 -0.040480 0.040259
v 1.751135 -0.079404 0.029350
v 1.743797 -0.115277 0.011635
v 1.733922 -0.146720 -0.012205
v 1.721889 -0.172525 -0.041254
v 1.708161 -0.191699 -0.074397
v 1.693266 -0.203507 -0.110358
v 1.685672 0.203507 -0.108055
v 1.693266 0.191699 -0.069878
v 1.700264 0.172525 -0.034694
v 1.706398 0.146720 -0.003856
v 1.711432 0.115277 0.021453
v 1.715173 0.079404 0.040259
v 1.717477 0.040480 0.051840
v 1.718255 0.000000 0.055750
v 1.717477 -0.040480 0.051840
v 1.715173 -0.079404 0.040259
v 1.711432 -0.115277 0.021453
v 1.706398 -0.146720 -0.003856
v 1.700264 -0.172525 -0.034694
v 1.693266 -0.191699 -0.069878
v 1.685672 -0.203507 -0.108055
v 1.677775 0.203507 -0.107277
v 1.677775 0.191699 -0.068352
v 1.677775 0.172525 -0.032479
v 1.677775 0.146720 -0.001037
v 1.677775 0.115277 0.024768
v 1.677775 0.079404 0.043942
v 1.677775 0.040480 0.055750
v 1.677775 0.000000 0.059737
v 1.677775 -0.040480 0.055750
v 1.677775 -0.079404 0.043942
v 1.677775 -0.115277 0.024768
v 1.677775 -0.146720 -0.001037
v 1.677775 -0.172525 -0.032479
v 1.677775 -0.191699 -0.068352
v 1.677775 -0.203507 -0.107277
v 1.669877 0.203507 -0.108055
v 1.662284 0.191699 -0.069878
v 1.655285 0.172525 -0.034694
v 1.649151 0.146720 -0.003856
v 1.644117 0.115277 0.021453
v 1.640376 0.079404 0.040259
v 1.638072 0.040480 0.051840
v 1.637295 0.000000 0.055750
v 1.638072 -0.040480 0.051840
v 1.640376 -0.079404 0.040259
v 1.644117 -0.115277 0.021453
v 1.649151 -0.146720 -0.003856
v 1.655285 -0.172525 -0.034694
v 1.662284 -0.191699 -0.069878
v 1.669877 -0.203507 -0.108055
v 1.662284 0.203507 -0.110358
v 1.647388 0.191699 -0.074397
v 1.633660 0.172525 -0.041254
v 1.621627 0.146720 -0.012205
v 1.611752 0.115277 0.011635
v 1.604414 0.079404 0.029350
v 1.599896 0.040480 0.040259
v 1.598370 0.000000 0.043942
v 1.599896 -0.040480 0.040259
v 1.604414 -0.079404 0.029350
v 1.611752 -0.115277 0.011635
v 1.621627 -0.146720 -0.012205
v 1.633660 -0.172525 -0.041254
v 1.647388 -0.191699 -0.074397
v 1.662284 -0.203507 -0.110358
v 1.655285 0.203507 -0.114099
v 1.633660 0.191699 -0.081734
v 1.613730 0.172525 -0.051907
v 1.596261 0.146720 -0.025763
v 1.581925 0.115277 -0.004308
v 1.571272 0.079404 0.011635
v 1.564712 0.040480 0.021453
v 1.562497 0.000000 0.024768
v 1.564712 -0.040480 0.021453
v 1.571272 -0.079404 0.011635
v 1.581925 -0.115277 -0.004308
v 1.596261 -0.146720 -0.025763
v 1.613730 -0.172525 -0.051907
v 1.633660 -0.191699 -0.081734
v 1.655285 -0.203507 -0.114099
v 1.677775 0.207494 -0.147757
v 1.649151 0.203507 -0.119133
v 1.621627 0.191699 -0.091609
v 1.596261 0.172525 -0.066243
v 1.574028 0.146720 -0.044010
v 1.555781 0.115277 -0.025763
v 1.542223 0.079404 -0.012205
v 1.533873 0.040480 -0.003856
v 1.531054 0.000000 -0.001037
v 1.533873 -0.040480 -0.003856
v 1.542223 -0.079404 -0.012205
v 1.555781 -0.115277 -0.025763
v 1.574028 -0.146720 -0.044010
v 1.596261 -0.172525 -0.066243
v 1.621627 -0.191699 -0.091609
v 1.649151 -0.203507 -0.119133
v 1.644117 0.203507 -0.125267
v 1.611752 0.191699 -0.103642
v 1.581925 0.172525 -0.083712
v 1.555781 0.146720 -0.066243
v 1.534325 0.115277 -0.051907
v 1.518382 0.079404 -0.041254
v 1.508565 0.040480 -0.034695
v 1.505250 0.000000 -0.032479
v 1.508565 -0.040480 -0.034695
v 1.518382 -0.079404 -0.041254
v 1.534325 -0.115277 -0.051907
v 1.555781 -0.146720 -0.066243
v 1.581925 -0.172525 -0.083712
v 1.611752 -0.191699 -0.103642
v 1.644117 -0.203507 -0.125267
v 1.640376 0.203507 -0.132266
v 1.604414 0.191699 -0.117370
v 1.571272 0.172525 -0.103642
v 1.542223 0.146720 -0.091609
v 1.518382 0.115277 -0.081735
v 1.500667 0.079404 -0.074397
v 1.489759 0.040480 -0.069878
v 1.486075 0.000000 -0.068352
v 1.489759 -0.040480 -0.069878
v 1.500667 -0.079404 -0.074397
v 1.518382 -0.115277 -0.081735
v 1.542223 -0.146720 -0.091609
v 1.571272 -0.172525 -0.103642
v 1.604414 -0.191699 -0.117370
v 1.640376 -0.203507 -0.132266
v 1.638072 0.203507 -0.139860
v 1.599896 0.191699 -0.132266
v 1.564712 0.172525 -0.125267
v 1.533873 0.146720 -0.119133
v 1.508565 0.115277 -0.114099
v 1.489759 0.079404 -0.110358
v 1.478178 0.040480 -0.108055
v 1.474268 0.000000 -0.107277
v 1.478178 -0.040480 -0.108055
v 1.489759 -0.079404 -0.110358
v 1.508565 -0.115277 -0.114099
v 1.533873 -0.146720 -0.119133
v 1.564712 -0.172525 -0.125267
v 1.599896 -0.191699 -0.132266
v 1.638072 -0.203507 -0.139860
v 1.637294 0.203507 -0.147757
v 1.598370 0.191699 -0.147757
v 1.562497 0.172525 -0.147757
v 1.531054 0.146720 -0.147757
v 1.505250 0.115277 -0.147757
v 1.486075 0.079404 -0.147757
v 1.474268 0.040480 -0.147757
v 1.470281 0.000000 -0.147757
v 1.474268 -0.040480 -0.147757
v 1.486075 -0.079404 -0.147757
v 1.505250 -0.115277 -0.147757
v 1.531054 -0.146720 -0.147757
v 1.562497 -0.172525 -0.147757
v 1.598370 -0.191699 -0.147757
v 1.637295 -0.203507 -0.147757
v 1.638072 0.203507 -0.155654
v 1.599896 0.191699 -0.163248
v 1.564712 0.172525 -0.170246
v 1.533873 0.146720 -0.176381
v 1.508565 0.115277 -0.181415
v 1.489759 0.079404 -0.185156
v 1.478178 0.040480 -0.187459
v 1.474268 0.000000 -0.188237
v 1.478178 -0.040480 -0.187459
v 1.489759 -0.079404 -0.185156
v 1.508565 -0.115277 -0.181415
v 1.533873 -0.146720 -0.176381
v 1.564712 -0.172525 -0.170246
v 1.599896 -0.191699 -0.163248
v 1.638072 -0.203507 -0.155654
v 1.640376 0.203507 -0.163248
v 1.604414 0.191699 -0.178144
v 1.571272 0.172525 -0.191872
v 1.542223 0.146720 -0.203904
v 1.518382 0.115277 -0.213779
v 1.500667 0.079404 -0.221117
v 1.489759 0.040480 -0.225636
v 1.486075 0.000000 -0.227161
v 1.489759 -0.040480 -0.225636
v 1.500667 -0.079404 -0.221117
v 1.518382 -0.115277 -0.213779
v 1.542223 -0.146720 -0.203904
v 1.571272 -0.172525 -0.191872
v 1.604414 -0.191699 -0.178144
v 1.640376 -0.203507 -0.163248
v 1.644117 0.203507 -0.170246
v 1.611752 0.191699 -0.191872
v 1.581925 0.172525 -0.211802
v 1.555781 0.146720 -0.229270
v 1.534325 0.115277 -0.243607
v 1.518382 0.079404 -0.254259
v 1.508565 0.040480 -0.260819
v 1.505250 0.000000 -0.263034
v 1.508565 -0.040480 -0.260819
v 1.518382 -0.079404 -0.254259
v 1.534325 -0.115277 -0.243607
v 1.555781 -0.146720 -0.229270
v 1.581925 -0.172525 -0.211802
v 1.611752 -0.191699 -0.191872
v 1.644117 -0.203507 -0.170246
v 1.649151 0.203507 -0.176381
v 1.621627 0.191699 -0.203904
v 1.596261 0.172525 -0.229270
v 1.574028 0.146720 -0.251504
v 1.555781 0.115277 -0.269750
v 1.542223 0.079404 -0.283309
v 1.533874 0.040480 -0.291658
v 1.531054 0.000000 -0.294477
v 1.533874 -0.040480 -0.291658
v 1.542223 -0.079404 -0.283309
v 1.555781 -0.115277 -0.269750
v 1.574028 -0.146720 -0.251504
v 1.596261 -0.172525 -0.229270
v 1.621627 -0.191699 -0.203904
v 1.649151 -0.203507 -0.176381
v 1.655285 0.203507 -0.181415
v 1.633660 0.191699 -0.213779
v 1.613730 0.172525 -0.243607
v 1.596261 0.146720 -0.269750
v 1.581925 0.115277 -0.291206
v 1.571272 0.079404 -0.307149
v 1.564712 0.040480 -0.316967
v 1.562497 0.000000 -0.320282
v 1.564712 -0.040480 -0.316967
v 1.571272 -0.079404 -0.307149
v 1.581925 -0.115277 -0.291206
v 1.596261 -0.146720 -0.269750
v 1.613730 -0.172525 -0.243607
v 1.633660 -0.191699 -0.213779
v 1.655285 -0.203507 -0.181415
v 1.662284 0.203507 -0.185156
v 1.647388 0.191699 -0.221117
v 1.633660 0.172525 -0.254259
v 1.621627 0.146720 -0.283309
v 1.611752 0.115277 -0.307149
v 1.604414 0.079404 -0.324864
v 1.599896 0.040480 -0.335773
v 1.598370 0.000000 -0.339456
v 1.599896 -0.040480 -0.335773
v 1.604414 -0.079404 -0.324864
v 1.611752 -0.115277 -0.307149
v 1.621627 -0.146720 -0.283309
v 1.633660 -0.172525 -0.254259
v 1.647388 -0.191699 -0.221117
v 1.662284 -0.203507 -0.185156
v 1.669877 0.203507 -0.187459
v 1.662284 0.191699 -0.225636
v 1.655285 0.172525 -0.260819
v 1.649151 0.146720 -0.291658
v 1.644117 0.115277 -0.316967
v 1.640376 0.079404 -0.335773
v 1.638072 0.040480 -0.347353
v 1.637295 0.000000 -0.351264
v 1.638072 -0.040480 -0.347353
v 1.640376 -0.079404 -0.335773
v 1.644117 -0.115277 -0.316967
v 1.649151 -0.146720 -0.291658
v 1.655285 -0.172525 -0.260819
v 1.662284 -0.191699 -0.225636
v 1.669877 -0.203507 -0.187459
v 1.677775 -0.079404 -0.339456
v 1.677775 -0.115277 -0.320282
v 1.677775 -0.146720 -0.294477
v 1.677775 -0.191699 -0.227161
v 1.677775 -0.203507 -0.188237
vt 0.750000 0.812500
vt 0.750000 0.875000
vt 0.718750 0.875000
vt 0.718750 0.812500
vt 0.750000 0.312500
vt 0.750000 0.375000
vt 0.718750 0.375000
vt 0.718750 0.312500
vt 0.750000 0.750000
vt 0.718750 0.750000
vt 0.750000 0.250000
vt 0.718750 0.250000
vt 0.750000 0.687500
vt 0.718750 0.687500
vt 0.750000 0.187500
vt 0.718750 0.187500
vt 0.750000 0.625000
vt 0.718750 0.625000
vt 0.750000 0.125000
vt 0.718750 0.125000
vt 0.750000 0.562500
vt 0.718750 0.562500
vt 0.750000 0.062500
vt 0.718750 0.062500
vt 0.750000 0.500000
vt 0.718750 0.500000
vt 0.750000 0.937500
vt 0.734375 1.000000
vt 0.718750 0.937500
vt 0.734375 0.000000
vt 0.750000 0.437500
vt 0.718750 0.437500
vt 0.687500 0.500000
vt 0.687500 0.437500
vt 0.687500 0.937500
vt 0.687500 0.875000
vt 0.687500 0.375000
vt 0.687500 0.812500
vt 0.687500 0.312500
vt 0.687500 0.750000
vt 0.687500 0.250000
vt 0.687500 0.687500
vt 0.687500 0.187500
vt 0.687500 0.625000
vt 0.687500 0.125000
vt 0.687500 0.562500
vt 0.687500 0.062500
vt 0.703125 1.000000
vt 0.703125 0.000000
vt 0.656250 0.250000
vt 0.656250 0.187500
vt 0.656250 0.687500
vt 0.656250 0.625000
vt 0.656250 0.125000
vt 0.656250 0.562500
vt 0.656250 0.062500
vt 0.656250 0.500000
vt 0.671875 1.000000
vt 0.656250 0.937500
vt 0.671875 0.000000
vt 0.656250 0.437500
vt 0.656250 0.875000
vt 0.656250 0.375000
vt 0.656250 0.812500
vt 0.656250 0.312500
vt 0.656250 0.750000
vt 0.625000 0.437500
vt 0.625000 0.375000
vt 0.625000 0.875000
vt 0.625000 0.812500
vt 0.625000 0.312500
vt 0.625000 0.750000
vt 0.625000 0.250000
vt 0.625000 0.687500
vt 0.625000 0.187500
vt 0.625000 0.625000
vt 0.625000 0.125000
vt 0.625000 0.562500
vt 0.625000 0.062500
vt 0.625000 0.500000
vt 0.640625 1.000000
vt 0.625000 0.937500
vt 0.640625 0.000000
vt 0.593750 0.187500
vt 0.593750 0.125000
vt 0.593750 0.625000
vt 0.593750 0.562500
vt 0.593750 0.062500
vt 0.593750 0.500000
vt 0.609375 1.000000
vt 0.593750 0.937500
vt 0.609375 0.000000
vt 0.593750 0.437500
vt 0.593750 0.875000
vt 0.593750 0.375000
vt 0.593750 0.812500
vt 0.593750 0.312500
vt 0.593750 0.750000
vt 0.593750 0.250000
vt 0.593750 0.687500
vt 0.562500 0.875000
vt 0.562500 0.812500
vt 0.562500 0.375000
vt 0.562500 0.312500
vt 0.562500 0.750000
vt 0.562500 0.250000
vt 0.562500 0.687500
vt 0.562500 0.187500
vt 0.562500 0.625000
vt 0.562500 0.125000
vt 0.562500 0.562500
vt 0.562500 0.062500
vt 0.562500 0.500000
vt 0.578125 1.000000
vt 0.562500 0.937500
vt 0.578125 0.000000
vt 0.562500 0.437500
vt 0.531250 0.625000
vt 0.531250 0.562500
vt 0.531250 0.125000
vt 0.531250 0.062500
vt 0.531250 0.500000
vt 0.546875 1.000000
vt 0.531250 0.937500
vt 0.546875 0.000000
vt 0.531250 0.437500
vt 0.531250 0.875000
vt 0.531250 0.375000
vt 0.531250 0.812500
vt 0.531250 0.312500
vt 0.531250 0.750000
vt 0.531250 0.250000
vt 0.531250 0.687500
vt 0.531250 0.187500
vt 0.500000 0.375000
vt 0.500000 0.312500
vt 0.500000 0.812500
vt 0.500000 0.750000
vt 0.500000 0.250000
vt 0.500000 0.687500
vt 0.500000 0.187500
vt 0.500000 0.625000
vt 0.500000 0.125000
vt 0.500000 0.562500
vt 0.500000 0.062500
vt 0.500000 0.500000
vt 0.515625 1.000000
vt 0.500000 0.937500
vt 0.515625 0.000000
vt 0.500000 0.437500
vt 0.500000 0.875000
vt 0.468750 0.125000
vt 0.468750 0.062500
vt 0.468750 0.562500
vt 0.468750 0.500000
vt 0.484374 1.000000
vt 0.468750 0.937500
vt 0.484375 0.000000
vt 0.468750 0.437500
vt 0.468750 0.875000
vt 0.468750 0.375000
vt 0.468750 0.812500
vt 0.468750 0.312500
vt 0.468750 0.750000
vt 0.468750 0.250000
vt 0.468750 0.687500
vt 0.468750 0.187500
vt 0.468750 0.625000
vt 0.437500 0.812500
vt 0.437500 0.750000
vt 0.437500 0.312500
vt 0.437500 0.250000
vt 0.437500 0.687500
vt 0.437500 0.187500
vt 0.437500 0.625000
vt 0.437500 0.125000
vt 0.437500 0.562500
vt 0.437500 0.062500
vt 0.437500 0.500000
vt 0.453124 1.000000
vt 0.437500 0.937500
vt 0.453125 0.000000
vt 0.437500 0.437500
vt 0.437500 0.875000
vt 0.437500 0.375000
vt 0.406250 0.562500
vt 0.406250 0.500000
vt 0.421874 1.000000
vt 0.406250 0.937500
vt 0.421875 0.000000
vt 0.406250 0.062500
vt 0.406250 0.437500
vt 0.406250 0.875000
vt 0.406250 0.375000
vt 0.406250 0.812500
vt 0.406250 0.312500
vt 0.406250 0.750000
vt 0.406250 0.250000
vt 0.406250 0.687500
vt 0.406250 0.187500
vt 0.406250 0.625000
vt 0.406250 0.125000
vt 0.375000 0.312500
vt 0.375000 0.250000
vt 0.375000 0.750000
vt 0.375000 0.687500
vt 0.375000 0.187500
vt 0.375000 0.625000
vt 0.375000 0.125000
vt 0.375000 0.562500
vt 0.375000 0.062500
vt 0.375000 0.500000
vt 0.390625 1.000000
vt 0.375000 0.937500
vt 0.390625 0.000000
vt 0.375000 0.437500
vt 0.375000 0.875000
vt 0.375000 0.375000
vt 0.375000 0.812500
vt 0.359375 0.000000
vt 0.343750 0.062500
vt 0.343750 0.500000
vt 0.343750 0.437500
vt 0.343750 0.937500
vt 0.343750 0.875000
vt 0.343750 0.375000
vt 0.343750 0.812500
vt 0.343750 0.312500
vt 0.343750 0.750000
vt 0.343750 0.250000
vt 0.343750 0.687500
vt 0.343750 0.187500
vt 0.343750 0.625000
vt 0.343750 0.125000
vt 0.343750 0.562500
vt 0.359375 1.000000
vt 0.312500 0.250000
vt 0.312500 0.187500
vt 0.312500 0.687500
vt 0.312500 0.625000
vt 0.312500 0.125000
vt 0.312500 0.562500
vt 0.312500 0.062500
vt 0.312500 0.500000
vt 0.328125 1.000000
vt 0.312500 0.937500
vt 0.328125 0.000000
vt 0.312500 0.437500
vt 0.312500 0.875000
vt 0.312500 0.375000
vt 0.312500 0.812500
vt 0.312500 0.312500
vt 0.312500 0.750000
vt 0.281250 0.937500
vt 0.281250 0.875000
vt 0.281250 0.437500
vt 0.281250 0.375000
vt 0.281250 0.812500
vt 0.281250 0.312500
vt 0.281250 0.750000
vt 0.281250 0.250000
vt 0.281250 0.687500
vt 0.281250 0.187500
vt 0.281250 0.625000
vt 0.281250 0.125000
vt 0.281250 0.562500
vt 0.281250 0.062500
vt 0.281250 0.500000
vt 0.296875 1.000000
vt 0.296875 0.000000
vt 0.250000 0.687500
vt 0.250000 0.625000
vt 0.250000 0.187500
vt 0.250000 0.125000
vt 0.250000 0.562500
vt 0.250000 0.062500
vt 0.250000 0.500000
vt 0.265625 1.000000
vt 0.250000 0.937500
vt 0.265625 0.000000
vt 0.250000 0.437500
vt 0.250000 0.875000
vt 0.250000 0.375000
vt 0.250000 0.812500
vt 0.250000 0.312500
vt 0.250000 0.750000
vt 0.250000 0.250000
vt 0.218750 0.437500
vt 0.218750 0.375000
vt 0.218750 0.875000
vt 0.218750 0.812500
vt 0.218750 0.312500
vt 0.218750 0.750000
vt 0.218750 0.250000
vt 0.218750 0.687500
vt 0.218750 0.187500
vt 0.218750 0.625000
vt 0.218750 0.125000
vt 0.218750 0.562500
vt 0.218750 0.062500
vt 0.218750 0.500000
vt 0.234375 1.000000
vt 0.218750 0.937500
vt 0.234375 0.000000
vt 0.187500 0.187500
vt 0.187500 0.125000
vt 0.187500 0.625000
vt 0.187500 0.562500
vt 0.187500 0.062500
vt 0.187500 0.500000
vt 0.203125 1.000000
vt 0.187500 0.937500
vt 0.203125 0.000000
vt 0.187500 0.437500
vt 0.187500 0.875000
vt 0.187500 0.375000
vt 0.187500 0.812500
vt 0.187500 0.312500
vt 0.187500 0.750000
vt 0.187500 0.250000
vt 0.187500 0.687500
vt 0.156250 0.875000
vt 0.156250 0.812500
vt 0.156250 0.375000
vt 0.156250 0.312500
vt 0.156250 0.750000
vt 0.156250 0.250000
vt 0.156250 0.687500
vt 0.156250 0.187500
vt 0.156250 0.625000
vt 0.156250 0.125000
vt 0.156250 0.562500
vt 0.156250 0.062500
vt 0.156250 0.500000
vt 0.171875 1.000000
vt 0.156250 0.937500
vt 0.171875 0.000000
vt 0.156250 0.437500
vt 0.125000 0.625000
vt 0.125000 0.562500
vt 0.125000 0.125000
vt 0.125000 0.062500
vt 0.125000 0.500000
vt 0.140625 1.000000
vt 0.125000 0.937500
vt 0.140625 0.000000
vt 0.125000 0.437500
vt 0.125000 0.875000
vt 0.125000 0.375000
vt 0.125000 0.812500
vt 0.125000 0.312500
vt 0.125000 0.750000
vt 0.125000 0.250000
vt 0.125000 0.687500
vt 0.125000 0.187500
vt 0.093750 0.375000
vt 0.093750 0.312500
vt 0.093750 0.812500
vt 0.093750 0.750000
vt 0.093750 0.250000
vt 0.093750 0.687500
vt 0.093750 0.187500
vt 0.093750 0.625000
vt 0.093750 0.125000
vt 0.093750 0.562500
vt 0.093750 0.062500
vt 0.093750 0.500000
vt 0.109375 1.000000
vt 0.093750 0.937500
vt 0.109375 0.000000
vt 0.093750 0.437500
vt 0.093750 0.875000
vt 0.062500 0.125000
vt 0.062500 0.062500
vt 0.062500 0.562500
vt 0.062500 0.500000
vt 0.078125 1.000000
vt 0.062500 0.937500
vt 0.078125 0.000000
vt 0.062500 0.437500
vt 0.062500 0.875000
vt 0.062500 0.375000
vt 0.062500 0.812500
vt 0.062500 0.312500
vt 0.062500 0.750000
vt 0.062500 0.250000
vt 0.062500 0.687500
vt 0.062500 0.187500
vt 0.062500 0.625000
vt 0.031250 0.312500
vt 0.031250 0.250000
vt 0.031250 0.750000
vt 0.031250 0.687500
vt 0.031250 0.187500
vt 0.031250 0.625000
vt 0.031250 0.125000
vt 0.031250 0.562500
vt 0.031250 0.062500
vt 0.031250 0.500000
vt 0.046875 1.000000
vt 0.031250 0.937500
vt 0.046875 0.000000
vt 0.031250 0.437500
vt 0.031250 0.875000
vt 0.031250 0.375000
vt 0.031250 0.812500
vt 0.015625 1.000000
vt 0.000000 0.937500
vt 0.015625 0.000000
vt 0.000000 0.062500
vt 0.000000 0.500000
vt 0.000000 0.437500
vt 0.000000 0.875000
vt 0.000000 0.375000
vt 0.000000 0.812500
vt 0.000000 0.312500
vt 0.000000 0.750000
vt 0.000000 0.250000
vt 0.000000 0.687500
vt 0.000000 0.187500
vt 0.000000 0.625000
vt 0.000000 0.125000
vt 0.000000 0.562500
vt 1.000000 0.687500
vt 1.000000 0.750000
vt 0.968750 0.750000
vt 0.968750 0.687500
vt 1.000000 0.187500
vt 1.000000 0.250000
vt 0.968750 0.250000
vt 0.968750 0.187500
vt 1.000000 0.625000
vt 0.968750 0.625000
vt 1.000000 0.125000
vt 0.968750 0.125000
vt 1.000000 0.562500
vt 0.968750 0.562500
vt 1.000000 0.062500
vt 0.968750 0.062500
vt 1.000000 0.500000
vt 0.968750 0.500000
vt 1.000000 0.937500
vt 0.984375 1.000000
vt 0.968750 0.937500
vt 0.984375 0.000000
vt 1.000000 0.437500
vt 0.968750 0.437500
vt 1.000000 0.875000
vt 0.968750 0.875000
vt 1.000000 0.375000
vt 0.968750 0.375000
vt 1.000000 0.812500
vt 0.968750 0.812500
vt 1.000000 0.312500
vt 0.968750 0.312500
vt 0.937500 0.500000
vt 0.937500 0.437500
vt 0.937500 0.937500
vt 0.937500 0.875000
vt 0.937500 0.375000
vt 0.937500 0.812500
vt 0.937500 0.312500
vt 0.937500 0.750000
vt 0.937500 0.250000
vt 0.937500 0.687500
vt 0.937500 0.187500
vt 0.937500 0.625000
vt 0.937500 0.125000
vt 0.937500 0.562500
vt 0.937500 0.062500
vt 0.953125 1.000000
vt 0.953125 0.000000
vt 0.906250 0.250000
vt 0.906250 0.187500
vt 0.906250 0.687500
vt 0.906250 0.625000
vt 0.906250 0.125000
vt 0.906250 0.562500
vt 0.906250 0.062500
vt 0.906250 0.500000
vt 0.921875 1.000000
vt 0.906250 0.937500
vt 0.921875 0.000000
vt 0.906250 0.437500
vt 0.906250 0.875000
vt 0.906250 0.375000
vt 0.906250 0.812500
vt 0.906250 0.312500
vt 0.906250 0.750000
vt 0.875000 0.937500
vt 0.875000 0.875000
vt 0.875000 0.437500
vt 0.875000 0.375000
vt 0.875000 0.812500
vt 0.875000 0.312500
vt 0.875000 0.750000
vt 0.875000 0.250000
vt 0.875000 0.687500
vt 0.875000 0.187500
vt 0.875000 0.625000
vt 0.875000 0.125000
vt 0.875000 0.562500
vt 0.875000 0.062500
vt 0.875000 0.500000
vt 0.890625 1.000000
vt 0.890625 0.000000
vt 0.843750 0.687500
vt 0.843750 0.625000
vt 0.843750 0.187500
vt 0.843750 0.125000
vt 0.843750 0.562500
vt 0.843750 0.062500
vt 0.843750 0.500000
vt 0.859375 1.000000
vt 0.843750 0.937500
vt 0.859375 0.000000
vt 0.843750 0.437500
vt 0.843750 0.875000
vt 0.843750 0.375000
vt 0.843750 0.812500
vt 0.843750 0.312500
vt 0.843750 0.750000
vt 0.843750 0.250000
vt 0.812500 0.437500
vt 0.812500 0.375000
vt 0.812500 0.875000
vt 0.812500 0.812500
vt 0.812500 0.312500
vt 0.812500 0.750000
vt 0.812500 0.250000
vt 0.812500 0.687500
vt 0.812500 0.187500
vt 0.812500 0.625000
vt 0.812500 0.125000
vt 0.812500 0.562500
vt 0.812500 0.062500
vt 0.812500 0.500000
vt 0.828125 1.000000
vt 0.812500 0.937500
vt 0.828125 0.000000
vt 0.781250 0.187500
vt 0.781250 0.125000
vt 0.781250 0.625000
vt 0.781250 0.562500
vt 0.781250 0.062500
vt 0.781250 0.500000
vt 0.796875 1.000000
vt 0.781250 0.937500
vt 0.796875 0.000000
vt 0.781250 0.437500
vt 0.781250 0.875000
vt 0.781250 0.375000
vt 0.781250 0.812500
vt 0.781250 0.312500
vt 0.781250 0.750000
vt 0.781250 0.250000
vt 0.781250 0.687500
vt 0.765625 1.000000
vt 0.765625 0.000000
vt 0.750000 0.812500
vt 0.750000 0.875000
vt 0.718750 0.875000
vt 0.718750 0.812500
vt 0.750000 0.312500
vt 0.750000 0.375000
vt 0.718750 0.375000
vt 0.718750 0.312500
vt 0.750000 0.750000
vt 0.718750 0.750000
vt 0.750000 0.250000
vt 0.718750 0.250000
vt 0.750000 0.687500
vt 0.718750 0.687500
vt 0.750000 0.187500
vt 0.718750 0.187500
vt 0.750000 0.625000
vt 0.718750 0.625000
vt 0.750000 0.125000
vt 0.718750 0.125000
vt 0.750000 0.562500
vt 0.718750 0.562500
vt 0.750000 0.062500
vt 0.718750 0.062500
vt 0.750000 0.500000
vt 0.718750 0.500000
vt 0.750000 0.937500
vt 0.734375 1.000000
vt 0.718750 0.937500
vt 0.734375 0.000000
vt 0.750000 0.437500
vt 0.718750 0.437500
vt 0.687500 0.500000
vt 0.687500 0.437500
vt 0.687500 0.937500
vt 0.687500 0.875000
vt 0.687500 0.375000
vt 0.687500 0.812500
vt 0.687500 0.312500
vt 0.687500 0.750000
vt 0.687500 0.250000
vt 0.687500 0.687500
vt 0.687500 0.187500
vt 0.687500 0.625000
vt 0.687500 0.125000
vt 0.687500 0.562500
vt 0.687500 0.062500
vt 0.703125 1.000000
vt 0.703125 0.000000
vt 0.656250 0.250000
vt 0.656250 0.187500
vt 0.656250 0.687500
vt 0.656250 0.625000
vt 0.656250 0.125000
vt 0.656250 0.562500
vt 0.656250 0.062500
vt 0.656250 0.500000
vt 0.671875 1.000000
vt 0.656250 0.937500
vt 0.671875 0.000000
vt 0.656250 0.437500
vt 0.656250 0.875000
vt 0.656250 0.375000
vt 0.656250 0.812500
vt 0.656250 0.312500
vt 0.656250 0.750000
vt 0.625000 0.437500
vt 0.625000 0.375000
vt 0.625000 0.875000
vt 0.625000 0.812500
vt 0.625000 0.312500
vt 0.625000 0.750000
vt 0.625000 0.250000
vt 0.625000 0.687500
vt 0.625000 0.187500
vt 0.625000 0.625000
vt 0.625000 0.125000
vt 0.625000 0.562500
vt 0.625000 0.062500
vt 0.625000 0.500000
vt 0.640625 1.000000
vt 0.625000 0.937500
vt 0.640625 0.000000
vt 0.593750 0.187500
vt 0.593750 0.125000
vt 0.593750 0.625000
vt 0.593750 0.562500
vt 0.593750 0.062500
vt 0.593750 0.500000
vt 0.609375 1.000000
vt 0.593750 0.937500
vt 0.609375 0.000000
vt 0.593750 0.437500
vt 0.593750 0.875000
vt 0.593750 0.375000
vt 0.593750 0.812500
vt 0.593750 0.312500
vt 0.593750 0.750000
vt 0.593750 0.250000
vt 0.593750 0.687500
vt 0.562500 0.875000
vt 0.562500 0.812500
vt 0.562500 0.375000
vt 0.562500 0.312500
vt 0.562500 0.750000
vt 0.562500 0.250000
vt 0.562500 0.687500
vt 0.562500 0.187500
vt 0.562500 0.625000
vt 0.562500 0.125000
vt 0.562500 0.562500
vt 0.562500 0.062500
vt 0.562500 0.500000
vt 0.578125 1.000000
vt 0.562500 0.937500
vt 0.578125 0.000000
vt 0.562500 0.437500
vt 0.531250 0.625000
vt 0.531250 0.562500
vt 0.531250 0.125000
vt 0.531250 0.062500
vt 0.531250 0.500000
vt 0.546875 1.000000
vt 0.531250 0.937500
vt 0.546875 0.000000
vt 0.531250 0.437500
vt 0.531250 0.875000
vt 0.531250 0.375000
vt 0.531250 0.812500
vt 0.531250 0.312500
vt 0.531250 0.750000
vt 0.531250 0.250000
vt 0.531250 0.687500
vt 0.531250 0.187500
vt 0.500000 0.375000
vt 0.500000 0.312500
vt 0.500000 0.812500
vt 0.500000 0.750000
vt 0.500000 0.250000
vt 0.500000 0.687500
vt 0.500000 0.187500
vt 0.500000 0.625000
vt 0.500000 0.125000
vt 0.500000 0.562500
vt 0.500000 0.062500
vt 0.500000 0.500000
vt 0.515625 1.000000
vt 0.500000 0.937500
vt 0.515625 0.000000
vt 0.500000 0.437500
vt 0.500000 0.875000
vt 0.468750 0.125000
vt 0.468750 0.062500
vt 0.468750 0.562500
vt 0.468750 0.500000
vt 0.484374 1.000000
vt 0.468750 0.937500
vt 0.484375 0.000000
vt 0.468750 0.437500
vt 0.468750 0.875000
vt 0.468750 0.375000
vt 0.468750 0.812500
vt 0.468750 0.312500
vt 0.468750 0.750000
vt 0.468750 0.250000
vt 0.468750 0.687500
vt 0.468750 0.187500
vt 0.468750 0.625000
vt 0.437500 0.812500
vt 0.437500 0.750000
vt 0.437500 0.312500
vt 0.437500 0.250000
vt 0.437500 0.687500
vt 0.437500 0.187500
vt 0.437500 0.625000
vt 0.437500 0.125000
vt 0.437500 0.562500
vt 0.437500 0.062500
vt 0.437500 0.500000
vt 0.453124 1.000000
vt 0.437500 0.937500
vt 0.453125 0.000000
vt 0.437500 0.437500
vt 0.437500 0.875000
vt 0.437500 0.375000
vt 0.406250 0.562500
vt 0.406250 0.500000
vt 0.421874 1.000000
vt 0.406250 0.937500
vt 0.421875 0.000000
vt 0.406250 0.062500
vt 0.406250 0.437500
vt 0.406250 0.875000
vt 0.406250 0.375000
vt 0.406250 0.812500
vt 0.406250 0.312500
vt 0.406250 0.750000
vt 0.406250 0.250000
vt 0.406250 0.687500
vt 0.406250 0.187500
vt 0.406250 0.625000
vt 0.406250 0.125000
vt 0.375000 0.312500
vt 0.375000 0.250000
vt 0.375000 0.750000
vt 0.375000 0.687500
vt 0.375000 0.187500
vt 0.375000 0.625000
vt 0.375000 0.125000
vt 0.375000 0.562500
vt 0.375000 0.062500
vt 0.375000 0.500000
vt 0.390625 1.000000
vt 0.375000 0.937500
vt 0.390625 0.000000
vt 0.375000 0.437500
vt 0.375000 0.875000
vt 0.375000 0.375000
vt 0.375000 0.812500
vt 0.359375 0.000000
vt 0.343750 0.062500
vt 0.343750 0.500000
vt 0.343750 0.437500
vt 0.343750 0.937500
vt 0.343750 0.875000
vt 0.343750 0.375000
vt 0.343750 0.812500
vt 0.343750 0.312500
vt 0.343750 0.750000
vt 0.343750 0.250000
vt 0.343750 0.687500
vt 0.343750 0.187500
vt 0.343750 0.625000
vt 0.343750 0.125000
vt 0.343750 0.562500
vt 0.359375 1.000000
vt 0.312500 0.250000
vt 0.312500 0.187500
vt 0.312500 0.687500
vt 0.312500 0.625000
vt 0.312500 0.125000
vt 0.312500 0.562500
vt 0.312500 0.062500
vt 0.312500 0.500000
vt 0.328125 1.000000
vt 0.312500 0.937500
vt 0.328125 0.000000
vt 0.312500 0.437500
vt 0.312500 0.875000
vt 0.312500 0.375000
vt 0.312500 0.812500
vt 0.312500 0.312500
vt 0.312500 0.750000
vt 0.281250 0.937500
vt 0.281250 0.875000
vt 0.281250 0.437500
vt 0.281250 0.375000
vt 0.281250 0.812500
vt 0.281250 0.312500
vt 0.281250 0.750000
vt 0.281250 0.250000
vt 0.281250 0.687500
vt 0.281250 0.187500
vt 0.281250 0.625000
vt 0.281250 0.125000
vt 0.281250 0.562500
vt 0.281250 0.062500
vt 0.281250 0.500000
vt 0.296875 1.000000
vt 0.296875 0.000000
vt 0.250000 0.687500
vt 0.250000 0.625000
vt 0.250000 0.187500
vt 0.250000 0.125000
vt 0.250000 0.562500
vt 0.250000 0.062500
vt 0.250000 0.500000
vt 0.265625 1.000000
vt 0.250000 0.937500
vt 0.265625 0.000000
vt 0.250000 0.437500
vt 0.250000 0.875000
vt 0.250000 0.375000
vt 0.250000 0.812500
vt 0.250000 0.312500
vt 0.250000 0.750000
vt 0.250000 0.250000
vt 0.218750 0.437500
vt 0.218750 0.375000
vt 0.218750 0.875000
vt 0.218750 0.812500
vt 0.218750 0.312500
vt 0.218750 0.750000
vt 0.218750 0.250000
vt 0.218750 0.687500
vt 0.218750 0.187500
vt 0.218750 0.625000
vt 0.218750 0.125000
vt 0.218750 0.562500
vt 0.218750 0.062500
vt 0.218750 0.500000
vt 0.234375 1.000000
vt 0.218750 0.937500
vt 0.234375 0.000000
vt 0.187500 0.187500
vt 0.187500 0.125000
vt 0.187500 0.625000
vt 0.187500 0.562500
vt 0.187500 0.062500
vt 0.187500 0.500000
vt 0.203125 1.000000
vt 0.187500 0.937500
vt 0.203125 0.000000
vt 0.187500 0.437500
vt 0.187500 0.875000
vt 0.187500 0.375000
vt 0.187500 0.812500
vt 0.187500 0.312500
vt 0.187500 0.750000
vt 0.187500 0.250000
vt 0.187500 0.687500
vt 0.156250 0.875000
vt 0.156250 0.812500
vt 0.156250 0.375000
vt 0.156250 0.312500
vt 0.156250 0.750000
vt 0.156250 0.250000
vt 0.156250 0.687500
vt 0.156250 0.187500
vt 0.156250 0.625000
vt 0.156250 0.125000
vt 0.156250 0.562500
vt 0.156250 0.062500
vt 0.156250 0.500000
vt 0.171875 1.000000
vt 0.156250 0.937500
vt 0.171875 0.000000
vt 0.156250 0.437500
vt 0.125000 0.625000
vt 0.125000 0.562500
vt 0.125000 0.125000
vt 0.125000 0.062500
vt 0.125000 0.500000
vt 0.140625 1.000000
vt 0.125000 0.937500
vt 0.140625 0.000000
vt 0.125000 0.437500
vt 0.125000 0.875000
vt 0.125000 0.375000
vt 0.125000 0.812500
vt 0.125000 0.312500
vt 0.125000 0.750000
vt 0.125000 0.250000
vt 0.125000 0.687500
vt 0.125000 0.187500
vt 0.093750 0.375000
vt 0.093750 0.312500
vt 0.093750 0.812500
vt 0.093750 0.750000
vt 0.093750 0.250000
vt 0.093750 0.687500
vt 0.093750 0.187500
vt 0.093750 0.625000
vt 0.093750 0.125000
vt 0.093750 0.562500
vt 0.093750 0.062500
vt 0.093750 0.500000
vt 0.109375 1.000000
vt 0.093750 0.937500
vt 0.109375 0.000000
vt 0.093750 0.437500
vt 0.093750 0.875000
vt 0.062500 0.125000
vt 0.062500 0.062500
vt 0.062500 0.562500
vt 0.062500 0.500000
vt 0.078125 1.000000
vt 0.062500 0.937500
vt 0.078125 0.000000
vt 0.062500 0.437500
vt 0.062500 0.875000
vt 0.062500 0.375000
vt 0.062500 0.812500
vt 0.062500 0.312500
vt 0.062500 0.750000
vt 0.062500 0.250000
vt 0.062500 0.687500
vt 0.062500 0.187500
vt 0.062500 0.625000
vt 0.031250 0.312500
vt 0.031250 0.250000
vt 0.031250 0.750000
vt 0.031250 0.687500
vt 0.031250 0.187500
vt 0.031250 0.625000
vt 0.031250 0.125000
vt 0.031250 0.562500
vt 0.031250 0.062500
vt 0.031250 0.500000
vt 0.046875 1.000000
vt 0.031250 0.937500
vt 0.046875 0.000000
vt 0.031250 0.437500
vt 0.031250 0.875000
vt 0.031250 0.375000
vt 0.031250 0.812500
vt 0.015625 1.000000
vt 0.000000 0.937500
vt 0.015625 0.000000
vt 0.000000 0.062500
vt 0.000000 0.500000
vt 0.000000 0.437500
vt 0.000000 0.875000
vt 0.000000 0.375000
vt 0.000000 0.812500
vt 0.000000 0.312500
vt 0.000000 0.750000
vt 0.000000 0.250000
vt 0.000000 0.687500
vt 0.000000 0.187500
vt 0.000000 0.625000
vt 0.000000 0.125000
vt 0.000000 0.562500
vt 1.000000 0.687500
vt 1.000000 0.750000
vt 0.968750 0.750000
vt 0.968750 0.687500
vt 1.000000 0.187500
vt 1.000000 0.250000
vt 0.968750 0.250000
vt 0.968750 0.187500
vt 1.000000 0.625000
vt 0.968750 0.625000
vt 1.000000 0.125000
vt 0.968750 0.125000
vt 1.000000 0.562500
vt 0.968750 0.562500
vt 1.000000 0.062500
vt 0.968750 0.062500
vt 1.000000 0.500000
vt 0.968750 0.500000
vt 1.000000 0.937500
vt 0.984375 1.000000
vt 0.968750 0.937500
vt 0.984375 0.000000
vt 1.000000 0.437500
vt 0.968750 0.437500
vt 1.000000 0.875000
vt 0.968750 0.875000
vt 1.000000 0.375000
vt 0.968750 0.375000
vt 1.000000 0.812500
vt 0.968750 0.812500
vt 1.000000 0.312500
vt 0.968750 0.312500
vt 0.937500 0.500000
vt 0.937500 0.437500
vt 0.937500 0.937500
vt 0.937500 0.875000
vt 0.937500 0.375000
vt 0.937500 0.812500
vt 0.937500 0.312500
vt 0.937500 0.750000
vt 0.937500 0.250000
vt 0.937500 0.687500
vt 0.937500 0.187500
vt 0.937500 0.625000
vt 0.937500 0.125000
vt 0.937500 0.562500
vt 0.937500 0.062500
vt 0.953125 1.000000
vt 0.953125 0.000000
vt 0.906250 0.250000
vt 0.906250 0.187500
vt 0.906250 0.687500
vt 0.906250 0.625000
vt 0.906250 0.125000
vt 0.906250 0.562500
vt 0.906250 0.062500
vt 0.906250 0.500000
vt 0.921875 1.000000
vt 0.906250 0.937500
vt 0.921875 0.000000
vt 0.906250 0.437500
vt 0.906250 0.875000
vt 0.906250 0.375000
vt 0.906250 0.812500
vt 0.906250 0.312500
vt 0.906250 0.750000
vt 0.875000 0.937500
vt 0.875000 0.875000
vt 0.875000 0.437500
vt 0.875000 0.375000
vt 0.875000 0.812500
vt 0.875000 0.312500
vt 0.875000 0.750000
vt 0.875000 0.250000
vt 0.875000 0.687500
vt 0.875000 0.187500
vt 0.875000 0.625000
vt 0.875000 0.125000
vt 0.875000 0.562500
vt 0.875000 0.062500
vt 0.875000 0.500000
vt 0.890625 1.000000
vt 0.890625 0.000000
vt 0.843750 0.687500
vt 0.843750 0.625000
vt 0.843750 0.187500
vt 0.843750 0.125000
vt 0.843750 0.562500
vt 0.843750 0.062500
vt 0.843750 0.500000
vt 0.859375 1.000000
vt 0.843750 0.937500
vt 0.859375 0.000000
vt 0.843750 0.437500
vt 0.843750 0.875000
vt 0.843750 0.375000
vt 0.843750 0.812500
vt 0.843750 0.312500
vt 0.843750 0.750000
vt 0.843750 0.250000
vt 0.812500 0.437500
vt 0.812500 0.375000
vt 0.812500 0.875000
vt 0.812500 0.812500
vt 0.812500 0.312500
vt 0.812500 0.750000
vt 0.812500 0.250000
vt 0.812500 0.687500
vt 0.812500 0.187500
vt 0.812500 0.625000
vt 0.812500 0.125000
vt 0.812500 0.562500
vt 0.812500 0.062500
vt 0.812500 0.500000
vt 0.828125 1.000000
vt 0.812500 0.937500
vt 0.828125 0.000000
vt 0.781250 0.187500
vt 0.781250 0.125000
vt 0.781250 0.625000
vt 0.781250 0.562500
vt 0.781250 0.062500
vt 0.781250 0.500000
vt 0.796875 1.000000
vt 0.781250 0.937500
vt 0.796875 0.000000
vt 0.781250 0.437500
vt 0.781250 0.875000
vt 0.781250 0.375000
vt 0.781250 0.812500
vt 0.781250 0.312500
vt 0.781250 0.750000
vt 0.781250 0.250000
vt 0.781250 0.687500
vt 0.765625 1.000000
vt 0.765625 0.000000
vn 0.0000 0.8286 -0.5598
vn 0.0000 0.9217 -0.3879
vn 0.0757 0.9217 -0.3804
vn 0.1092 0.8286 -0.5490
vn 0.0000 -0.5528 -0.8333
vn 0.0000 -0.3805 -0.9247
vn 0.1804 -0.3805 -0.9070
vn 0.1626 -0.5528 -0.8173
vn 0.0000 0.7040 -0.7101
vn 0.1385 0.7040 -0.6965
vn 0.0000 -0.7040 -0.7101
vn 0.1385 -0.7040 -0.6965
vn 0.0000 0.5528 -0.8333
vn 0.1626 0.5528 -0.8173
vn 0.0000 -0.8286 -0.5598
vn 0.1092 -0.8286 -0.5490
vn 0.0000 0.3805 -0.9247
vn 0.1804 0.3805 -0.9070
vn 0.0000 -0.9217 -0.3879
vn 0.0757 -0.9217 -0.3804
vn 0.0000 0.1939 -0.9810
vn 0.1914 0.1939 -0.9622
vn 0.0000 -0.9796 -0.2010
vn 0.0392 -0.9796 -0.1971
vn 0.0000 0.0000 -1.0000
vn 0.1951 0.0000 -0.9808
vn 0.0000 0.9796 -0.2010
vn 0.0000 1.0000 0.0000
vn 0.0392 0.9796 -0.1971
vn 0.0000 -1.0000 0.0000
vn 0.0000 -0.1939 -0.9810
vn 0.1914 -0.1939 -0.9622
vn 0.3827 0.0000 -0.9239
vn 0.3754 -0.1939 -0.9063
vn 0.0769 0.9796 -0.1856
vn 0.1484 0.9217 -0.3583
vn 0.3539 -0.3805 -0.8544
vn 0.2142 0.8286 -0.5171
vn 0.3189 -0.5528 -0.7699
vn 0.2717 0.7040 -0.6561
vn 0.2717 -0.7040 -0.6561
vn 0.3189 0.5528 -0.7699
vn 0.2142 -0.8286 -0.5171
vn 0.3539 0.3805 -0.8544
vn 0.1484 -0.9217 -0.3583
vn 0.3754 0.1939 -0.9063
vn 0.0769 -0.9796 -0.1856
vn 0.3945 -0.7040 -0.5904
vn 0.3110 -0.8286 -0.4654
vn 0.4630 0.5528 -0.6929
vn 0.5137 0.3805 -0.7689
vn 0.2155 -0.9217 -0.3225
vn 0.5450 0.1939 -0.8157
vn 0.1116 -0.9796 -0.1671
vn 0.5556 0.0000 -0.8314
vn 0.1116 0.9796 -0.1671
vn 0.5450 -0.1939 -0.8157
vn 0.2155 0.9217 -0.3225
vn 0.5137 -0.3805 -0.7689
vn 0.3110 0.8286 -0.4654
vn 0.4630 -0.5528 -0.6929
vn 0.3945 0.7040 -0.5904
vn 0.6937 -0.1939 -0.6937
vn 0.6539 -0.3805 -0.6539
vn 0.2743 0.9217 -0.2743
vn 0.3958 0.8286 -0.3958
vn 0.5893 -0.5528 -0.5893
vn 0.5021 0.7040 -0.5021
vn 0.5021 -0.7040 -0.5021
vn 0.5893 0.5528 -0.5893
vn 0.3958 -0.8286 -0.3958
vn 0.6539 0.3805 -0.6539
vn 0.2743 -0.9217 -0.2743
vn 0.6937 0.1939 -0.6937
vn 0.1421 -0.9796 -0.1421
vn 0.7071 0.0000 -0.7071
vn 0.1421 0.9796 -0.1421
vn 0.4654 -0.8286 -0.3110
vn 0.3225 -0.9217 -0.2155
vn 0.7689 0.3805 -0.5137
vn 0.8157 0.1939 -0.5450
vn 0.1671 -0.9796 -0.1116
vn 0.8314 0.0000 -0.5556
vn 0.1671 0.9796 -0.1116
vn 0.8157 -0.1939 -0.5450
vn 0.3225 0.9217 -0.2155
vn 0.7689 -0.3805 -0.5137
vn 0.4654 0.8286 -0.3110
vn 0.6929 -0.5528 -0.4630
vn 0.5904 0.7040 -0.3945
vn 0.5904 -0.7040 -0.3945
vn 0.6929 0.5528 -0.4630
vn 0.3583 0.9217 -0.1484
vn 0.5171 0.8286 -0.2142
vn 0.8544 -0.3805 -0.3539
vn 0.7699 -0.5528 -0.3189
vn 0.6561 0.7040 -0.2717
vn 0.6561 -0.7040 -0.2717
vn 0.7699 0.5528 -0.3189
vn 0.5171 -0.8286 -0.2142
vn 0.8544 0.3805 -0.3539
vn 0.3583 -0.9217 -0.1484
vn 0.9063 0.1939 -0.3754
vn 0.1856 -0.9796 -0.0769
vn 0.9239 0.0000 -0.3827
vn 0.1856 0.9796 -0.0769
vn 0.9063 -0.1939 -0.3754
vn 0.9070 0.3805 -0.1804
vn 0.9622 0.1939 -0.1914
vn 0.3804 -0.9217 -0.0757
vn 0.1971 -0.9796 -0.0392
vn 0.9808 0.0000 -0.1951
vn 0.1971 0.9796 -0.0392
vn 0.9622 -0.1939 -0.1914
vn 0.3804 0.9217 -0.0757
vn 0.9070 -0.3805 -0.1804
vn 0.5490 0.8286 -0.1092
vn 0.8173 -0.5528 -0.1626
vn 0.6965 0.7040 -0.1385
vn 0.6965 -0.7040 -0.1385
vn 0.8173 0.5528 -0.1626
vn 0.5490 -0.8286 -0.1092
vn 0.9247 -0.3805 0.0000
vn 0.8333 -0.5528 0.0000
vn 0.5598 0.8286 0.0000
vn 0.7101 0.7040 0.0000
vn 0.7101 -0.7040 0.0000
vn 0.8333 0.5528 0.0000
vn 0.5598 -0.8286 0.0000
vn 0.9247 0.3805 0.0000
vn 0.3879 -0.9217 0.0000
vn 0.9810 0.1939 0.0000
vn 0.2010 -0.9796 0.0000
vn 1.0000 0.0000 0.0000
vn 0.2010 0.9796 0.0000
vn 0.9810 -0.1939 0.0000
vn 0.3879 0.9217 0.0000
vn 0.3804 -0.9217 0.0757
vn 0.1971 -0.9796 0.0392
vn 0.9622 0.1939 0.1914
vn 0.9808 0.0000 0.1951
vn 0.1971 0.9796 0.0392
vn 0.9622 -0.1939 0.1914
vn 0.3804 0.9217 0.0757
vn 0.9070 -0.3805 0.1804
vn 0.5490 0.8286 0.1092
vn 0.8173 -0.5528 0.1626
vn 0.6965 0.7040 0.1385
vn 0.6965 -0.7040 0.1385
vn 0.8173 0.5528 0.1626
vn 0.5490 -0.8286 0.1092
vn 0.9070 0.3805 0.1804
vn 0.5171 0.8286 0.2142
vn 0.6561 0.7040 0.2717
vn 0.7699 -0.5528 0.3189
vn 0.6561 -0.7040 0.2717
vn 0.7699 0.5528 0.3189
vn 0.5171 -0.8286 0.2142
vn 0.8544 0.3805 0.3539
vn 0.3583 -0.9217 0.1484
vn 0.9063 0.1939 0.3754
vn 0.1856 -0.9796 0.0769
vn 0.9239 0.0000 0.3827
vn 0.1856 0.9796 0.0769
vn 0.9063 -0.1939 0.3754
vn 0.3583 0.9217 0.1484
vn 0.8544 -0.3805 0.3539
vn 0.8157 0.1939 0.5450
vn 0.8314 0.0000 0.5556
vn 0.1671 0.9796 0.1116
vn 0.1671 -0.9796 0.1116
vn 0.8157 -0.1939 0.5450
vn 0.3225 0.9217 0.2155
vn 0.7689 -0.3805 0.5137
vn 0.4654 0.8286 0.3110
vn 0.6929 -0.5528 0.4630
vn 0.5904 0.7040 0.3945
vn 0.5904 -0.7040 0.3945
vn 0.6929 0.5528 0.4630
vn 0.4654 -0.8286 0.3110
vn 0.7689 0.3805 0.5137
vn 0.3225 -0.9217 0.2155
vn 0.5893 -0.5528 0.5893
vn 0.5021 -0.7040 0.5021
vn 0.5021 0.7040 0.5021
vn 0.5893 0.5528 0.5893
vn 0.3958 -0.8286 0.3958
vn 0.6539 0.3805 0.6539
vn 0.2743 -0.9217 0.2743
vn 0.6937 0.1939 0.6937
vn 0.1421 -0.9796 0.1421
vn 0.7071 0.0000 0.7071
vn 0.1421 0.9796 0.1421
vn 0.6937 -0.1939 0.6937
vn 0.2743 0.9217 0.2743
vn 0.6539 -0.3805 0.6539
vn 0.3958 0.8286 0.3958
vn 0.1116 -0.9796 0.1671
vn 0.5556 0.0000 0.8314
vn 0.5450 -0.1939 0.8157
vn 0.1116 0.9796 0.1671
vn 0.2155 0.9217 0.3225
vn 0.5137 -0.3805 0.7689
vn 0.3110 0.8286 0.4654
vn 0.4630 -0.5528 0.6929
vn 0.3945 0.7040 0.5904
vn 0.3945 -0.7040 0.5904
vn 0.4630 0.5528 0.6929
vn 0.3110 -0.8286 0.4654
vn 0.5137 0.3805 0.7689
vn 0.2155 -0.9217 0.3225
vn 0.5450 0.1939 0.8157
vn 0.2717 -0.7040 0.6561
vn 0.2142 -0.8286 0.5171
vn 0.3189 0.5528 0.7699
vn 0.3539 0.3805 0.8544
vn 0.1484 -0.9217 0.3583
vn 0.3754 0.1939 0.9063
vn 0.0769 -0.9796 0.1856
vn 0.3827 0.0000 0.9239
vn 0.0769 0.9796 0.1856
vn 0.3754 -0.1939 0.9063
vn 0.1484 0.9217 0.3583
vn 0.3539 -0.3805 0.8544
vn 0.2142 0.8286 0.5171
vn 0.3189 -0.5528 0.7699
vn 0.2717 0.7040 0.6561
vn 0.0392 0.9796 0.1971
vn 0.0757 0.9217 0.3804
vn 0.1914 -0.1939 0.9622
vn 0.1804 -0.3805 0.9070
vn 0.1092 0.8286 0.5490
vn 0.1626 -0.5528 0.8173
vn 0.1385 0.7040 0.6965
vn 0.1385 -0.7040 0.6965
vn 0.1626 0.5528 0.8173
vn 0.1092 -0.8286 0.5490
vn 0.1804 0.3805 0.9070
vn 0.0757 -0.9217 0.3804
vn 0.1914 0.1939 0.9622
vn 0.0392 -0.9796 0.1971
vn 0.1951 0.0000 0.9808
vn 0.0000 0.5528 0.8333
vn 0.0000 0.3805 0.9247
vn 0.0000 -0.8286 0.5598
vn 0.0000 -0.9217 0.3879
vn 0.0000 0.1939 0.9810
vn 0.0000 -0.9796 0.2010
vn 0.0000 0.0000 1.0000
vn 0.0000 0.9796 0.2010
vn 0.0000 -0.1939 0.9810
vn 0.0000 0.9217 0.3879
vn 0.0000 -0.3805 0.9247
vn 0.0000 0.8286 0.5598
vn 0.0000 -0.5528 0.8333
vn 0.0000 0.7040 0.7101
vn 0.0000 -0.7040 0.7101
vn -0.1914 -0.1939 0.9622
vn -0.1804 -0.3805 0.9070
vn -0.0757 0.9217 0.3804
vn -0.1092 0.8286 0.5490
vn -0.1626 -0.5528 0.8173
vn -0.1385 0.7040 0.6965
vn -0.1385 -0.7040 0.6965
vn -0.1626 0.5528 0.8173
vn -0.1092 -0.8286 0.5490
vn -0.1804 0.3805 0.9070
vn -0.0757 -0.9217 0.3804
vn -0.1914 0.1939 0.9622
vn -0.0392 -0.9796 0.1971
vn -0.1951 0.0000 0.9808
vn -0.0392 0.9796 0.1971
vn -0.2142 -0.8286 0.5171
vn -0.1484 -0.9217 0.3583
vn -0.3539 0.3805 0.8544
vn -0.3754 0.1939 0.9063
vn -0.0769 -0.9796 0.1856
vn -0.3827 0.0000 0.9239
vn -0.0769 0.9796 0.1856
vn -0.3754 -0.1939 0.9063
vn -0.1484 0.9217 0.3583
vn -0.3539 -0.3805 0.8544
vn -0.2142 0.8286 0.5171
vn -0.3189 -0.5528 0.7699
vn -0.2717 0.7040 0.6561
vn -0.2717 -0.7040 0.6561
vn -0.3189 0.5528 0.7699
vn -0.2155 0.9217 0.3225
vn -0.3110 0.8286 0.4654
vn -0.5137 -0.3805 0.7689
vn -0.4630 -0.5528 0.6929
vn -0.3945 0.7040 0.5904
vn -0.3945 -0.7040 0.5904
vn -0.4630 0.5528 0.6929
vn -0.3110 -0.8286 0.4654
vn -0.5137 0.3805 0.7689
vn -0.2155 -0.9217 0.3225
vn -0.5450 0.1939 0.8157
vn -0.1116 -0.9796 0.1671
vn -0.5556 0.0000 0.8314
vn -0.1116 0.9796 0.1671
vn -0.5450 -0.1939 0.8157
vn -0.6539 0.3805 0.6539
vn -0.6937 0.1939 0.6937
vn -0.2743 -0.9217 0.2743
vn -0.1421 -0.9796 0.1421
vn -0.7071 0.0000 0.7071
vn -0.1421 0.9796 0.1421
vn -0.6937 -0.1939 0.6937
vn -0.2743 0.9217 0.2743
vn -0.6539 -0.3805 0.6539
vn -0.3958 0.8286 0.3958
vn -0.5893 -0.5528 0.5893
vn -0.5021 0.7040 0.5021
vn -0.5021 -0.7040 0.5021
vn -0.5893 0.5528 0.5893
vn -0.3958 -0.8286 0.3958
vn -0.7689 -0.3805 0.5137
vn -0.6929 -0.5528 0.4630
vn -0.4654 0.8286 0.3110
vn -0.5904 0.7040 0.3945
vn -0.5904 -0.7040 0.3945
vn -0.6929 0.5528 0.4630
vn -0.4654 -0.8286 0.3110
vn -0.7689 0.3805 0.5137
vn -0.3225 -0.9217 0.2155
vn -0.8157 0.1939 0.5450
vn -0.1671 -0.9796 0.1116
vn -0.8314 0.0000 0.5556
vn -0.1671 0.9796 0.1116
vn -0.8157 -0.1939 0.5450
vn -0.3225 0.9217 0.2155
vn -0.3583 -0.9217 0.1484
vn -0.1856 -0.9796 0.0769
vn -0.9063 0.1939 0.3754
vn -0.9239 0.0000 0.3827
vn -0.1856 0.9796 0.0769
vn -0.9063 -0.1939 0.3754
vn -0.3583 0.9217 0.1484
vn -0.8544 -0.3805 0.3539
vn -0.5171 0.8286 0.2142
vn -0.7699 -0.5528 0.3189
vn -0.6561 0.7040 0.2717
vn -0.6561 -0.7040 0.2717
vn -0.7699 0.5528 0.3189
vn -0.5171 -0.8286 0.2142
vn -0.8544 0.3805 0.3539
vn -0.8173 -0.5528 0.1626
vn -0.6965 -0.7040 0.1385
vn -0.6965 0.7040 0.1385
vn -0.8173 0.5528 0.1626
vn -0.5490 -0.8286 0.1092
vn -0.9070 0.3805 0.1804
vn -0.3804 -0.9217 0.0757
vn -0.9622 0.1939 0.1914
vn -0.1971 -0.9796 0.0392
vn -0.9808 0.0000 0.1951
vn -0.1971 0.9796 0.0392
vn -0.9622 -0.1939 0.1914
vn -0.3804 0.9217 0.0757
vn -0.9070 -0.3805 0.1804
vn -0.5490 0.8286 0.1092
vn -0.2010 0.9796 0.0000
vn -0.2010 -0.9796 0.0000
vn -1.0000 0.0000 0.0000
vn -0.9810 -0.1939 0.0000
vn -0.3879 0.9217 0.0000
vn -0.9247 -0.3805 0.0000
vn -0.5598 0.8286 0.0000
vn -0.8333 -0.5528 0.0000
vn -0.7101 0.7040 0.0000
vn -0.7101 -0.7040 0.0000
vn -0.8333 0.5528 0.0000
vn -0.5598 -0.8286 0.0000
vn -0.9247 0.3805 0.0000
vn -0.3879 -0.9217 0.0000
vn -0.9810 0.1939 0.0000
vn -0.6965 0.7040 -0.1385
vn -0.8173 0.5528 -0.1626
vn -0.6965 -0.7040 -0.1385
vn -0.5490 -0.8286 -0.1092
vn -0.9070 0.3805 -0.1804
vn -0.3804 -0.9217 -0.0757
vn -0.9622 0.1939 -0.1914
vn -0.1971 -0.9796 -0.0392
vn -0.9808 0.0000 -0.1951
vn -0.1971 0.9796 -0.0392
vn -0.9622 -0.1939 -0.1914
vn -0.3804 0.9217 -0.0757
vn -0.9070 -0.3805 -0.1804
vn -0.5490 0.8286 -0.1092
vn -0.8173 -0.5528 -0.1626
vn -0.9239 0.0000 -0.3827
vn -0.9063 -0.1939 -0.3754
vn -0.1856 0.9796 -0.0769
vn -0.3583 0.9217 -0.1484
vn -0.8544 -0.3805 -0.3539
vn -0.5171 0.8286 -0.2142
vn -0.7699 -0.5528 -0.3189
vn -0.6561 0.7040 -0.2717
vn -0.6561 -0.7040 -0.2717
vn -0.7699 0.5528 -0.3189
vn -0.5171 -0.8286 -0.2142
vn -0.8544 0.3805 -0.3539
vn -0.3583 -0.9217 -0.1484
vn -0.9063 0.1939 -0.3754
vn -0.1856 -0.9796 -0.0769
vn -0.5904 -0.7040 -0.3945
vn -0.4654 -0.8286 -0.3110
vn -0.6929 0.5528 -0.4630
vn -0.7689 0.3805 -0.5137
vn -0.3225 -0.9217 -0.2155
vn -0.8157 0.1939 -0.5450
vn -0.1671 -0.9796 -0.1116
vn -0.8314 0.0000 -0.5556
vn -0.1671 0.9796 -0.1116
vn -0.8157 -0.1939 -0.5450
vn -0.3225 0.9217 -0.2155
vn -0.7689 -0.3805 -0.5137
vn -0.4654 0.8286 -0.3110
vn -0.6929 -0.5528 -0.4630
vn -0.5904 0.7040 -0.3945
vn -0.1421 0.9796 -0.1421
vn -0.2743 0.9217 -0.2743
vn -0.6937 -0.1939 -0.6937
vn -0.6539 -0.3805 -0.6539
vn -0.3958 0.8286 -0.3958
vn -0.5893 -0.5528 -0.5893
vn -0.5021 0.7040 -0.5021
vn -0.5021 -0.7040 -0.5021
vn -0.5893 0.5528 -0.5893
vn -0.3958 -0.8286 -0.3958
vn -0.6539 0.3805 -0.6539
vn -0.2743 -0.9217 -0.2743
vn -0.6937 0.1939 -0.6937
vn -0.1421 -0.9796 -0.1421
vn -0.7071 0.0000 -0.7071
vn -0.4630 0.5528 -0.6929
vn -0.5137 0.3805 -0.7689
vn -0.3110 -0.8286 -0.4654
vn -0.2155 -0.9217 -0.3225
vn -0.5450 0.1939 -0.8157
vn -0.1116 -0.9796 -0.1671
vn -0.5556 0.0000 -0.8314
vn -0.1116 0.9796 -0.1671
vn -0.5450 -0.1939 -0.8157
vn -0.2155 0.9217 -0.3225
vn -0.5137 -0.3805 -0.7689
vn -0.3110 0.8286 -0.4654
vn -0.4630 -0.5528 -0.6929
vn -0.3945 0.7040 -0.5904
vn -0.3945 -0.7040 -0.5904
vn -0.3754 -0.1939 -0.9063
vn -0.3539 -0.3805 -0.8544
vn -0.1484 0.9217 -0.3583
vn -0.2142 0.8286 -0.5171
vn -0.3189 -0.5528 -0.7699
vn -0.2717 0.7040 -0.6561
vn -0.2717 -0.7040 -0.6561
vn -0.3189 0.5528 -0.7699
vn -0.2142 -0.8286 -0.5171
vn -0.3539 0.3805 -0.8544
vn -0.1484 -0.9217 -0.3583
vn -0.3754 0.1939 -0.9063
vn -0.0769 -0.9796 -0.1856
vn -0.3827 0.0000 -0.9239
vn -0.0769 0.9796 -0.1856
vn -0.1092 -0.8286 -0.5490
vn -0.0757 -0.9217 -0.3804
vn -0.1804 0.3805 -0.9070
vn -0.1914 0.1939 -0.9622
vn -0.0392 -0.9796 -0.1971
vn -0.1951 0.0000 -0.9808
vn -0.0392 0.9796 -0.1971
vn -0.1914 -0.1939 -0.9622
vn -0.0757 0.9217 -0.3804
vn -0.1804 -0.3805 -0.9070
vn -0.1092 0.8286 -0.5490
vn -0.1626 -0.5528 -0.8173
vn -0.1385 0.7040 -0.6965
vn -0.1385 -0.7040 -0.6965
vn -0.1626 0.5528 -0.8173
usemtl Material.001
s 1
f 112/237/40 111/238/41 121/239/42 122/240/43
f 588/241/44 587/242/45 129/243/46 130/244/47
f 113/245/48 112/237/40 122/240/43 123/246/49
f 589/247/50 588/241/44 130/244/47 131/248/51
f 114/249/52 113/245/48 123/246/49 124/250/53
f 119/251/54 589/247/50 131/248/51 132/252/55
f 115/253/56 114/249/52 124/250/53 125/254/57
f 590/255/58 119/251/54 132/252/55 133/256/59
f 116/257/60 115/253/56 125/254/57 126/258/61
f 591/259/62 590/255/58 133/256/59 134/260/63
f 117/261/64 116/257/60 126/258/61 127/262/65
f 110/263/66 406/264/67 120/265/68
f 315/266/69 591/259/62 134/260/63
f 118/267/70 117/261/64 127/262/65 128/268/71
f 111/238/41 110/263/66 120/265/68 121/239/42
f 587/242/45 118/267/70 128/268/71 129/243/46
f 128/268/71 127/262/65 142/269/72 143/270/73
f 121/239/42 120/265/68 135/271/74 136/272/75
f 129/243/46 128/268/71 143/270/73 144/273/76
f 122/240/43 121/239/42 136/272/75 137/274/77
f 130/244/47 129/243/46 144/273/76 145/275/78
f 123/246/49 122/240/43 137/274/77 138/276/79
f 131/248/51 130/244/47 145/275/78 146/277/80
f 124/250/53 123/246/49 138/276/79 139/278/81
f 132/252/55 131/248/51 146/277/80 147/279/82
f 125/254/57 124/250/53 139/278/81 140/280/83
f 133/256/59 132/252/55 147/279/82 148/281/84
f 126/258/61 125/254/57 140/280/83 141/282/85
f 134/260/63 133/256/59 148/281/84 149/283/86
f 127/262/65 126/258/61 141/282/85 142/269/72
f 120/265/68 406/284/67 135/271/74
f 315/285/69 134/260/63 149/283/86
f 147/279/82 146/277/80 161/286/87 162/287/88
f 140/280/83 139/278/81 154/288/89 155/289/90
f 148/281/84 147/279/82 162/287/88 163/290/91
f 141/282/85 140/280/83 155/289/90 156/291/92
f 149/283/86 148/281/84 163/290/91 164/292/93
f 142/269/72 141/282/85 156/291/92 157/293/94
f 135/271/74 406/294/67 150/295/95
f 315/296/69 149/283/86 164/292/93
f 143/270/73 142/269/72 157/293/94 158/297/96
f 136/272/75 135/271/74 150/295/95 151/298/97
f 144/273/76 143/270/73 158/297/96 159/299/98
f 137/274/77 136/272/75 151/298/97 152/300/99
f 145/275/78 144/273/76 159/299/98 160/301/100
f 138/276/79 137/274/77 152/300/99 153/302/101
f 146/277/80 145/275/78 160/301/100 161/286/87
f 139/278/81 138/276/79 153/302/101 154/288/89
f 159/299/98 158/297/96 173/303/102 174/304/103
f 152/300/99 151/298/97 166/305/104 167/306/105
f 160/301/100 159/299/98 174/304/103 175/307/106
f 153/302/101 152/300/99 167/306/105 168/308/107
f 161/286/87 160/301/100 175/307/106 176/309/108
f 154/288/89 153/302/101 168/308/107 169/310/109
f 162/287/88 161/286/87 176/309/108 177/311/110
f 155/289/90 154/288/89 169/310/109 170/312/111
f 163/290/91 162/287/88 177/311/110 178/313/112
f 156/291/92 155/289/90 170/312/111 171/314/113
f 164/292/93 163/290/91 178/313/112 179/315/114
f 157/293/94 156/291/92 171/314/113 172/316/115
f 150/295/95 406/317/67 165/318/116
f 315/319/69 164/292/93 179/315/114
f 158/297/96 157/293/94 172/316/115 173/303/102
f 151/298/97 150/295/95 165/318/116 166/305/104
f 178/313/112 177/311/110 192/320/117 193/321/118
f 171/314/113 170/312/111 185/322/119 186/323/120
f 179/315/114 178/313/112 193/321/118 194/324/121
f 172/316/115 171/314/113 186/323/120 187/325/122
f 165/318/116 406/326/67 180/327/123
f 315/328/69 179/315/114 194/324/121
f 173/303/102 172/316/115 187/325/122 188/329/124
f 166/305/104 165/318/116 180/327/123 181/330/125
f 174/304/103 173/303/102 188/329/124 189/331/126
f 167/306/105 166/305/104 181/330/125 182/332/127
f 175/307/106 174/304/103 189/331/126 190/333/128
f 168/308/107 167/306/105 182/332/127 183/334/129
f 176/309/108 175/307/106 190/333/128 191/335/130
f 169/310/109 168/308/107 183/334/129 184/336/131
f 177/311/110 176/309/108 191/335/130 192/320/117
f 170/312/111 169/310/109 184/336/131 185/322/119
f 182/332/127 181/330/125 196/337/132 197/338/133
f 190/333/128 189/331/126 204/339/134 205/340/135
f 183/334/129 182/332/127 197/338/133 198/341/136
f 191/335/130 190/333/128 205/340/135 206/342/137
f 184/336/131 183/334/129 198/341/136 199/343/138
f 192/320/117 191/335/130 206/342/137 207/344/139
f 185/322/119 184/336/131 199/343/138 200/345/140
f 193/321/118 192/320/117 207/344/139 208/346/141
f 186/323/120 185/322/119 200/345/140 201/347/142
f 194/324/121 193/321/118 208/346/141 209/348/143
f 187/325/122 186/323/120 201/347/142 202/349/144
f 180/327/123 406/350/67 195/351/145
f 315/352/69 194/324/121 209/348/143
f 188/329/124 187/325/122 202/349/144 203/353/146
f 181/330/125 180/327/123 195/351/145 196/337/132
f 189/331/126 188/329/124 203/353/146 204/339/134
f 201/347/142 200/345/140 215/354/147 216/355/148
f 209/348/143 208/346/141 223/356/149 224/357/150
f 202/349/144 201/347/142 216/355/148 217/358/151
f 195/351/145 406/359/67 210/360/152
f 315/361/69 209/348/143 224/357/150
f 203/353/146 202/349/144 217/358/151 218/362/153
f 196/337/132 195/351/145 210/360/152 211/363/154
f 204/339/134 203/353/146 218/362/153 219/364/155
f 197/338/133 196/337/132 211/363/154 212/365/156
f 205/340/135 204/339/134 219/364/155 220/366/157
f 198/341/136 197/338/133 212/365/156 213/367/158
f 206/342/137 205/340/135 220/366/157 221/368/159
f 199/343/138 198/341/136 213/367/158 214/369/160
f 207/344/139 206/342/137 221/368/159 222/370/161
f 200/345/140 199/343/138 214/369/160 215/354/147
f 208/346/141 207/344/139 222/370/161 223/356/149
f 220/366/157 219/364/155 234/371/162 235/372/163
f 213/367/158 212/365/156 227/373/164 228/374/165
f 221/368/159 220/366/157 235/372/163 236/375/166
f 214/369/160 213/367/158 228/374/165 229/376/167
f 222/370/161 221/368/159 236/375/166 237/377/168
f 215/354/147 214/369/160 229/376/167 230/378/169
f 223/356/149 222/370/161 237/377/168 238/379/170
f 216/355/148 215/354/147 230/378/169 231/380/171
f 224/357/150 223/356/149 238/379/170 239/381/172
f 217/358/151 216/355/148 231/380/171 232/382/173
f 210/360/152 406/383/67 225/384/174
f 315/385/69 224/357/150 239/381/172
f 218/362/153 217/358/151 232/382/173 233/386/175
f 211/363/154 210/360/152 225/384/174 226/387/176
f 219/364/155 218/362/153 233/386/175 234/371/162
f 212/365/156 211/363/154 226/387/176 227/373/164
f 239/381/172 238/379/170 253/388/177 254/389/178
f 232/382/173 231/380/171 246/390/179 247/391/180
f 225/384/174 406/392/67 240/393/181
f 315/394/69 239/381/172 254/389/178
f 233/386/175 232/382/173 247/391/180 248/395/182
f 226/387/176 225/384/174 240/393/181 241/396/183
f 234/371/162 233/386/175 248/395/182 249/397/184
f 227/373/164 226/387/176 241/396/183 242/398/185
f 235/372/163 234/371/162 249/397/184 250/399/186
f 228/374/165 227/373/164 242/398/185 243/400/187
f 236/375/166 235/372/163 250/399/186 251/401/188
f 229/376/167 228/374/165 243/400/187 244/402/189
f 237/377/168 236/375/166 251/401/188 252/403/190
f 230/378/169 229/376/167 244/402/189 245/404/191
f 238/379/170 237/377/168 252/403/190 253/388/177
f 231/380/171 230/378/169 245/404/191 246/390/179
f 243/400/187 242/398/185 257/405/192 258/406/193
f 251/401/188 250/399/186 265/407/194 266/408/195
f 244/402/189 243/400/187 258/406/193 259/409/196
f 252/403/190 251/401/188 266/408/195 267/410/197
f 245/404/191 244/402/189 259/409/196 260/411/198
f 253/388/177 252/403/190 267/410/197 268/412/199
f 246/390/179 245/404/191 260/411/198 261/413/200
f 254/389/178 253/388/177 268/412/199 269/414/201
f 247/391/180 246/390/179 261/413/200 262/415/202
f 240/393/181 406/416/67 255/417/203
f 315/418/69 254/389/178 269/414/201
f 248/395/182 247/391/180 262/415/202 263/419/204
f 241/396/183 240/393/181 255/417/203 256/420/205
f 249/397/184 248/395/182 263/419/204 264/421/206
f 242/398/185 241/396/183 256/420/205 257/405/192
f 250/399/186 249/397/184 264/421/206 265/407/194
f 262/415/202 261/413/200 276/422/207 277/423/208
f 255/417/203 406/424/67 270/425/209
f 315/426/69 269/414/201 284/427/210
f 263/419/204 262/415/202 277/423/208 278/428/211
f 256/420/205 255/417/203 270/425/209 271/429/212
f 264/421/206 263/419/204 278/428/211 279/430/213
f 257/405/192 256/420/205 271/429/212 272/431/214
f 265/407/194 264/421/206 279/430/213 280/432/215
f 258/406/193 257/405/192 272/431/214 273/433/216
f 266/408/195 265/407/194 280/432/215 281/434/217
f 259/409/196 258/406/193 273/433/216 274/435/218
f 267/410/197 266/408/195 281/434/217 282/436/219
f 260/411/198 259/409/196 274/435/218 275/437/220
f 268/412/199 267/410/197 282/436/219 283/438/221
f 261/413/200 260/411/198 275/437/220 276/422/207
f 269/414/201 268/412/199 283/438/221 284/427/210
f 281/434/217 280/432/215 295/439/222 296/440/223
f 274/435/218 273/433/216 288/441/224 289/442/225
f 282/436/219 281/434/217 296/440/223 297/443/226
f 275/437/220 274/435/218 289/442/225 290/444/227
f 283/438/221 282/436/219 297/443/226 298/445/228
f 276/422/207 275/437/220 290/444/227 291/446/229
f 284/427/210 283/438/221 298/445/228 299/447/230
f 277/423/208 276/422/207 291/446/229 292/448/231
f 270/425/209 406/449/67 285/450/232
f 315/451/69 284/427/210 299/447/230
f 278/428/211 277/423/208 292/448/231 293/452/233
f 271/429/212 270/425/209 285/450/232 286/453/234
f 279/430/213 278/428/211 293/452/233 294/454/235
f 272/431/214 271/429/212 286/453/234 287/455/236
f 280/432/215 279/430/213 294/454/235 295/439/222
f 273/433/216 272/431/214 287/455/236 288/441/224
f 315/456/69 299/447/230 314/457/237
f 293/452/233 292/448/231 307/458/238 308/459/239
f 286/453/234 285/450/232 300/460/240 301/461/241
f 294/454/235 293/452/233 308/459/239 309/462/242
f 287/455/236 286/453/234 301/461/241 302/463/243
f 295/439/222 294/454/235 309/462/242 310/464/244
f 288/441/224 287/455/236 302/463/243 303/465/245
f 296/440/223 295/439/222 310/464/244 311/466/246
f 289/442/225 288/441/224 303/465/245 304/467/247
f 297/443/226 296/440/223 311/466/246 312/468/248
f 290/444/227 289/442/225 304/467/247 305/469/249
f 298/445/228 297/443/226 312/468/248 313/470/250
f 291/446/229 290/444/227 305/469/249 306/471/251
f 299/447/230 298/445/228 313/470/250 314/457/237
f 292/448/231 291/446/229 306/471/251 307/458/238
f 285/450/232 406/472/67 300/460/240
f 312/468/248 311/466/246 327/473/252 328/474/253
f 305/469/249 304/467/247 320/475/254 321/476/255
f 313/470/250 312/468/248 328/474/253 329/477/256
f 306/471/251 305/469/249 321/476/255 322/478/257
f 314/457/237 313/470/250 329/477/256 330/479/258
f 307/458/238 306/471/251 322/478/257 323/480/259
f 300/460/240 406/481/67 316/482/260
f 315/483/69 314/457/237 330/479/258
f 308/459/239 307/458/238 323/480/259 324/484/261
f 301/461/241 300/460/240 316/482/260 317/485/262
f 309/462/242 308/459/239 324/484/261 325/486/263
f 302/463/243 301/461/241 317/485/262 318/487/264
f 310/464/244 309/462/242 325/486/263 326/488/265
f 303/465/245 302/463/243 318/487/264 319/489/266
f 311/466/246 310/464/244 326/488/265 327/473/252
f 304/467/247 303/465/245 319/489/266 320/475/254
f 317/485/262 316/482/260 331/490/267 332/491/268
f 325/486/263 324/484/261 339/492/269 340/493/270
f 318/487/264 317/485/262 332/491/268 333/494/271
f 326/488/265 325/486/263 340/493/270 341/495/272
f 319/489/266 318/487/264 333/494/271 334/496/273
f 327/473/252 326/488/265 341/495/272 342/497/274
f 320/475/254 319/489/266 334/496/273 335/498/275
f 328/474/253 327/473/252 342/497/274 343/499/276
f 321/476/255 320/475/254 335/498/275 336/500/277
f 329/477/256 328/474/253 343/499/276 344/501/278
f 322/478/257 321/476/255 336/500/277 337/502/279
f 330/479/258 329/477/256 344/501/278 345/503/280
f 323/480/259 322/478/257 337/502/279 338/504/281
f 316/482/260 406/505/67 331/490/267
f 315/506/69 330/479/258 345/503/280
f 324/484/261 323/480/259 338/504/281 339/492/269
f 336/500/277 335/498/275 350/507/282 351/508/283
f 344/501/278 343/499/276 358/509/284 359/510/285
f 337/502/279 336/500/277 351/508/283 352/511/286
f 345/503/280 344/501/278 359/510/285 360/512/287
f 338/504/281 337/502/279 352/511/286 353/513/288
f 331/490/267 406/514/67 346/515/289
f 315/516/69 345/503/280 360/512/287
f 339/492/269 338/504/281 353/513/288 354/517/290
f 332/491/268 331/490/267 346/515/289 347/518/291
f 340/493/270 339/492/269 354/517/290 355/519/292
f 333/494/271 332/491/268 347/518/291 348/520/293
f 341/495/272 340/493/270 355/519/292 356/521/294
f 334/496/273 333/494/271 348/520/293 349/522/295
f 342/497/274 341/495/272 356/521/294 357/523/296
f 335/498/275 334/496/273 349/522/295 350/507/282
f 343/499/276 342/497/274 357/523/296 358/509/284
f 355/519/292 354/517/290 369/524/297 370/525/298
f 348/520/293 347/518/291 362/526/299 363/527/300
f 356/521/294 355/519/292 370/525/298 371/528/301
f 349/522/295 348/520/293 363/527/300 364/529/302
f 357/523/296 356/521/294 371/528/301 372/530/303
f 350/507/282 349/522/295 364/529/302 365/531/304
f 358/509/284 357/523/296 372/530/303 373/532/305
f 351/508/283 350/507/282 365/531/304 366/533/306
f 359/510/285 358/509/284 373/532/305 374/534/307
f 352/511/286 351/508/283 366/533/306 367/535/308
f 360/512/287 359/510/285 374/534/307 375/536/309
f 353/513/288 352/511/286 367/535/308 368/537/310
f 346/515/289 406/538/67 361/539/311
f 315/540/69 360/512/287 375/536/309
f 354/517/290 353/513/288 368/537/310 369/524/297
f 347/518/291 346/515/289 361/539/311 362/526/299
f 374/534/307 373/532/305 388/541/312 389/542/313
f 367/535/308 366/533/306 381/543/314 382/544/315
f 375/536/309 374/534/307 389/542/313 390/545/316
f 368/537/310 367/535/308 382/544/315 383/546/317
f 361/539/311 406/547/67 376/548/318
f 315/549/69 375/536/309 390/545/316
f 369/524/297 368/537/310 383/546/317 384/550/319
f 362/526/299 361/539/311 376/548/318 377/551/320
f 370/525/298 369/524/297 384/550/319 385/552/321
f 363/527/300 362/526/299 377/551/320 378/553/322
f 371/528/301 370/525/298 385/552/321 386/554/323
f 364/529/302 363/527/300 378/553/322 379/555/324
f 372/530/303 371/528/301 386/554/323 387/556/325
f 365/531/304 364/529/302 379/555/324 380/557/326
f 373/532/305 372/530/303 387/556/325 388/541/312
f 366/533/306 365/531/304 380/557/326 381/543/314
f 378/553/322 377/551/320 392/558/327 393/559/328
f 386/554/323 385/552/321 400/560/329 401/561/330
f 379/555/324 378/553/322 393/559/328 394/562/331
f 387/556/325 386/554/323 401/561/330 402/563/332
f 380/557/326 379/555/324 394/562/331 395/564/333
f 388/541/312 387/556/325 402/563/332 403/565/334
f 381/543/314 380/557/326 395/564/333 396/566/335
f 389/542/313 388/541/312 403/565/334 404/567/336
f 382/544/315 381/543/314 396/566/335 397/568/337
f 390/545/316 389/542/313 404/567/336 405/569/338
f 383/546/317 382/544/315 397/568/337 398/570/339
f 376/548/318 406/571/67 391/572/340
f 315/573/69 390/545/316 405/569/338
f 384/550/319 383/546/317 398/570/339 399/574/341
f 377/551/320 376/548/318 391/572/340 392/558/327
f 385/552/321 384/550/319 399/574/341 400/560/329
f 397/568/337 396/566/335 412/575/342 413/576/343
f 405/569/338 404/567/336 420/577/344 421/578/345
f 398/570/339 397/568/337 413/576/343 414/579/346
f 391/572/340 406/580/67 407/581/347
f 315/582/69 405/569/338 421/578/345
f 399/574/341 398/570/339 414/579/346 415/583/348
f 392/558/327 391/572/340 407/581/347 408/584/349
f 400/560/329 399/574/341 415/583/348 416/585/350
f 393/559/328 392/558/327 408/584/349 409/586/351
f 401/561/330 400/560/329 416/585/350 417/587/352
f 394/562/331 393/559/328 409/586/351 410/588/353
f 402/563/332 401/561/330 417/587/352 418/589/354
f 395/564/333 394/562/331 410/588/353 411/590/355
f 403/565/334 402/563/332 418/589/354 419/591/356
f 396/566/335 395/564/333 411/590/355 412/575/342
f 404/567/336 403/565/334 419/591/356 420/577/344
f 417/587/352 416/585/350 431/592/357 432/593/358
f 410/588/353 409/586/351 424/594/359 425/595/360
f 418/589/354 417/587/352 432/593/358 433/596/361
f 411/590/355 410/588/353 425/595/360 426/597/362
f 419/591/356 418/589/354 433/596/361 434/598/363
f 412/575/342 411/590/355 426/597/362 427/599/364
f 420/577/344 419/591/356 434/598/363 435/600/365
f 413/576/343 412/575/342 427/599/364 428/601/366
f 421/578/345 420/577/344 435/600/365 436/602/367
f 414/579/346 413/576/343 428/601/366 429/603/368
f 407/581/347 406/604/67 422/605/369
f 315/606/69 421/578/345 436/602/367
f 415/583/348 414/579/346 429/603/368 430/607/370
f 408/584/349 407/581/347 422/605/369 423/608/371
f 416/585/350 415/583/348 430/607/370 431/592/357
f 409/586/351 408/584/349 423/608/371 424/594/359
f 436/602/367 435/600/365 450/609/372 451/610/373
f 429/603/368 428/601/366 443/611/374 444/612/375
f 422/605/369 406/613/67 437/614/376
f 315/615/69 436/602/367 451/610/373
f 430/607/370 429/603/368 444/612/375 445/616/377
f 423/608/371 422/605/369 437/614/376 438/617/378
f 431/592/357 430/607/370 445/616/377 446/618/379
f 424/594/359 423/608/371 438/617/378 439/619/380
f 432/593/358 431/592/357 446/618/379 447/620/381
f 425/595/360 424/594/359 439/619/380 440/621/382
f 433/596/361 432/593/358 447/620/381 448/622/383
f 426/597/362 425/595/360 440/621/382 441/623/384
f 434/598/363 433/596/361 448/622/383 449/624/385
f 427/599/364 426/597/362 441/623/384 442/625/386
f 435/600/365 434/598/363 449/624/385 450/609/372
f 428/601/366 427/599/364 442/625/386 443/611/374
f 448/622/383 447/620/381 462/626/387 463/627/388
f 441/623/384 440/621/382 455/628/389 456/629/390
f 449/624/385 448/622/383 463/627/388 464/630/391
f 442/625/386 441/623/384 456/629/390 457/631/392
f 450/609/372 449/624/385 464/630/391 465/632/393
f 443/611/374 442/625/386 457/631/392 458/633/394
f 451/610/373 450/609/372 465/632/393 466/634/395
f 444/612/375 443/611/374 458/633/394 459/635/396
f 437/614/376 406/636/67 452/637/397
f 315/638/69 451/610/373 466/634/395
f 445/616/377 444/612/375 459/635/396 460/639/398
f 438/617/378 437/614/376 452/637/397 453/640/399
f 446/618/379 445/616/377 460/639/398 461/641/400
f 439/619/380 438/617/378 453/640/399 454/642/401
f 447/620/381 446/618/379 461/641/400 462/626/387
f 440/621/382 439/619/380 454/642/401 455/628/389
f 452/637/397 406/643/67 467/644/402
f 315/645/69 466/634/395 481/646/403
f 460/639/398 459/635/396 474/647/404 475/648/405
f 453/640/399 452/637/397 467/644/402 468/649/406
f 461/641/400 460/639/398 475/648/405 476/650/407
f 454/642/401 453/640/399 468/649/406 469/651/408
f 462/626/387 461/641/400 476/650/407 477/652/409
f 455/628/389 454/642/401 469/651/408 470/653/410
f 463/627/388 462/626/387 477/652/409 478/654/411
f 456/629/390 455/628/389 470/653/410 471/655/412
f 464/630/391 463/627/388 478/654/411 479/656/413
f 457/631/392 456/629/390 471/655/412 472/657/414
f 465/632/393 464/630/391 479/656/413 480/658/415
f 458/633/394 457/631/392 472/657/414 473/659/416
f 466/634/395 465/632/393 480/658/415 481/646/403
f 459/635/396 458/633/394 473/659/416 474/647/404
f 471/660/412 470/661/410 485/662/417 486/663/418
f 479/664/413 478/665/411 493/666/419 494/667/420
f 472/668/414 471/660/412 486/663/418 487/669/421
f 480/670/415 479/664/413 494/667/420 495/671/422
f 473/672/416 472/668/414 487/669/421 488/673/423
f 481/674/403 480/670/415 495/671/422 496/675/424
f 474/676/404 473/672/416 488/673/423 489/677/425
f 467/678/402 406/679/67 482/680/426
f 315/681/69 481/674/403 496/675/424
f 475/682/405 474/676/404 489/677/425 490/683/427
f 468/684/406 467/678/402 482/680/426 483/685/428
f 476/686/407 475/682/405 490/683/427 491/687/429
f 469/688/408 468/684/406 483/685/428 484/689/430
f 477/690/409 476/686/407 491/687/429 492/691/431
f 470/661/410 469/688/408 484/689/430 485/662/417
f 478/665/411 477/690/409 492/691/431 493/666/419
f 490/683/427 489/677/425 504/692/432 505/693/433
f 483/685/428 482/680/426 497/694/434 498/695/435
f 491/687/429 490/683/427 505/693/433 506/696/436
f 484/689/430 483/685/428 498/695/435 499/697/437
f 492/691/431 491/687/429 506/696/436 507/698/438
f 485/662/417 484/689/430 499/697/437 500/699/439
f 493/666/419 492/691/431 507/698/438 508/700/440
f 486/663/418 485/662/417 500/699/439 501/701/441
f 494/667/420 493/666/419 508/700/440 509/702/442
f 487/669/421 486/663/418 501/701/441 502/703/443
f 495/671/422 494/667/420 509/702/442 510/704/444
f 488/673/423 487/669/421 502/703/443 503/705/445
f 496/675/424 495/671/422 510/704/444 511/706/446
f 489/677/425 488/673/423 503/705/445 504/692/432
f 482/680/426 406/707/67 497/694/434
f 315/708/69 496/675/424 511/706/446
f 509/702/442 508/700/440 523/709/447 524/710/448
f 502/703/443 501/701/441 516/711/449 517/712/450
f 510/704/444 509/702/442 524/710/448 525/713/451
f 503/705/445 502/703/443 517/712/450 518/714/452
f 511/706/446 510/704/444 525/713/451 526/715/453
f 504/692/432 503/705/445 518/714/452 519/716/454
f 497/694/434 406/717/67 512/718/455
f 315/719/69 511/706/446 526/715/453
f 505/693/433 504/692/432 519/716/454 520/720/456
f 498/695/435 497/694/434 512/718/455 513/721/457
f 506/696/436 505/693/433 520/720/456 521/722/458
f 499/697/437 498/695/435 513/721/457 514/723/459
f 507/698/438 506/696/436 521/722/458 522/724/460
f 500/699/439 499/697/437 514/723/459 515/725/461
f 508/700/440 507/698/438 522/724/460 523/709/447
f 501/701/441 500/699/439 515/725/461 516/711/449
f 513/721/457 512/718/455 527/726/462 528/727/463
f 521/722/458 520/720/456 535/728/464 536/729/465
f 514/723/459 513/721/457 528/727/463 529/730/466
f 522/724/460 521/722/458 536/729/465 537/731/467
f 515/725/461 514/723/459 529/730/466 530/732/468
f 523/709/447 522/724/460 537/731/467 538/733/469
f 516/711/449 515/725/461 530/732/468 531/734/470
f 524/710/448 523/709/447 538/733/469 539/735/471
f 517/712/450 516/711/449 531/734/470 532/736/472
f 525/713/451 524/710/448 539/735/471 540/737/473
f 518/714/452 517/712/450 532/736/472 533/738/474
f 526/715/453 525/713/451 540/737/473 541/739/475
f 519/716/454 518/714/452 533/738/474 534/740/476
f 512/718/455 406/741/67 527/726/462
f 315/742/69 526/715/453 541/739/475
f 520/720/456 519/716/454 534/740/476 535/728/464
f 532/736/472 531/734/470 546/743/477 547/744/478
f 540/737/473 539/735/471 554/745/479 555/746/480
f 533/738/474 532/736/472 547/744/478 548/747/481
f 541/739/475 540/737/473 555/746/480 556/748/482
f 534/740/476 533/738/474 548/747/481 549/749/483
f 527/726/462 406/750/67 542/751/484
f 315/752/69 541/739/475 556/748/482
f 535/728/464 534/740/476 549/749/483 550/753/485
f 528/727/463 527/726/462 542/751/484 543/754/486
f 536/729/465 535/728/464 550/753/485 551/755/487
f 529/730/466 528/727/463 543/754/486 544/756/488
f 537/731/467 536/729/465 551/755/487 552/757/489
f 530/732/468 529/730/466 544/756/488 545/758/490
f 538/733/469 537/731/467 552/757/489 553/759/491
f 531/734/470 530/732/468 545/758/490 546/743/477
f 539/735/471 538/733/469 553/759/491 554/745/479
f 551/755/487 550/753/485 565/760/492 566/761/493
f 544/756/488 543/754/486 558/762/494 559/763/495
f 552/757/489 551/755/487 566/761/493 567/764/496
f 545/758/490 544/756/488 559/763/495 560/765/497
f 553/759/491 552/757/489 567/764/496 568/766/498
f 546/743/477 545/758/490 560/765/497 561/767/499
f 554/745/479 553/759/491 568/766/498 569/768/500
f 547/744/478 546/743/477 561/767/499 562/769/501
f 555/746/480 554/745/479 569/768/500 570/770/502
f 548/747/481 547/744/478 562/769/501 563/771/503
f 556/748/482 555/746/480 570/770/502 571/772/504
f 549/749/483 548/747/481 563/771/503 564/773/505
f 542/751/484 406/774/67 557/775/506
f 315/776/69 556/748/482 571/772/504
f 550/753/485 549/749/483 564/773/505 565/760/492
f 543/754/486 542/751/484 557/775/506 558/762/494
f 570/770/502 569/768/500 584/777/507 585/778/508
f 563/771/503 562/769/501 577/779/509 578/780/510
f 571/772/504 570/770/502 585/778/508 586/781/511
f 564/773/505 563/771/503 578/780/510 579/782/512
f 557/775/506 406/783/67 572/784/513
f 315/785/69 571/772/504 586/781/511
f 565/760/492 564/773/505 579/782/512 580/786/514
f 558/762/494 557/775/506 572/784/513 573/787/515
f 566/761/493 565/760/492 580/786/514 581/788/516
f 559/763/495 558/762/494 573/787/515 574/789/517
f 567/764/496 566/761/493 581/788/516 582/790/518
f 560/765/497 559/763/495 574/789/517 575/791/519
f 568/766/498 567/764/496 582/790/518 583/792/520
f 561/767/499 560/765/497 575/791/519 576/793/521
f 569/768/500 568/766/498 583/792/520 584/777/507
f 562/769/501 561/767/499 576/793/521 577/779/509
f 582/790/518 581/788/516 587/242/45 588/241/44
f 575/791/519 574/789/517 112/237/40 113/245/48
f 583/792/520 582/790/518 588/241/44 589/247/50
f 576/793/521 575/791/519 113/245/48 114/249/52
f 584/777/507 583/792/520 589/247/50 119/251/54
f 577/779/509 576/793/521 114/249/52 115/253/56
f 585/778/508 584/777/507 119/251/54 590/255/58
f 578/780/510 577/779/509 115/253/56 116/257/60
f 586/781/511 585/778/508 590/255/58 591/259/62
f 579/782/512 578/780/510 116/257/60 117/261/64
f 572/784/513 406/794/67 110/263/66
f 315/795/69 586/781/511 591/259/62
f 580/786/514 579/782/512 117/261/64 118/267/70
f 573/787/515 572/784/513 110/263/66 111/238/41
f 581/788/516 580/786/514 118/267/70 587/242/45
f 574/789/517 573/787/515 111/238/41 112/237/40
f 594/796/40 593/797/41 603/798/42 604/799/43
f 1070/800/44 1069/801/45 611/802/46 612/803/47
f 595/804/48 594/796/40 604/799/43 605/805/49
f 1071/806/50 1070/800/44 612/803/47 613/807/51
f 596/808/52 595/804/48 605/805/49 606/809/53
f 601/810/54 1071/806/50 613/807/51 614/811/55
f 597/812/56 596/808/52 606/809/53 607/813/57
f 1072/814/58 601/810/54 614/811/55 615/815/59
f 598/816/60 597/812/56 607/813/57 608/817/61
f 1073/818/62 1072/814/58 615/815/59 616/819/63
f 599/820/64 598/816/60 608/817/61 609/821/65
f 592/822/66 888/823/67 602/824/68
f 797/825/69 1073/818/62 616/819/63
f 600/826/70 599/820/64 609/821/65 610/827/71
f 593/797/41 592/822/66 602/824/68 603/798/42
f 1069/801/45 600/826/70 610/827/71 611/802/46
f 610/827/71 609/821/65 624/828/72 625/829/73
f 603/798/42 602/824/68 617/830/74 618/831/75
f 611/802/46 610/827/71 625/829/73 626/832/76
f 604/799/43 603/798/42 618/831/75 619/833/77
f 612/803/47 611/802/46 626/832/76 627/834/78
f 605/805/49 604/799/43 619/833/77 620/835/79
f 613/807/51 612/803/47 627/834/78 628/836/80
f 606/809/53 605/805/49 620/835/79 621/837/81
f 614/811/55 613/807/51 628/836/80 629/838/82
f 607/813/57 606/809/53 621/837/81 622/839/83
f 615/815/59 614/811/55 629/838/82 630/840/84
f 608/817/61 607/813/57 622/839/83 623/841/85
f 616/819/63 615/815/59 630/840/84 631/842/86
f 609/821/65 608/817/61 623/841/85 624/828/72
f 602/824/68 888/843/67 617/830/74
f 797/844/69 616/819/63 631/842/86
f 629/838/82 628/836/80 643/845/87 644/846/88
f 622/839/83 621/837/81 636/847/89 637/848/90
f 630/840/84 629/838/82 644/846/88 645/849/91
f 623/841/85 622/839/83 637/848/90 638/850/92
f 631/842/86 630/840/84 645/849/91 646/851/93
f 624/828/72 623/841/85 638/850/92 639/852/94
f 617/830/74 888/853/67 632/854/95
f 797/855/69 631/842/86 646/851/93
f 625/829/73 624/828/72 639/852/94 640/856/96
f 618/831/75 617/830/74 632/854/95 633/857/97
f 626/832/76 625/829/73 640/856/96 641/858/98
f 619/833/77 618/831/75 633/857/97 634/859/99
f 627/834/78 626/832/76 641/858/98 642/860/100
f 620/835/79 619/833/77 634/859/99 635/861/101
f 628/836/80 627/834/78 642/860/100 643/845/87
f 621/837/81 620/835/79 635/861/101 636/847/89
f 641/858/98 640/856/96 655/862/102 656/863/103
f 634/859/99 633/857/97 648/864/104 649/865/105
f 642/860/100 641/858/98 656/863/103 657/866/106
f 635/861/101 634/859/99 649/865/105 650/867/107
f 643/845/87 642/860/100 657/866/106 658/868/108
f 636/847/89 635/861/101 650/867/107 651/869/109
f 644/846/88 643/845/87 658/868/108 659/870/110
f 637/848/90 636/847/89 651/869/109 652/871/111
f 645/849/91 644/846/88 659/870/110 660/872/112
f 638/850/92 637/848/90 652/871/111 653/873/113
f 646/851/93 645/849/91 660/872/112 661/874/114
f 639/852/94 638/850/92 653/873/113 654/875/115
f 632/854/95 888/876/67 647/877/116
f 797/878/69 646/851/93 661/874/114
f 640/856/96 639/852/94 654/875/115 655/862/102
f 633/857/97 632/854/95 647/877/116 648/864/104
f 660/872/112 659/870/110 674/879/117 675/880/118
f 653/873/113 652/871/111 667/881/119 668/882/120
f 661/874/114 660/872/112 675/880/118 676/883/121
f 654/875/115 653/873/113 668/882/120 669/884/122
f 647/877/116 888/885/67 662/886/123
f 797/887/69 661/874/114 676/883/121
f 655/862/102 654/875/115 669/884/122 670/888/124
f 648/864/104 647/877/116 662/886/123 663/889/125
f 656/863/103 655/862/102 670/888/124 671/890/126
f 649/865/105 648/864/104 663/889/125 664/891/127
f 657/866/106 656/863/103 671/890/126 672/892/128
f 650/867/107 649/865/105 664/891/127 665/893/129
f 658/868/108 657/866/106 672/892/128 673/894/130
f 651/869/109 650/867/107 665/893/129 666/895/131
f 659/870/110 658/868/108 673/894/130 674/879/117
f 652/871/111 651/869/109 666/895/131 667/881/119
f 664/891/127 663/889/125 678/896/132 679/897/133
f 672/892/128 671/890/126 686/898/134 687/899/135
f 665/893/129 664/891/127 679/897/133 680/900/136
f 673/894/130 672/892/128 687/899/135 688/901/137
f 666/895/131 665/893/129 680/900/136 681/902/138
f 674/879/117 673/894/130 688/901/137 689/903/139
f 667/881/119 666/895/131 681/902/138 682/904/140
f 675/880/118 674/879/117 689/903/139 690/905/141
f 668/882/120 667/881/119 682/904/140 683/906/142
f 676/883/121 675/880/118 690/905/141 691/907/143
f 669/884/122 668/882/120 683/906/142 684/908/144
f 662/886/123 888/909/67 677/910/145
f 797/911/69 676/883/121 691/907/143
f 670/888/124 669/884/122 684/908/144 685/912/146
f 663/889/125 662/886/123 677/910/145 678/896/132
f 671/890/126 670/888/124 685/912/146 686/898/134
f 683/906/142 682/904/140 697/913/147 698/914/148
f 691/907/143 690/905/141 705/915/149 706/916/150
f 684/908/144 683/906/142 698/914/148 699/917/151
f 677/910/145 888/918/67 692/919/152
f 797/920/69 691/907/143 706/916/150
f 685/912/146 684/908/144 699/917/151 700/921/153
f 678/896/132 677/910/145 692/919/152 693/922/154
f 686/898/134 685/912/146 700/921/153 701/923/155
f 679/897/133 678/896/132 693/922/154 694/924/156
f 687/899/135 686/898/134 701/923/155 702/925/157
f 680/900/136 679/897/133 694/924/156 695/926/158
f 688/901/137 687/899/135 702/925/157 703/927/159
f 681/902/138 680/900/136 695/926/158 696/928/160
f 689/903/139 688/901/137 703/927/159 704/929/161
f 682/904/140 681/902/138 696/928/160 697/913/147
f 690/905/141 689/903/139 704/929/161 705/915/149
f 702/925/157 701/923/155 716/930/162 717/931/163
f 695/926/158 694/924/156 709/932/164 710/933/165
f 703/927/159 702/925/157 717/931/163 718/934/166
f 696/928/160 695/926/158 710/933/165 711/935/167
f 704/929/161 703/927/159 718/934/166 719/936/168
f 697/913/147 696/928/160 711/935/167 712/937/169
f 705/915/149 704/929/161 719/936/168 720/938/170
f 698/914/148 697/913/147 712/937/169 713/939/171
f 706/916/150 705/915/149 720/938/170 721/940/172
f 699/917/151 698/914/148 713/939/171 714/941/173
f 692/919/152 888/942/67 707/943/174
f 797/944/69 706/916/150 721/940/172
f 700/921/153 699/917/151 714/941/173 715/945/175
f 693/922/154 692/919/152 707/943/174 708/946/176
f 701/923/155 700/921/153 715/945/175 716/930/162
f 694/924/156 693/922/154 708/946/176 709/932/164
f 721/940/172 720/938/170 735/947/177 736/948/178
f 714/941/173 713/939/171 728/949/179 729/950/180
f 707/943/174 888/951/67 722/952/181
f 797/953/69 721/940/172 736/948/178
f 715/945/175 714/941/173 729/950/180 730/954/182
f 708/946/176 707/943/174 722/952/181 723/955/183
f 716/930/162 715/945/175 730/954/182 731/956/184
f 709/932/164 708/946/176 723/955/183 724/957/185
f 717/931/163 716/930/162 731/956/184 732/958/186
f 710/933/165 709/932/164 724/957/185 725/959/187
f 718/934/166 717/931/163 732/958/186 733/960/188
f 711/935/167 710/933/165 725/959/187 726/961/189
f 719/936/168 718/934/166 733/960/188 734/962/190
f 712/937/169 711/935/167 726/961/189 727/963/191
f 720/938/170 719/936/168 734/962/190 735/947/177
f 713/939/171 712/937/169 727/963/191 728/949/179
f 725/959/187 724/957/185 739/964/192 740/965/193
f 733/960/188 732/958/186 747/966/194 748/967/195
f 726/961/189 725/959/187 740/965/193 741/968/196
f 734/962/190 733/960/188 748/967/195 749/969/197
f 727/963/191 726/961/189 741/968/196 742/970/198
f 735/947/177 734/962/190 749/969/197 750/971/199
f 728/949/179 727/963/191 742/970/198 743/972/200
f 736/948/178 735/947/177 750/971/199 751/973/201
f 729/950/180 728/949/179 743/972/200 744/974/202
f 722/952/181 888/975/67 737/976/203
f 797/977/69 736/948/178 751/973/201
f 730/954/182 729/950/180 744/974/202 745/978/204
f 723/955/183 722/952/181 737/976/203 738/979/205
f 731/956/184 730/954/182 745/978/204 746/980/206
f 724/957/185 723/955/183 738/979/205 739/964/192
f 732/958/186 731/956/184 746/980/206 747/966/194
f 744/974/202 743/972/200 758/981/207 759/982/208
f 737/976/203 888/983/67 752/984/209
f 797/985/69 751/973/201 766/986/210
f 745/978/204 744/974/202 759/982/208 760/987/211
f 738/979/205 737/976/203 752/984/209 753/988/212
f 746/980/206 745/978/204 760/987/211 761/989/213
f 739/964/192 738/979/205 753/988/212 754/990/214
f 747/966/194 746/980/206 761/989/213 762/991/215
f 740/965/193 739/964/192 754/990/214 755/992/216
f 748/967/195 747/966/194 762/991/215 763/993/217
f 741/968/196 740/965/193 755/992/216 756/994/218
f 749/969/197 748/967/195 763/993/217 764/995/219
f 742/970/198 741/968/196 756/994/218 757/996/220
f 750/971/199 749/969/197 764/995/219 765/997/221
f 743/972/200 742/970/198 757/996/220 758/981/207
f 751/973/201 750/971/199 765/997/221 766/986/210
f 763/993/217 762/991/215 777/998/222 778/999/223
f 756/994/218 755/992/216 770/1000/224 771/1001/225
f 764/995/219 763/993/217 778/999/223 779/1002/226
f 757/996/220 756/994/218 771/1001/225 772/1003/227
f 765/997/221 764/995/219 779/1002/226 780/1004/228
f 758/981/207 757/996/220 772/1003/227 773/1005/229
f 766/986/210 765/997/221 780/1004/228 781/1006/230
f 759/982/208 758/981/207 773/1005/229 774/1007/231
f 752/984/209 888/1008/67 767/1009/232
f 797/1010/69 766/986/210 781/1006/230
f 760/987/211 759/982/208 774/1007/231 775/1011/233
f 753/988/212 752/984/209 767/1009/232 768/1012/234
f 761/989/213 760/987/211 775/1011/233 776/1013/235
f 754/990/214 753/988/212 768/1012/234 769/1014/236
f 762/991/215 761/989/213 776/1013/235 777/998/222
f 755/992/216 754/990/214 769/1014/236 770/1000/224
f 797/1015/69 781/1006/230 796/1016/237
f 775/1011/233 774/1007/231 789/1017/238 790/1018/239
f 768/1012/234 767/1009/232 782/1019/240 783/1020/241
f 776/1013/235 775/1011/233 790/1018/239 791/1021/242
f 769/1014/236 768/1012/234 783/1020/241 784/1022/243
f 777/998/222 776/1013/235 791/1021/242 792/1023/244
f 770/1000/224 769/1014/236 784/1022/243 785/1024/245
f 778/999/223 777/998/222 792/1023/244 793/1025/246
f 771/1001/225 770/1000/224 785/1024/245 786/1026/247
f 779/1002/226 778/999/223 793/1025/246 794/1027/248
f 772/1003/227 771/1001/225 786/1026/247 787/1028/249
f 780/1004/228 779/1002/226 794/1027/248 795/1029/250
f 773/1005/229 772/1003/227 787/1028/249 788/1030/251
f 781/1006/230 780/1004/228 795/1029/250 796/1016/237
f 774/1007/231 773/1005/229 788/1030/251 789/1017/238
f 767/1009/232 888/1031/67 782/1019/240
f 794/1027/248 793/1025/246 809/1032/252 810/1033/253
f 787/1028/249 786/1026/247 802/1034/254 803/1035/255
f 795/1029/250 794/1027/248 810/1033/253 811/1036/256
f 788/1030/251 787/1028/249 803/1035/255 804/1037/257
f 796/1016/237 795/1029/250 811/1036/256 812/1038/258
f 789/1017/238 788/1030/251 804/1037/257 805/1039/259
f 782/1019/240 888/1040/67 798/1041/260
f 797/1042/69 796/1016/237 812/1038/258
f 790/1018/239 789/1017/238 805/1039/259 806/1043/261
f 783/1020/241 782/1019/240 798/1041/260 799/1044/262
f 791/1021/242 790/1018/239 806/1043/261 807/1045/263
f 784/1022/243 783/1020/241 799/1044/262 800/1046/264
f 792/1023/244 791/1021/242 807/1045/263 808/1047/265
f 785/1024/245 784/1022/243 800/1046/264 801/1048/266
f 793/1025/246 792/1023/244 808/1047/265 809/1032/252
f 786/1026/247 785/1024/245 801/1048/266 802/1034/254
f 799/1044/262 798/1041/260 813/1049/267 814/1050/268
f 807/1045/263 806/1043/261 821/1051/269 822/1052/270
f 800/1046/264 799/1044/262 814/1050/268 815/1053/271
f 808/1047/265 807/1045/263 822/1052/270 823/1054/272
f 801/1048/266 800/1046/264 815/1053/271 816/1055/273
f 809/1032/252 808/1047/265 823/1054/272 824/1056/274
f 802/1034/254 801/1048/266 816/1055/273 817/1057/275
f 810/1033/253 809/1032/252 824/1056/274 825/1058/276
f 803/1035/255 802/1034/254 817/1057/275 818/1059/277
f 811/1036/256 810/1033/253 825/1058/276 826/1060/278
f 804/1037/257 803/1035/255 818/1059/277 819/1061/279
f 812/1038/258 811/1036/256 826/1060/278 827/1062/280
f 805/1039/259 804/1037/257 819/1061/279 820/1063/281
f 798/1041/260 888/1064/67 813/1049/267
f 797/1065/69 812/1038/258 827/1062/280
f 806/1043/261 805/1039/259 820/1063/281 821/1051/269
f 818/1059/277 817/1057/275 832/1066/282 833/1067/283
f 826/1060/278 825/1058/276 840/1068/284 841/1069/285
f 819/1061/279 818/1059/277 833/1067/283 834/1070/286
f 827/1062/280 826/1060/278 841/1069/285 842/1071/287
f 820/1063/281 819/1061/279 834/1070/286 835/1072/288
f 813/1049/267 888/1073/67 828/1074/289
f 797/1075/69 827/1062/280 842/1071/287
f 821/1051/269 820/1063/281 835/1072/288 836/1076/290
f 814/1050/268 813/1049/267 828/1074/289 829/1077/291
f 822/1052/270 821/1051/269 836/1076/290 837/1078/292
f 815/1053/271 814/1050/268 829/1077/291 830/1079/293
f 823/1054/272 822/1052/270 837/1078/292 838/1080/294
f 816/1055/273 815/1053/271 830/1079/293 831/1081/295
f 824/1056/274 823/1054/272 838/1080/294 839/1082/296
f 817/1057/275 816/1055/273 831/1081/295 832/1066/282
f 825/1058/276 824/1056/274 839/1082/296 840/1068/284
f 837/1078/292 836/1076/290 851/1083/297 852/1084/298
f 830/1079/293 829/1077/291 844/1085/299 845/1086/300
f 838/1080/294 837/1078/292 852/1084/298 853/1087/301
f 831/1081/295 830/1079/293 845/1086/300 846/1088/302
f 839/1082/296 838/1080/294 853/1087/301 854/1089/303
f 832/1066/282 831/1081/295 846/1088/302 847/1090/304
f 840/1068/284 839/1082/296 854/1089/303 855/1091/305
f 833/1067/283 832/1066/282 847/1090/304 848/1092/306
f 841/1069/285 840/1068/284 855/1091/305 856/1093/307
f 834/1070/286 833/1067/283 848/1092/306 849/1094/308
f 842/1071/287 841/1069/285 856/1093/307 857/1095/309
f 835/1072/288 834/1070/286 849/1094/308 850/1096/310
f 828/1074/289 888/1097/67 843/1098/311
f 797/1099/69 842/1071/287 857/1095/309
f 836/1076/290 835/1072/288 850/1096/310 851/1083/297
f 829/1077/291 828/1074/289 843/1098/311 844/1085/299
f 856/1093/307 855/1091/305 870/1100/312 871/1101/313
f 849/1094/308 848/1092/306 863/1102/314 864/1103/315
f 857/1095/309 856/1093/307 871/1101/313 872/1104/316
f 850/1096/310 849/1094/308 864/1103/315 865/1105/317
f 843/1098/311 888/1106/67 858/1107/318
f 797/1108/69 857/1095/309 872/1104/316
f 851/1083/297 850/1096/310 865/1105/317 866/1109/319
f 844/1085/299 843/1098/311 858/1107/318 859/1110/320
f 852/1084/298 851/1083/297 866/1109/319 867/1111/321
f 845/1086/300 844/1085/299 859/1110/320 860/1112/322
f 853/1087/301 852/1084/298 867/1111/321 868/1113/323
f 846/1088/302 845/1086/300 860/1112/322 861/1114/324
f 854/1089/303 853/1087/301 868/1113/323 869/1115/325
f 847/1090/304 846/1088/302 861/1114/324 862/1116/326
f 855/1091/305 854/1089/303 869/1115/325 870/1100/312
f 848/1092/306 847/1090/304 862/1116/326 863/1102/314
f 860/1112/322 859/1110/320 874/1117/327 875/1118/328
f 868/1113/323 867/1111/321 882/1119/329 883/1120/330
f 861/1114/324 860/1112/322 875/1118/328 876/1121/331
f 869/1115/325 868/1113/323 883/1120/330 884/1122/332
f 862/1116/326 861/1114/324 876/1121/331 877/1123/333
f 870/1100/312 869/1115/325 884/1122/332 885/1124/334
f 863/1102/314 862/1116/326 877/1123/333 878/1125/335
f 871/1101/313 870/1100/312 885/1124/334 886/1126/336
f 864/1103/315 863/1102/314 878/1125/335 879/1127/337
f 872/1104/316 871/1101/313 886/1126/336 887/1128/338
f 865/1105/317 864/1103/315 879/1127/337 880/1129/339
f 858/1107/318 888/1130/67 873/1131/340
f 797/1132/69 872/1104/316 887/1128/338
f 866/1109/319 865/1105/317 880/1129/339 881/1133/341
f 859/1110/320 858/1107/318 873/1131/340 874/1117/327
f 867/1111/321 866/1109/319 881/1133/341 882/1119/329
f 879/1127/337 878/1125/335 894/1134/342 895/1135/343
f 887/1128/338 886/1126/336 902/1136/344 903/1137/345
f 880/1129/339 879/1127/337 895/1135/343 896/1138/346
f 873/1131/340 888/1139/67 889/1140/347
f 797/1141/69 887/1128/338 903/1137/345
f 881/1133/341 880/1129/339 896/1138/346 897/1142/348
f 874/1117/327 873/1131/340 889/1140/347 890/1143/349
f 882/1119/329 881/1133/341 897/1142/348 898/1144/350
f 875/1118/328 874/1117/327 890/1143/349 891/1145/351
f 883/1120/330 882/1119/329 898/1144/350 899/1146/352
f 876/1121/331 875/1118/328 891/1145/351 892/1147/353
f 884/1122/332 883/1120/330 899/1146/352 900/1148/354
f 877/1123/333 876/1121/331 892/1147/353 893/1149/355
f 885/1124/334 884/1122/332 900/1148/354 901/1150/356
f 878/1125/335 877/1123/333 893/1149/355 894/1134/342
f 886/1126/336 885/1124/334 901/1150/356 902/1136/344
f 899/1146/352 898/1144/350 913/1151/357 914/1152/358
f 892/1147/353 891/1145/351 906/1153/359 907/1154/360
f 900/1148/354 899/1146/352 914/1152/358 915/1155/361
f 893/1149/355 892/1147/353 907/1154/360 908/1156/362
f 901/1150/356 900/1148/354 915/1155/361 916/1157/363
f 894/1134/342 893/1149/355 908/1156/362 909/1158/364
f 902/1136/344 901/1150/356 916/1157/363 917/1159/365
f 895/1135/343 894/1134/342 909/1158/364 910/1160/366
f 903/1137/345 902/1136/344 917/1159/365 918/1161/367
f 896/1138/346 895/1135/343 910/1160/366 911/1162/368
f 889/1140/347 888/1163/67 904/1164/369
f 797/1165/69 903/1137/345 918/1161/367
f 897/1142/348 896/1138/346 911/1162/368 912/1166/370
f 890/1143/349 889/1140/347 904/1164/369 905/1167/371
f 898/1144/350 897/1142/348 912/1166/370 913/1151/357
f 891/1145/351 890/1143/349 905/1167/371 906/1153/359
f 918/1161/367 917/1159/365 932/1168/372 933/1169/373
f 911/1162/368 910/1160/366 925/1170/374 926/1171/375
f 904/1164/369 888/1172/67 919/1173/376
f 797/1174/69 918/1161/367 933/1169/373
f 912/1166/370 911/1162/368 926/1171/375 927/1175/377
f 905/1167/371 904/1164/369 919/1173/376 920/1176/378
f 913/1151/357 912/1166/370 927/1175/377 928/1177/379
f 906/1153/359 905/1167/371 920/1176/378 921/1178/380
f 914/1152/358 913/1151/357 928/1177/379 929/1179/381
f 907/1154/360 906/1153/359 921/1178/380 922/1180/382
f 915/1155/361 914/1152/358 929/1179/381 930/1181/383
f 908/1156/362 907/1154/360 922/1180/382 923/1182/384
f 916/1157/363 915/1155/361 930/1181/383 931/1183/385
f 909/1158/364 908/1156/362 923/1182/384 924/1184/386
f 917/1159/365 916/1157/363 931/1183/385 932/1168/372
f 910/1160/366 909/1158/364 924/1184/386 925/1170/374
f 930/1181/383 929/1179/381 944/1185/387 945/1186/388
f 923/1182/384 922/1180/382 937/1187/389 938/1188/390
f 931/1183/385 930/1181/383 945/1186/388 946/1189/391
f 924/1184/386 923/1182/384 938/1188/390 939/1190/392
f 932/1168/372 931/1183/385 946/1189/391 947/1191/393
f 925/1170/374 924/1184/386 939/1190/392 940/1192/394
f 933/1169/373 932/1168/372 947/1191/393 948/1193/395
f 926/1171/375 925/1170/374 940/1192/394 941/1194/396
f 919/1173/376 888/1195/67 934/1196/397
f 797/1197/69 933/1169/373 948/1193/395
f 927/1175/377 926/1171/375 941/1194/396 942/1198/398
f 920/1176/378 919/1173/376 934/1196/397 935/1199/399
f 928/1177/379 927/1175/377 942/1198/398 943/1200/400
f 921/1178/380 920/1176/378 935/1199/399 936/1201/401
f 929/1179/381 928/1177/379 943/1200/400 944/1185/387
f 922/1180/382 921/1178/380 936/1201/401 937/1187/389
f 934/1196/397 888/1202/67 949/1203/402
f 797/1204/69 948/1193/395 963/1205/403
f 942/1198/398 941/1194/396 956/1206/404 957/1207/405
f 935/1199/399 934/1196/397 949/1203/402 950/1208/406
f 943/1200/400 942/1198/398 957/1207/405 958/1209/407
f 936/1201/401 935/1199/399 950/1208/406 951/1210/408
f 944/1185/387 943/1200/400 958/1209/407 959/1211/409
f 937/1187/389 936/1201/401 951/1210/408 952/1212/410
f 945/1186/388 944/1185/387 959/1211/409 960/1213/411
f 938/1188/390 937/1187/389 952/1212/410 953/1214/412
f 946/1189/391 945/1186/388 960/1213/411 961/1215/413
f 939/1190/392 938/1188/390 953/1214/412 954/1216/414
f 947/1191/393 946/1189/391 961/1215/413 962/1217/415
f 940/1192/394 939/1190/392 954/1216/414 955/1218/416
f 948/1193/395 947/1191/393 962/1217/415 963/1205/403
f 941/1194/396 940/1192/394 955/1218/416 956/1206/404
f 953/1219/412 952/1220/410 967/1221/417 968/1222/418
f 961/1223/413 960/1224/411 975/1225/419 976/1226/420
f 954/1227/414 953/1219/412 968/1222/418 969/1228/421
f 962/1229/415 961/1223/413 976/1226/420 977/1230/422
f 955/1231/416 954/1227/414 969/1228/421 970/1232/423
f 963/1233/403 962/1229/415 977/1230/422 978/1234/424
f 956/1235/404 955/1231/416 970/1232/423 971/1236/425
f 949/1237/402 888/1238/67 964/1239/426
f 797/1240/69 963/1233/403 978/1234/424
f 957/1241/405 956/1235/404 971/1236/425 972/1242/427
f 950/1243/406 949/1237/402 964/1239/426 965/1244/428
f 958/1245/407 957/1241/405 972/1242/427 973/1246/429
f 951/1247/408 950/1243/406 965/1244/428 966/1248/430
f 959/1249/409 958/1245/407 973/1246/429 974/1250/431
f 952/1220/410 951/1247/408 966/1248/430 967/1221/417
f 960/1224/411 959/1249/409 974/1250/431 975/1225/419
f 972/1242/427 971/1236/425 986/1251/432 987/1252/433
f 965/1244/428 964/1239/426 979/1253/434 980/1254/435
f 973/1246/429 972/1242/427 987/1252/433 988/1255/436
f 966/1248/430 965/1244/428 980/1254/435 981/1256/437
f 974/1250/431 973/1246/429 988/1255/436 989/1257/438
f 967/1221/417 966/1248/430 981/1256/437 982/1258/439
f 975/1225/419 974/1250/431 989/1257/438 990/1259/440
f 968/1222/418 967/1221/417 982/1258/439 983/1260/441
f 976/1226/420 975/1225/419 990/1259/440 991/1261/442
f 969/1228/421 968/1222/418 983/1260/441 984/1262/443
f 977/1230/422 976/1226/420 991/1261/442 992/1263/444
f 970/1232/423 969/1228/421 984/1262/443 985/1264/445
f 978/1234/424 977/1230/422 992/1263/444 993/1265/446
f 971/1236/425 970/1232/423 985/1264/445 986/1251/432
f 964/1239/426 888/1266/67 979/1253/434
f 797/1267/69 978/1234/424 993/1265/446
f 991/1261/442 990/1259/440 1005/1268/447 1006/1269/448
f 984/1262/443 983/1260/441 998/1270/449 999/1271/450
f 992/1263/444 991/1261/442 1006/1269/448 1007/1272/451
f 985/1264/445 984/1262/443 999/1271/450 1000/1273/452
f 993/1265/446 992/1263/444 1007/1272/451 1008/1274/453
f 986/1251/432 985/1264/445 1000/1273/452 1001/1275/454
f 979/1253/434 888/1276/67 994/1277/455
f 797/1278/69 993/1265/446 1008/1274/453
f 987/1252/433 986/1251/432 1001/1275/454 1002/1279/456
f 980/1254/435 979/1253/434 994/1277/455 995/1280/457
f 988/1255/436 987/1252/433 1002/1279/456 1003/1281/458
f 981/1256/437 980/1254/435 995/1280/457 996/1282/459
f 989/1257/438 988/1255/436 1003/1281/458 1004/1283/460
f 982/1258/439 981/1256/437 996/1282/459 997/1284/461
f 990/1259/440 989/1257/438 1004/1283/460 1005/1268/447
f 983/1260/441 982/1258/439 997/1284/461 998/1270/449
f 995/1280/457 994/1277/455 1009/1285/462 1010/1286/463
f 1003/1281/458 1002/1279/456 1017/1287/464 1018/1288/465
f 996/1282/459 995/1280/457 1010/1286/463 1011/1289/466
f 1004/1283/460 1003/1281/458 1018/1288/465 1019/1290/467
f 997/1284/461 996/1282/459 1011/1289/466 1012/1291/468
f 1005/1268/447 1004/1283/460 1019/1290/467 1020/1292/469
f 998/1270/449 997/1284/461 1012/1291/468 1013/1293/470
f 1006/1269/448 1005/1268/447 1020/1292/469 1021/1294/471
f 999/1271/450 998/1270/449 1013/1293/470 1014/1295/472
f 1007/1272/451 1006/1269/448 1021/1294/471 1022/1296/473
f 1000/1273/452 999/1271/450 1014/1295/472 1015/1297/474
f 1008/1274/453 1007/1272/451 1022/1296/473 1023/1298/475
f 1001/1275/454 1000/1273/452 1015/1297/474 1016/1299/476
f 994/1277/455 888/1300/67 1009/1285/462
f 797/1301/69 1008/1274/453 1023/1298/475
f 1002/1279/456 1001/1275/454 1016/1299/476 1017/1287/464
f 1014/1295/472 1013/1293/470 1028/1302/477 1029/1303/478
f 1022/1296/473 1021/1294/471 1036/1304/479 1037/1305/480
f 1015/1297/474 1014/1295/472 1029/1303/478 1030/1306/481
f 1023/1298/475 1022/1296/473 1037/1305/480 1038/1307/482
f 1016/1299/476 1015/1297/474 1030/1306/481 1031/1308/483
f 1009/1285/462 888/1309/67 1024/1310/484
f 797/1311/69 1023/1298/475 1038/1307/482
f 1017/1287/464 1016/1299/476 1031/1308/483 1032/1312/485
f 1010/1286/463 1009/1285/462 1024/1310/484 1025/1313/486
f 1018/1288/465 1017/1287/464 1032/1312/485 1033/1314/487
f 1011/1289/466 1010/1286/463 1025/1313/486 1026/1315/488
f 1019/1290/467 1018/1288/465 1033/1314/487 1034/1316/489
f 1012/1291/468 1011/1289/466 1026/1315/488 1027/1317/490
f 1020/1292/469 1019/1290/467 1034/1316/489 1035/1318/491
f 1013/1293/470 1012/1291/468 1027/1317/490 1028/1302/477
f 1021/1294/471 1020/1292/469 1035/1318/491 1036/1304/479
f 1033/1314/487 1032/1312/485 1047/1319/492 1048/1320/493
f 1026/1315/488 1025/1313/486 1040/1321/494 1041/1322/495
f 1034/1316/489 1033/1314/487 1048/1320/493 1049/1323/496
f 1027/1317/490 1026/1315/488 1041/1322/495 1042/1324/497
f 1035/1318/491 1034/1316/489 1049/1323/496 1050/1325/498
f 1028/1302/477 1027/1317/490 1042/1324/497 1043/1326/499
f 1036/1304/479 1035/1318/491 1050/1325/498 1051/1327/500
f 1029/1303/478 1028/1302/477 1043/1326/499 1044/1328/501
f 1037/1305/480 1036/1304/479 1051/1327/500 1052/1329/502
f 1030/1306/481 1029/1303/478 1044/1328/501 1045/1330/503
f 1038/1307/482 1037/1305/480 1052/1329/502 1053/1331/504
f 1031/1308/483 1030/1306/481 1045/1330/503 1046/1332/505
f 1024/1310/484 888/1333/67 1039/1334/506
f 797/1335/69 1038/1307/482 1053/1331/504
f 1032/1312/485 1031/1308/483 1046/1332/505 1047/1319/492
f 1025/1313/486 1024/1310/484 1039/1334/506 1040/1321/494
f 1052/1329/502 1051/1327/500 1066/1336/507 1067/1337/508
f 1045/1330/503 1044/1328/501 1059/1338/509 1060/1339/510
f 1053/1331/504 1052/1329/502 1067/1337/508 1068/1340/511
f 1046/1332/505 1045/1330/503 1060/1339/510 1061/1341/512
f 1039/1334/506 888/1342/67 1054/1343/513
f 797/1344/69 1053/1331/504 1068/1340/511
f 1047/1319/492 1046/1332/505 1061/1341/512 1062/1345/514
f 1040/1321/494 1039/1334/506 1054/1343/513 1055/1346/515
f 1048/1320/493 1047/1319/492 1062/1345/514 1063/1347/516
f 1041/1322/495 1040/1321/494 1055/1346/515 1056/1348/517
f 1049/1323/496 1048/1320/493 1063/1347/516 1064/1349/518
f 1042/1324/497 1041/1322/495 1056/1348/517 1057/1350/519
f 1050/1325/498 1049/1323/496 1064/1349/518 1065/1351/520
f 1043/1326/499 1042/1324/497 1057/1350/519 1058/1352/521
f 1051/1327/500 1050/1325/498 1065/1351/520 1066/1336/507
f 1044/1328/501 1043/1326/499 1058/1352/521 1059/1338/509
f 1064/1349/518 1063/1347/516 1069/801/45 1070/800/44
f 1057/1350/519 1056/1348/517 594/796/40 595/804/48
f 1065/1351/520 1064/1349/518 1070/800/44 1071/806/50
f 1058/1352/521 1057/1350/519 595/804/48 596/808/52
f 1066/1336/507 1065/1351/520 1071/806/50 601/810/54
f 1059/1338/509 1058/1352/521 596/808/52 597/812/56
f 1067/1337/508 1066/1336/507 601/810/54 1072/814/58
f 1060/1339/510 1059/1338/509 597/812/56 598/816/60
f 1068/1340/511 1067/1337/508 1072/814/58 1073/818/62
f 1061/1341/512 1060/1339/510 598/816/60 599/820/64
f 1054/1343/513 888/1353/67 592/822/66
f 797/1354/69 1068/1340/511 1073/818/62
f 1062/1345/514 1061/1341/512 599/820/64 600/826/70
f 1055/1346/515 1054/1343/513 592/822/66 593/797/41
f 1063/1347/516 1062/1345/514 600/826/70 1069/801/45
f 1056/1348/517 1055/1346/515 593/797/41 594/796/40
o GLASS_Cubo.003
v -1.422533 -3.319522 -0.018784
v -1.422533 3.809755 -0.018784
v -1.422533 -3.319522 0.018784
v -1.422533 3.809755 0.018784
v 1.422533 -3.319522 -0.018784
v 1.422533 3.809755 -0.018784
v 1.422533 -3.319522 0.018784
v 1.422533 3.809755 0.018784
vt 0.375000 0.000000
vt 0.375000 0.250000
vt 0.625000 0.250000
vt 0.625000 0.000000
vt 0.375000 0.500000
vt 0.625000 0.500000
vt 0.375000 0.750000
vt 0.625000 0.750000
vt 0.375000 1.000000
vt 0.625000 1.000000
vt 0.125000 0.500000
vt 0.125000 0.750000
vt 0.875000 0.750000
vt 0.875000 0.500000
vn -1.0000 0.0000 0.0000
vn 0.0000 0.0000 1.0000
vn 1.0000 0.0000 0.0000
vn 0.0000 0.0000 -1.0000
vn 0.0000 -1.0000 0.0000
vn 0.0000 1.0000 0.0000
usemtl Material.003
s off
f 1074/1355/522 1076/1356/522 1077/1357/522 1075/1358/522
f 1076/1356/523 1080/1359/523 1081/1360/523 1077/1357/523
f 1080/1359/524 1078/1361/524 1079/1362/524 1081/1360/524
f 1078/1361/525 1074/1363/525 1075/1364/525 1079/1362/525
f 1076/1365/526 1074/1366/526 1078/1361/526 1080/1359/526
f 1081/1360/527 1079/1362/527 1075/1367/527 1077/1368/527
