# Blender v2.83.20 OBJ File: 'PUERTA PLANTILLA.blend'
# www.blender.org
mtllib ENTRANCE DOOR.mtl
o DOOR_Cubo
v -1.878274 0.855667 0.011621
v -1.912644 0.924408 0.011621
v -1.878274 0.924408 0.013715
v -1.912644 8.437503 0.011621
v -1.878274 8.506244 0.011621
v -1.878274 8.437503 0.013715
v 1.912644 0.924408 0.011621
v 1.878274 0.855667 0.011621
v 1.878274 0.924408 0.013715
v 1.878274 8.506244 0.011621
v 1.912644 8.437503 0.011621
v 1.878274 8.437503 0.013715
v -1.912644 0.924409 0.038123
v -1.878273 0.855667 0.038123
v -1.878273 0.924409 0.036030
v -1.878273 8.506244 0.038123
v -1.912644 8.437502 0.038123
v -1.878273 8.437502 0.036030
v 1.878273 0.855667 0.038123
v 1.912644 0.924409 0.038123
v 1.878273 0.924409 0.036030
v 1.878273 8.506244 0.038123
v 1.878273 8.437502 0.036030
v 1.912644 8.437502 0.038123
v -1.982244 0.647725 0.120761
v -1.933637 0.716467 0.122855
v -1.982244 0.813682 0.122855
v -2.016615 0.716467 0.120761
v -1.982244 8.645444 0.122855
v -1.982244 8.714186 0.120761
v -2.016615 8.645444 0.120761
v -1.982244 0.647725 -0.120761
v -2.016615 0.716467 -0.120761
v -1.982244 2.881282 -0.122855
v -1.980062 0.716467 -0.122855
v -1.982244 8.714186 -0.120761
v -1.982244 8.645444 -0.122855
v -2.016615 8.645444 -0.120761
v 1.982244 0.647725 0.120761
v 2.016615 0.716467 0.120761
v 1.982244 0.716467 0.122855
v 1.982244 8.714186 0.120761
v 1.933637 8.645444 0.122855
v 1.982244 8.548229 0.122855
v 2.016615 8.645444 0.120761
v 1.982244 0.647725 -0.120761
v 1.982244 0.716467 -0.122855
v 2.016615 0.716467 -0.120761
v 1.980062 8.645444 -0.122855
v 1.982244 8.714186 -0.120761
v 2.016615 8.645444 -0.120761
v 1.982244 6.480628 -0.122855
v -1.912644 8.437503 -0.120761
v -1.947015 8.574986 -0.122855
v -1.878274 8.506244 -0.120761
v -1.947015 4.024873 -0.122855
v -1.912644 4.022757 -0.120761
v -1.947015 1.789200 -0.122855
v -1.878274 0.855667 -0.120761
v -1.947015 0.786925 -0.122855
v -1.912644 0.924408 -0.120761
v 1.878274 8.506245 -0.120761
v 1.947015 8.574986 -0.122855
v 1.912644 8.437503 -0.120761
v 1.947015 7.572711 -0.122855
v 1.947015 5.337038 -0.122855
v 1.912644 5.339154 -0.120761
v 1.878274 0.855667 -0.120761
v 1.912644 0.924408 -0.120761
v 1.947015 0.786925 -0.122855
v -1.898407 0.786926 0.122855
v -1.878273 0.855667 0.120761
v -1.912644 0.924409 0.120761
v -1.947015 0.884141 0.122855
v 1.912644 0.924409 0.120761
v 1.878273 0.855667 0.120761
v 1.947015 0.786926 0.122855
v 1.898407 8.574986 0.122855
v 1.878273 8.506244 0.120761
v 1.912644 8.437502 0.120761
v 1.947015 8.477770 0.122855
v -1.912644 8.437502 0.120761
v -1.878273 8.506244 0.120761
v -1.947015 8.574986 0.122855
vt 0.377246 0.752246
vt 0.377246 0.997754
vt 0.622754 0.997754
vt 0.622754 0.752246
vt 0.627246 0.605738
vt 0.627246 0.747754
vt 0.872754 0.747754
vt 0.872754 0.605738
vt 0.127246 0.502246
vt 0.127246 0.590897
vt 0.372754 0.590897
vt 0.372754 0.502246
vt 0.127130 0.502130
vt 0.372869 0.502130
vt 0.372870 0.747869
vt 0.127130 0.747869
vt 0.627246 0.502246
vt 0.627246 0.590897
vt 0.872754 0.590897
vt 0.872754 0.502246
vt 0.377246 0.502246
vt 0.377246 0.590897
vt 0.622754 0.590897
vt 0.622754 0.502246
vt 0.377130 0.752131
vt 0.619856 0.752131
vt 0.617673 0.754314
vt 0.379314 0.754314
vt 0.379314 0.992673
vt 0.377131 0.994856
vt 0.377130 0.502130
vt 0.622870 0.502130
vt 0.622870 0.747869
vt 0.377130 0.747869
vt 0.380144 0.997869
vt 0.382327 0.995686
vt 0.620686 0.995686
vt 0.620686 0.757327
vt 0.622869 0.755144
vt 0.622870 0.997870
vt 0.377130 0.002130
vt 0.622870 0.002130
vt 0.622870 0.247870
vt 0.377130 0.247870
vt 0.622869 0.497734
vt 0.589623 0.495686
vt 0.620686 0.495686
vt 0.620686 0.254314
vt 0.479666 0.254314
vt 0.444224 0.252130
vt 0.622869 0.252130
vt 0.627131 0.502130
vt 0.872870 0.502130
vt 0.872870 0.747869
vt 0.627131 0.747869
vt 0.377246 0.252246
vt 0.377246 0.497754
vt 0.622754 0.497754
vt 0.622754 0.252246
vt 0.377246 0.605738
vt 0.377246 0.747754
vt 0.622754 0.747754
vt 0.622754 0.605738
vt 0.521508 0.605738
vt 0.377246 0.159103
vt 0.377246 0.247754
vt 0.622754 0.247754
vt 0.622754 0.159103
vt 0.377130 0.252266
vt 0.410377 0.254314
vt 0.379314 0.254314
vt 0.379314 0.495686
vt 0.520334 0.495686
vt 0.555776 0.497870
vt 0.377130 0.497870
vt 0.377246 0.002246
vt 0.377246 0.144262
vt 0.478492 0.144262
vt 0.622754 0.144262
vt 0.622754 0.002246
vt 0.127246 0.747754
vt 0.125000 0.747754
vt 0.127246 0.750000
vt 0.625000 0.002246
vt 0.622754 0.000000
vt 0.375000 0.747754
vt 0.377246 0.750000
vt 0.625000 0.747754
vt 0.627246 0.750000
vt 0.375000 0.247754
vt 0.377246 0.250000
vt 0.875000 0.502246
vt 0.872754 0.500000
vt 0.375000 0.502246
vt 0.372754 0.500000
vt 0.627246 0.500000
vt 0.625000 0.502246
vt 0.130143 0.750000
vt 0.127130 0.750000
vt 0.125000 0.747870
vt 0.625000 0.997869
vt 0.622869 1.000000
vt 0.125000 0.502131
vt 0.127130 0.500000
vt 0.127266 0.500000
vt 0.872870 0.500000
vt 0.875000 0.502131
vt 0.375000 0.747870
vt 0.372870 0.750000
vt 0.630143 0.750000
vt 0.627130 0.750000
vt 0.625000 0.747870
vt 0.372870 0.500000
vt 0.375000 0.502131
vt 0.625000 0.497870
vt 0.622878 0.499869
vt 0.555907 0.495743
vt 0.625000 0.146508
vt 0.625000 0.144262
vt 0.479601 0.256445
vt 0.410508 0.252188
vt 0.127246 0.605738
vt 0.125000 0.603492
vt 0.125000 0.605738
vt 0.625000 0.603492
vt 0.625000 0.605738
vt 0.520465 0.493559
vt 0.520399 0.493555
vt 0.372754 0.605738
vt 0.375000 0.605738
vt 0.375000 0.603492
vt 0.381445 0.991425
vt 0.381445 0.993555
vt 0.380821 0.994179
vt 0.375000 0.590897
vt 0.375000 0.593144
vt 0.618555 0.758575
vt 0.618555 0.756445
vt 0.619179 0.755821
vt 0.625000 0.159103
vt 0.625000 0.156856
vt 0.375000 0.002246
vt 0.375000 0.144262
vt 0.377246 0.000000
vt 0.375000 0.752246
vt 0.375000 0.997754
vt 0.625000 0.997754
vt 0.625000 0.752246
vt 0.625000 0.247754
vt 0.375000 0.252246
vt 0.375000 0.497754
vt 0.625000 0.497754
vt 0.625000 0.252246
vt 0.377131 1.000000
vt 0.875000 0.747870
vt 0.627266 0.500000
vt 0.872870 0.750000
vt 0.478561 0.146508
vt 0.375000 0.146508
vt 0.405505 0.146508
vt 0.616425 0.493555
vt 0.618555 0.491425
vt 0.618555 0.258575
vt 0.381445 0.258575
vt 0.381445 0.491425
vt 0.383575 0.493555
vt 0.125930 0.593144
vt 0.625930 0.593144
vt 0.875000 0.593144
vt 0.624070 0.593144
vt 0.383575 0.993555
vt 0.616425 0.993555
vt 0.372754 0.747754
vt 0.375000 0.159103
vn 0.0000 0.0000 -1.0000
vn 0.0000 -1.0000 -0.0000
vn 0.0000 1.0000 0.0000
vn -1.0000 -0.0000 0.0000
vn 0.0000 -0.0000 1.0000
vn 1.0000 0.0000 0.0000
vn 0.0608 0.0304 -0.9977
vn 0.0608 -0.0304 -0.9977
vn -0.0608 0.0304 -0.9977
vn -0.0608 -0.0304 -0.9977
vn 0.0608 0.0304 0.9977
vn 0.0608 -0.0304 0.9977
vn -0.0608 0.0304 0.9977
vn -0.0608 -0.0304 0.9977
vn -0.0252 -0.0126 0.9996
vn -0.0572 -0.0009 -0.9984
vn 0.0252 0.0126 0.9996
vn 0.0572 0.0009 -0.9984
vn 0.0203 -0.0102 -0.9997
vn 0.0608 0.0000 -0.9981
vn 0.0203 0.0102 -0.9997
vn -0.0203 -0.0102 -0.9997
vn -0.0608 0.0000 -0.9981
vn -0.0203 0.0102 -0.9997
vn 0.0384 0.0192 0.9991
vn -0.0203 0.0102 0.9997
vn -0.0384 -0.0192 0.9991
vn 0.0203 -0.0102 0.9997
vn 0.8944 0.4472 -0.0000
vn -0.8944 -0.4472 -0.0000
vn 0.0000 0.0304 -0.9995
vn 0.0000 -0.0304 -0.9995
vn 0.8944 -0.4472 0.0000
vn 0.0608 0.0000 0.9981
vn 0.0000 0.0304 0.9995
vn -0.0000 -0.0304 0.9995
vn -0.0608 -0.0000 0.9981
vn -0.8944 0.4472 0.0000
usemtl Material.002
s off
f 9/1/1 3/2/1 6/3/1 12/4/1
f 62/5/2 10/6/2 5/7/2 55/8/2
f 14/9/3 72/10/3 76/11/3 19/12/3
f 32/13/2 46/14/2 39/15/2 25/16/2
f 22/17/2 79/18/2 83/19/2 16/20/2
f 20/21/4 75/22/4 80/23/4 24/24/4
f 41/25/5 44/26/5 81/27/5 77/28/5 71/29/5 26/30/5
f 48/31/6 51/32/6 45/33/6 40/34/6
f 27/35/5 74/36/5 84/37/5 78/38/5 43/39/5 29/40/5
f 28/41/4 31/42/4 38/43/4 33/44/4
f 49/45/1 65/46/1 63/47/1 54/48/1 56/49/1 34/50/1 37/51/1
f 50/52/3 36/53/3 30/54/3 42/55/3
f 15/56/5 21/57/5 23/58/5 18/59/5
f 69/60/4 7/61/4 11/62/4 64/63/4 67/64/4
f 73/65/6 13/66/6 17/67/6 82/68/6
f 35/69/1 58/70/1 60/71/1 70/72/1 66/73/1 52/74/1 47/75/1
f 2/76/6 61/77/6 57/78/6 53/79/6 4/80/6
f 1/81/7 2/82/7 3/83/7
f 4/80/8 5/84/8 6/85/8
f 7/61/9 8/86/9 9/87/9
f 10/6/10 11/88/10 12/89/10
f 13/66/11 14/90/11 15/91/11
f 16/20/12 17/92/12 18/93/12
f 19/12/13 20/94/13 21/95/13
f 22/17/14 23/96/14 24/97/14
f 25/16/15 26/98/15 27/99/15 28/100/15
f 29/40/13 30/101/13 31/102/13
f 32/13/16 33/103/16 34/104/16 35/105/16
f 36/53/9 37/106/9 38/107/9
f 39/15/12 40/108/12 41/109/12
f 42/55/17 43/110/17 44/111/17 45/112/17
f 46/14/8 47/113/8 48/114/8
f 49/45/18 50/115/18 51/116/18 52/117/18
f 53/79/19 54/118/19 55/119/19
f 56/49/20 57/120/20 58/121/20
f 59/122/21 60/123/21 61/124/21
f 62/5/22 63/125/22 64/126/22
f 65/46/23 66/127/23 67/128/23
f 68/129/24 69/130/24 70/131/24
f 71/29/25 72/132/25 73/133/25 74/134/25
f 75/22/26 76/135/26 77/136/26
f 78/38/27 79/137/27 80/138/27 81/139/27
f 82/68/28 83/140/28 84/141/28
f 61/77/29 2/76/29 1/142/29 59/143/29
f 2/76/20 4/80/20 6/85/20 3/144/20
f 64/63/30 11/62/30 10/6/30 62/5/30
f 11/62/23 7/61/23 9/1/23 12/4/23
f 3/2/31 9/1/31 8/145/31 1/146/31
f 12/4/32 6/3/32 5/147/32 10/148/32
f 82/68/33 17/67/33 16/149/33 83/140/33
f 17/67/34 13/66/34 15/56/34 18/59/34
f 21/57/35 15/56/35 14/150/35 19/151/35
f 18/59/36 23/58/36 22/152/36 16/153/36
f 23/58/37 21/57/37 20/21/37 24/24/37
f 75/22/38 20/21/38 19/12/38 76/11/38
f 32/13/30 25/16/30 28/100/30 33/103/30
f 27/35/37 29/40/37 31/102/37 28/154/37
f 30/54/38 36/53/38 38/107/38 31/155/38
f 37/51/23 34/50/23 33/44/23 38/43/23
f 46/14/32 32/13/32 35/105/32 47/113/32
f 36/53/31 50/52/31 49/156/31 37/106/31
f 51/32/20 48/31/20 47/75/20 52/74/20
f 39/15/33 46/14/33 48/31/33 40/34/33
f 50/52/29 42/55/29 45/33/29 51/32/29
f 44/26/34 41/25/34 40/34/34 45/33/34
f 25/16/36 39/15/36 41/109/36 26/98/36
f 42/55/35 30/54/35 29/157/35 43/110/35
f 53/79/20 57/78/20 56/158/20 54/118/20
f 57/78/20 61/77/20 60/159/20 58/160/20
f 63/47/23 65/46/23 67/128/23 64/161/23
f 54/48/32 63/47/32 62/162/32 55/163/32
f 70/72/31 60/71/31 59/164/31 68/165/31
f 66/73/23 70/72/23 69/166/23 67/128/23
f 76/11/35 72/10/35 71/167/35 77/136/35
f 83/19/36 79/18/36 78/168/36 84/169/36
f 80/23/37 75/22/37 77/136/37 81/170/37
f 84/37/34 74/36/34 73/171/34 82/172/34
f 4/80/33 53/79/33 55/119/33 5/84/33
f 7/61/38 69/60/38 68/129/38 8/173/38
f 13/66/29 73/65/29 72/174/29 14/90/29
f 24/24/30 80/23/30 79/18/30 22/17/30
f 81/27/5 44/26/5 43/39/5 78/38/5
f 74/36/5 27/35/5 26/30/5 71/29/5
f 58/70/1 35/69/1 34/50/1 56/49/1
f 65/46/1 49/45/1 52/74/1 66/73/1
f 59/122/3 1/81/3 8/173/3 68/129/3
o HANDLE_Cilindro.002
v 1.578266 2.828180 -0.153185
v 1.615351 2.794387 -0.131067
v 1.541181 2.794388 -0.131067
v 1.578266 2.828180 0.033549
v 1.541181 2.794388 0.011431
v 1.615351 2.794387 0.011431
v 1.554882 2.830483 -0.153185
v 1.584662 2.790105 -0.131067
v 1.511917 2.804575 -0.131067
v 1.554882 2.830483 0.033549
v 1.511917 2.804575 0.011431
v 1.584662 2.790105 0.011431
v 1.532397 2.837304 -0.153185
v 1.553728 2.791892 -0.131067
v 1.485203 2.820276 -0.131067
v 1.532397 2.837304 0.033549
v 1.485203 2.820276 0.011431
v 1.553728 2.791892 0.011431
v 1.511675 2.848380 -0.153185
v 1.523736 2.799680 -0.131067
v 1.462066 2.840886 -0.131067
v 1.511675 2.848380 0.033549
v 1.462066 2.840886 0.011431
v 1.523736 2.799680 0.011431
v 1.493511 2.863286 -0.153185
v 1.495840 2.813169 -0.131067
v 1.443394 2.865615 -0.131067
v 1.493511 2.863286 0.033549
v 1.443394 2.865615 0.011431
v 1.495840 2.813169 0.011431
v 1.478605 2.881450 -0.153185
v 1.471111 2.831841 -0.131067
v 1.429905 2.893511 -0.131067
v 1.478605 2.881450 0.033549
v 1.429905 2.893511 0.011431
v 1.471111 2.831841 0.011431
v 1.467529 2.902172 -0.153185
v 1.450501 2.854978 -0.131067
v 1.422117 2.923502 -0.131067
v 1.467529 2.902172 0.033549
v 1.422117 2.923502 0.011431
v 1.450501 2.854978 0.011431
v 1.460708 2.924657 -0.153185
v 1.434800 2.881692 -0.131067
v 1.420330 2.954437 -0.131067
v 1.460708 2.924657 0.033549
v 1.420330 2.954437 0.011431
v 1.434800 2.881692 0.011431
v 1.458405 2.948041 -0.153185
v 1.424613 2.910956 -0.131067
v 1.424613 2.985126 -0.131067
v 1.458405 2.948041 0.033549
v 1.424613 2.985126 0.011431
v 1.424613 2.910956 0.011431
v 1.460708 2.971425 -0.153185
v 1.420330 2.941645 -0.131067
v 1.434800 3.014390 -0.131067
v 1.460708 2.971425 0.033549
v 1.434800 3.014390 0.011431
v 1.420330 2.941645 0.011431
v 1.467529 2.993910 -0.153185
v 1.422117 2.972579 -0.131067
v 1.450501 3.041104 -0.131067
v 1.467529 2.993910 0.033549
v 1.450501 3.041104 0.011431
v 1.422117 2.972579 0.011431
v 1.478605 3.014632 -0.153185
v 1.429905 3.002571 -0.131067
v 1.471111 3.064241 -0.131067
v 1.478605 3.014632 0.033549
v 1.471111 3.064241 0.011431
v 1.429905 3.002571 0.011431
v 1.493511 3.032796 -0.153185
v 1.443394 3.030467 -0.131067
v 1.495840 3.082913 -0.131067
v 1.493511 3.032796 0.033549
v 1.495840 3.082913 0.011431
v 1.443394 3.030467 0.011431
v 1.511675 3.047702 -0.153185
v 1.462066 3.055196 -0.131067
v 1.523736 3.096402 -0.131067
v 1.511675 3.047702 0.033549
v 1.523736 3.096402 0.011431
v 1.462066 3.055196 0.011431
v 1.532397 3.058778 -0.153185
v 1.485203 3.075806 -0.131067
v 1.553728 3.104190 -0.131067
v 1.532397 3.058778 0.033549
v 1.553728 3.104190 0.011431
v 1.485203 3.075806 0.011431
v 1.554882 3.065599 -0.153185
v 1.511917 3.091507 -0.131067
v 1.584662 3.105977 -0.131067
v 1.554882 3.065599 0.033549
v 1.584662 3.105977 0.011431
v 1.511917 3.091507 0.011431
v 1.578266 3.067902 -0.153185
v 1.541181 3.101695 -0.131067
v 1.615351 3.101694 -0.131067
v 1.578266 3.067902 0.033549
v 1.615351 3.101694 0.011431
v 1.541181 3.101694 0.011431
v 1.601650 3.065599 -0.153185
v 1.571870 3.105977 -0.131067
v 1.644615 3.091507 -0.131067
v 1.601650 3.065599 0.033549
v 1.644615 3.091507 0.011431
v 1.571870 3.105977 0.011431
v 1.624135 3.058778 -0.153185
v 1.602805 3.104190 -0.131067
v 1.671329 3.075806 -0.131067
v 1.624135 3.058778 0.033549
v 1.671329 3.075806 0.011431
v 1.602805 3.104190 0.011431
v 1.644858 3.047702 -0.153185
v 1.632796 3.096402 -0.131067
v 1.694467 3.055196 -0.131067
v 1.644858 3.047702 0.033549
v 1.694467 3.055196 0.011431
v 1.632796 3.096402 0.011431
v 1.663021 3.032796 -0.153185
v 1.660693 3.082913 -0.131067
v 1.713139 3.030467 -0.131067
v 1.663021 3.032796 0.033549
v 1.713139 3.030467 0.011431
v 1.660693 3.082913 0.011431
v 1.677927 3.014632 -0.153185
v 1.685421 3.064241 -0.131067
v 1.726628 3.002571 -0.131067
v 1.677927 3.014632 0.033549
v 1.726628 3.002571 0.011431
v 1.685421 3.064241 0.011431
v 1.689004 2.993910 -0.153185
v 1.706032 3.041104 -0.131067
v 1.734415 2.972579 -0.131067
v 1.689004 2.993910 0.033549
v 1.734415 2.972579 0.011431
v 1.706032 3.041104 0.011431
v 1.695824 2.971425 -0.153185
v 1.721732 3.014390 -0.131067
v 1.736202 2.941645 -0.131067
v 1.695824 2.971425 0.033549
v 1.736202 2.941645 0.011431
v 1.721732 3.014390 0.011431
v 1.698127 2.948041 -0.153185
v 1.731920 2.985126 -0.131067
v 1.731920 2.910956 -0.131067
v 1.698127 2.948041 0.033549
v 1.731920 2.910956 0.011431
v 1.731920 2.985126 0.011431
v 1.695824 2.924657 -0.153185
v 1.736202 2.954437 -0.131067
v 1.721732 2.881692 -0.131067
v 1.695824 2.924657 0.033549
v 1.721732 2.881692 0.011431
v 1.736202 2.954437 0.011431
v 1.689003 2.902172 -0.153185
v 1.734415 2.923502 -0.131067
v 1.706032 2.854978 -0.131067
v 1.689003 2.902172 0.033549
v 1.706032 2.854978 0.011431
v 1.734415 2.923502 0.011431
v 1.677927 2.881449 -0.153185
v 1.726628 2.893511 -0.131067
v 1.685421 2.831841 -0.131067
v 1.677927 2.881449 0.033549
v 1.685421 2.831841 0.011431
v 1.726628 2.893511 0.011431
v 1.663021 2.863286 -0.153185
v 1.713139 2.865614 -0.131067
v 1.660692 2.813168 -0.131067
v 1.663021 2.863286 0.033549
v 1.660692 2.813168 0.011431
v 1.713139 2.865614 0.011431
v 1.644857 2.848380 -0.153185
v 1.694466 2.840886 -0.131067
v 1.632796 2.799679 -0.131067
v 1.644857 2.848380 0.033549
v 1.632796 2.799679 0.011431
v 1.694466 2.840886 0.011431
v 1.624135 2.837303 -0.153185
v 1.671329 2.820275 -0.131067
v 1.602804 2.791892 -0.131067
v 1.624135 2.837303 0.033549
v 1.602804 2.791892 0.011431
v 1.671329 2.820275 0.011431
v 1.601650 2.830483 -0.153185
v 1.644615 2.804575 -0.131067
v 1.571870 2.790105 -0.131067
v 1.601650 2.830483 0.033549
v 1.571870 2.790105 0.011431
v 1.644615 2.804575 0.011431
v 1.578266 6.749634 -0.158086
v 1.615028 6.712370 -0.139286
v 1.541504 6.712370 -0.139286
v 1.578266 2.612277 -0.158086
v 1.541504 2.649542 -0.139286
v 1.615028 2.649542 -0.139286
v 1.559384 6.749634 -0.159946
v 1.584339 6.712370 -0.135067
v 1.514395 6.712370 -0.148754
v 1.559384 2.612277 -0.159946
v 1.514395 2.649542 -0.148754
v 1.584339 2.649542 -0.135067
v 1.539375 6.749634 -0.166015
v 1.551250 6.712370 -0.137574
v 1.490377 6.712370 -0.162441
v 1.539375 2.612277 -0.166015
v 1.490377 2.649542 -0.162441
v 1.551250 2.649542 -0.137574
v 1.518748 6.749634 -0.177041
v 1.518562 6.712370 -0.147375
v 1.469033 6.712370 -0.180098
v 1.518748 2.612277 -0.177041
v 1.469033 2.649542 -0.180098
v 1.518562 2.649542 -0.147375
v 1.499121 6.749634 -0.193148
v 1.488872 6.712370 -0.163817
v 1.450715 6.712370 -0.201624
v 1.499121 2.612277 -0.193148
v 1.450715 2.649542 -0.201624
v 1.488872 2.649542 -0.163817
v 1.482166 6.749634 -0.213808
v 1.463789 6.712370 -0.185693
v 1.436202 6.712370 -0.226659
v 1.482166 2.612277 -0.213808
v 1.436202 2.649542 -0.226659
v 1.463789 2.649542 -0.185693
v 1.469182 6.749634 -0.238099
v 1.444203 6.712370 -0.211691
v 1.426331 6.712370 -0.254541
v 1.469182 2.612277 -0.238099
v 1.426331 2.649542 -0.254541
v 1.444203 2.649542 -0.211691
v 1.461053 6.749634 -0.264897
v 1.430586 6.712370 -0.240515
v 1.421808 6.712370 -0.284363
v 1.461053 2.612277 -0.264897
v 1.421808 2.649542 -0.284363
v 1.430586 2.649542 -0.240515
v 1.458288 6.749634 -0.292972
v 1.423135 6.712370 -0.270891
v 1.423135 6.712370 -0.315052
v 1.458288 2.612277 -0.292972
v 1.423135 2.649542 -0.315052
v 1.423135 2.649542 -0.270891
v 1.461053 6.749634 -0.321046
v 1.421808 6.712370 -0.301580
v 1.430586 6.712370 -0.345428
v 1.461053 2.612277 -0.321046
v 1.430586 2.649542 -0.345428
v 1.421808 2.649542 -0.301580
v 1.469182 6.749634 -0.347844
v 1.426331 6.712370 -0.331402
v 1.444203 6.712370 -0.374252
v 1.469182 2.612277 -0.347844
v 1.444203 2.649542 -0.374252
v 1.426331 2.649542 -0.331402
v 1.482166 6.749634 -0.372135
v 1.436202 6.712370 -0.359284
v 1.463789 6.712370 -0.400250
v 1.482166 2.612277 -0.372135
v 1.463789 2.649542 -0.400250
v 1.436202 2.649542 -0.359284
v 1.499121 6.749634 -0.392795
v 1.450715 6.712370 -0.384319
v 1.488872 6.712370 -0.422126
v 1.499121 2.612277 -0.392795
v 1.488872 2.649542 -0.422126
v 1.450715 2.649542 -0.384319
v 1.518748 6.749634 -0.408902
v 1.469033 6.712370 -0.405845
v 1.518562 6.712370 -0.438568
v 1.518748 2.612277 -0.408902
v 1.518562 2.649542 -0.438568
v 1.469033 2.649542 -0.405845
v 1.539375 6.749634 -0.419928
v 1.490377 6.712370 -0.423502
v 1.551250 6.712370 -0.448369
v 1.539375 2.612277 -0.419928
v 1.551250 2.649542 -0.448369
v 1.490377 2.649542 -0.423502
v 1.559384 6.749634 -0.425998
v 1.514395 6.712370 -0.437189
v 1.584339 6.712370 -0.450876
v 1.559384 2.612277 -0.425998
v 1.584339 2.649542 -0.450876
v 1.514395 2.649542 -0.437189
v 1.578266 6.749634 -0.427857
v 1.541504 6.712370 -0.446657
v 1.615028 6.712370 -0.446657
v 1.578266 2.612277 -0.427857
v 1.615028 2.649542 -0.446657
v 1.541504 2.649542 -0.446657
v 1.597148 6.749634 -0.425998
v 1.572193 6.712370 -0.450876
v 1.642137 6.712370 -0.437189
v 1.597148 2.612277 -0.425998
v 1.642137 2.649542 -0.437189
v 1.572193 2.649542 -0.450876
v 1.617157 6.749634 -0.419928
v 1.605283 6.712370 -0.448369
v 1.666155 6.712370 -0.423502
v 1.617157 2.612277 -0.419928
v 1.666155 2.649542 -0.423502
v 1.605283 2.649542 -0.448369
v 1.637784 6.749634 -0.408902
v 1.637970 6.712370 -0.438568
v 1.687499 6.712370 -0.405845
v 1.637784 2.612277 -0.408902
v 1.687499 2.649542 -0.405845
v 1.637970 2.649542 -0.438568
v 1.657411 6.749634 -0.392795
v 1.667660 6.712370 -0.422126
v 1.705817 6.712370 -0.384319
v 1.657411 2.612277 -0.392795
v 1.705817 2.649542 -0.384319
v 1.667660 2.649542 -0.422126
v 1.674366 6.749634 -0.372135
v 1.692743 6.712370 -0.400250
v 1.720330 6.712370 -0.359284
v 1.674366 2.612277 -0.372135
v 1.720330 2.649542 -0.359284
v 1.692743 2.649542 -0.400250
v 1.687350 6.749634 -0.347844
v 1.712329 6.712370 -0.374252
v 1.730201 6.712370 -0.331402
v 1.687350 2.612277 -0.347844
v 1.730201 2.649542 -0.331402
v 1.712329 2.649542 -0.374252
v 1.695479 6.749634 -0.321046
v 1.725946 6.712370 -0.345428
v 1.734724 6.712370 -0.301580
v 1.695479 2.612277 -0.321046
v 1.734724 2.649542 -0.301580
v 1.725946 2.649542 -0.345428
v 1.698244 6.749634 -0.292971
v 1.733397 6.712370 -0.315052
v 1.733397 6.712370 -0.270891
v 1.698244 2.612277 -0.292971
v 1.733397 2.649542 -0.270891
v 1.733397 2.649542 -0.315052
v 1.695479 6.749634 -0.264897
v 1.734724 6.712370 -0.284363
v 1.725946 6.712370 -0.240515
v 1.695479 2.612277 -0.264897
v 1.725946 2.649542 -0.240515
v 1.734724 2.649542 -0.284363
v 1.687350 6.749634 -0.238099
v 1.730201 6.712370 -0.254541
v 1.712329 6.712370 -0.211691
v 1.687350 2.612277 -0.238099
v 1.712329 2.649542 -0.211691
v 1.730201 2.649542 -0.254541
v 1.674366 6.749634 -0.213808
v 1.720330 6.712370 -0.226659
v 1.692742 6.712370 -0.185693
v 1.674366 2.612277 -0.213808
v 1.692742 2.649542 -0.185693
v 1.720330 2.649542 -0.226659
v 1.657411 6.749634 -0.193148
v 1.705817 6.712370 -0.201624
v 1.667660 6.712370 -0.163817
v 1.657411 2.612277 -0.193148
v 1.667660 2.649542 -0.163817
v 1.705817 2.649542 -0.201624
v 1.637784 6.749634 -0.177041
v 1.687498 6.712370 -0.180098
v 1.637969 6.712370 -0.147375
v 1.637784 2.612277 -0.177041
v 1.637969 2.649542 -0.147375
v 1.687498 2.649542 -0.180098
v 1.617157 6.749634 -0.166015
v 1.666155 6.712370 -0.162441
v 1.605282 6.712370 -0.137574
v 1.617157 2.612277 -0.166015
v 1.605282 2.649542 -0.137574
v 1.666155 2.649542 -0.162441
v 1.597147 6.749634 -0.159946
v 1.642137 6.712370 -0.148754
v 1.572193 6.712370 -0.135067
v 1.597147 2.612277 -0.159946
v 1.572193 2.649542 -0.135067
v 1.642137 2.649542 -0.148754
v 1.578266 6.297212 -0.153185
v 1.615351 6.263420 -0.131067
v 1.541181 6.263420 -0.131067
v 1.578266 6.297212 0.033549
v 1.541181 6.263420 0.011431
v 1.615351 6.263420 0.011431
v 1.554882 6.299515 -0.153185
v 1.584662 6.259137 -0.131067
v 1.511917 6.273607 -0.131067
v 1.554882 6.299515 0.033549
v 1.511917 6.273607 0.011431
v 1.584662 6.259137 0.011431
v 1.532397 6.306335 -0.153185
v 1.553727 6.260924 -0.131067
v 1.485203 6.289308 -0.131067
v 1.532397 6.306335 0.033549
v 1.485203 6.289308 0.011431
v 1.553727 6.260924 0.011431
v 1.511675 6.317412 -0.153185
v 1.523736 6.268712 -0.131067
v 1.462066 6.309918 -0.131067
v 1.511675 6.317412 0.033549
v 1.462066 6.309918 0.011431
v 1.523736 6.268712 0.011431
v 1.493511 6.332318 -0.153185
v 1.495840 6.282201 -0.131067
v 1.443393 6.334647 -0.131067
v 1.493511 6.332318 0.033549
v 1.443394 6.334647 0.011431
v 1.495840 6.282201 0.011431
v 1.478605 6.350482 -0.153185
v 1.471111 6.300873 -0.131067
v 1.429905 6.362543 -0.131067
v 1.478605 6.350482 0.033549
v 1.429905 6.362543 0.011431
v 1.471111 6.300873 0.011431
v 1.467528 6.371205 -0.153185
v 1.450500 6.324011 -0.131067
v 1.422117 6.392535 -0.131067
v 1.467528 6.371205 0.033549
v 1.422117 6.392535 0.011431
v 1.450500 6.324011 0.011431
v 1.460708 6.393689 -0.153185
v 1.434800 6.350724 -0.131067
v 1.420330 6.423470 -0.131067
v 1.460708 6.393689 0.033549
v 1.420330 6.423470 0.011431
v 1.434800 6.350724 0.011431
v 1.458405 6.417073 -0.153185
v 1.424613 6.379989 -0.131067
v 1.424613 6.454158 -0.131067
v 1.458405 6.417073 0.033549
v 1.424613 6.454158 0.011431
v 1.424613 6.379989 0.011431
v 1.460708 6.440457 -0.153185
v 1.420330 6.410677 -0.131067
v 1.434800 6.483422 -0.131067
v 1.460708 6.440457 0.033549
v 1.434800 6.483422 0.011431
v 1.420330 6.410677 0.011431
v 1.467529 6.462942 -0.153185
v 1.422117 6.441612 -0.131067
v 1.450500 6.510136 -0.131067
v 1.467529 6.462942 0.033549
v 1.450500 6.510136 0.011431
v 1.422117 6.441612 0.011431
v 1.478605 6.483665 -0.153185
v 1.429905 6.471603 -0.131067
v 1.471111 6.533274 -0.131067
v 1.478605 6.483665 0.033549
v 1.471111 6.533274 0.011431
v 1.429904 6.471603 0.011431
v 1.493511 6.501828 -0.153185
v 1.443394 6.499500 -0.131067
v 1.495840 6.551946 -0.131067
v 1.493511 6.501828 0.033549
v 1.495840 6.551946 0.011431
v 1.443393 6.499500 0.011431
v 1.511675 6.516734 -0.153185
v 1.462066 6.524228 -0.131067
v 1.523736 6.565435 -0.131067
v 1.511675 6.516734 0.033549
v 1.523736 6.565435 0.011431
v 1.462066 6.524228 0.011431
v 1.532397 6.527811 -0.153185
v 1.485203 6.544839 -0.131067
v 1.553728 6.573222 -0.131067
v 1.532397 6.527811 0.033549
v 1.553728 6.573222 0.011431
v 1.485203 6.544839 0.011431
v 1.554882 6.534632 -0.153185
v 1.511917 6.560539 -0.131067
v 1.584662 6.575009 -0.131067
v 1.554882 6.534632 0.033549
v 1.584662 6.575009 0.011431
v 1.511917 6.560539 0.011431
v 1.578266 6.536935 -0.153185
v 1.541181 6.570726 -0.131067
v 1.615351 6.570726 -0.131067
v 1.578266 6.536935 0.033549
v 1.615351 6.570726 0.011431
v 1.541181 6.570726 0.011431
v 1.601650 6.534632 -0.153185
v 1.571870 6.575009 -0.131067
v 1.644615 6.560539 -0.131067
v 1.601650 6.534632 0.033549
v 1.644615 6.560539 0.011431
v 1.571870 6.575009 0.011431
v 1.624134 6.527811 -0.153185
v 1.602805 6.573222 -0.131067
v 1.671329 6.544839 -0.131067
v 1.624134 6.527811 0.033549
v 1.671329 6.544839 0.011431
v 1.602805 6.573222 0.011431
v 1.644858 6.516734 -0.153185
v 1.632796 6.565435 -0.131067
v 1.694466 6.524228 -0.131067
v 1.644858 6.516734 0.033549
v 1.694466 6.524228 0.011431
v 1.632796 6.565435 0.011431
v 1.663020 6.501828 -0.153185
v 1.660692 6.551946 -0.131067
v 1.713139 6.499499 -0.131067
v 1.663020 6.501828 0.033549
v 1.713139 6.499499 0.011431
v 1.660692 6.551946 0.011431
v 1.677927 6.483665 -0.153185
v 1.685421 6.533274 -0.131067
v 1.726627 6.471603 -0.131067
v 1.677927 6.483665 0.033549
v 1.726627 6.471603 0.011431
v 1.685421 6.533274 0.011431
v 1.689003 6.462942 -0.153185
v 1.706032 6.510136 -0.131067
v 1.734415 6.441612 -0.131067
v 1.689003 6.462942 0.033549
v 1.734415 6.441612 0.011431
v 1.706032 6.510136 0.011431
v 1.695824 6.440457 -0.153185
v 1.721732 6.483422 -0.131067
v 1.736202 6.410677 -0.131067
v 1.695824 6.440457 0.033549
v 1.736202 6.410677 0.011431
v 1.721732 6.483422 0.011431
v 1.698127 6.417073 -0.153185
v 1.731920 6.454158 -0.131067
v 1.731919 6.379988 -0.131067
v 1.698127 6.417073 0.033549
v 1.731919 6.379988 0.011431
v 1.731920 6.454158 0.011431
v 1.695824 6.393689 -0.153185
v 1.736202 6.423470 -0.131067
v 1.721732 6.350724 -0.131067
v 1.695824 6.393689 0.033549
v 1.721732 6.350724 0.011431
v 1.736202 6.423470 0.011431
v 1.689003 6.371205 -0.153185
v 1.734415 6.392534 -0.131067
v 1.706031 6.324010 -0.131067
v 1.689003 6.371205 0.033549
v 1.706031 6.324010 0.011431
v 1.734415 6.392534 0.011431
v 1.677927 6.350482 -0.153185
v 1.726628 6.362543 -0.131067
v 1.685421 6.300873 -0.131067
v 1.677927 6.350482 0.033549
v 1.685421 6.300873 0.011431
v 1.726628 6.362543 0.011431
v 1.663020 6.332318 -0.153185
v 1.713138 6.334647 -0.131067
v 1.660692 6.282201 -0.131067
v 1.663020 6.332318 0.033549
v 1.660692 6.282201 0.011431
v 1.713138 6.334647 0.011431
v 1.644857 6.317412 -0.153185
v 1.694466 6.309918 -0.131067
v 1.632796 6.268712 -0.131067
v 1.644857 6.317412 0.033549
v 1.632796 6.268712 0.011431
v 1.694466 6.309918 0.011431
v 1.624135 6.306335 -0.153185
v 1.671329 6.289308 -0.131067
v 1.602804 6.260924 -0.131067
v 1.624135 6.306335 0.033549
v 1.602804 6.260924 0.011431
v 1.671329 6.289308 0.011431
v 1.601650 6.299515 -0.153185
v 1.644614 6.273607 -0.131067
v 1.571870 6.259137 -0.131067
v 1.601650 6.299515 0.033549
v 1.571870 6.259137 0.011431
v 1.644614 6.273607 0.011431
v 1.578266 2.828180 0.180530
v 1.541181 2.794387 0.158412
v 1.615351 2.794388 0.158412
v 1.578266 2.828180 -0.006205
v 1.615351 2.794387 0.015913
v 1.541181 2.794387 0.015913
v 1.601650 2.830483 0.180530
v 1.571870 2.790105 0.158412
v 1.644615 2.804575 0.158412
v 1.601650 2.830483 -0.006205
v 1.644615 2.804575 0.015913
v 1.571870 2.790105 0.015913
v 1.624135 2.837304 0.180530
v 1.602805 2.791892 0.158412
v 1.671329 2.820276 0.158412
v 1.624135 2.837304 -0.006205
v 1.671329 2.820276 0.015913
v 1.602805 2.791892 0.015913
v 1.644857 2.848380 0.180530
v 1.632796 2.799680 0.158412
v 1.694466 2.840886 0.158412
v 1.644857 2.848380 -0.006205
v 1.694466 2.840886 0.015913
v 1.632796 2.799680 0.015913
v 1.663021 2.863286 0.180530
v 1.660692 2.813169 0.158412
v 1.713138 2.865615 0.158412
v 1.663021 2.863286 -0.006205
v 1.713138 2.865615 0.015913
v 1.660692 2.813169 0.015913
v 1.677927 2.881450 0.180530
v 1.685421 2.831841 0.158412
v 1.726628 2.893511 0.158412
v 1.677927 2.881450 -0.006205
v 1.726628 2.893511 0.015913
v 1.685421 2.831841 0.015913
v 1.689003 2.902172 0.180530
v 1.706031 2.854978 0.158412
v 1.734415 2.923502 0.158412
v 1.689003 2.902172 -0.006205
v 1.734415 2.923502 0.015913
v 1.706031 2.854978 0.015913
v 1.695824 2.924657 0.180530
v 1.721732 2.881692 0.158412
v 1.736202 2.954437 0.158412
v 1.695824 2.924657 -0.006205
v 1.736202 2.954437 0.015913
v 1.721732 2.881692 0.015913
v 1.698127 2.948041 0.180530
v 1.731920 2.910956 0.158412
v 1.731920 2.985126 0.158412
v 1.698127 2.948041 -0.006205
v 1.731920 2.985126 0.015913
v 1.731920 2.910956 0.015913
v 1.695824 2.971425 0.180530
v 1.736202 2.941645 0.158412
v 1.721732 3.014390 0.158412
v 1.695824 2.971425 -0.006205
v 1.721732 3.014390 0.015913
v 1.736202 2.941645 0.015913
v 1.689003 2.993910 0.180530
v 1.734415 2.972579 0.158412
v 1.706031 3.041104 0.158412
v 1.689003 2.993910 -0.006205
v 1.706032 3.041104 0.015913
v 1.734415 2.972579 0.015913
v 1.677927 3.014632 0.180530
v 1.726628 3.002571 0.158412
v 1.685421 3.064241 0.158412
v 1.677927 3.014632 -0.006205
v 1.685421 3.064241 0.015913
v 1.726628 3.002571 0.015913
v 1.663021 3.032796 0.180530
v 1.713138 3.030467 0.158412
v 1.660692 3.082913 0.158412
v 1.663021 3.032796 -0.006205
v 1.660692 3.082913 0.015913
v 1.713138 3.030467 0.015913
v 1.644857 3.047702 0.180530
v 1.694466 3.055196 0.158412
v 1.632796 3.096402 0.158412
v 1.644857 3.047702 -0.006205
v 1.632796 3.096402 0.015913
v 1.694466 3.055196 0.015913
v 1.624135 3.058778 0.180530
v 1.671329 3.075806 0.158412
v 1.602805 3.104190 0.158412
v 1.624135 3.058778 -0.006205
v 1.602805 3.104190 0.015913
v 1.671329 3.075806 0.015913
v 1.601650 3.065599 0.180530
v 1.644615 3.091507 0.158412
v 1.571870 3.105977 0.158412
v 1.601650 3.065599 -0.006205
v 1.571870 3.105977 0.015913
v 1.644615 3.091507 0.015913
v 1.578266 3.067902 0.180530
v 1.615351 3.101695 0.158412
v 1.541181 3.101694 0.158412
v 1.578266 3.067902 -0.006205
v 1.541181 3.101694 0.015913
v 1.615351 3.101694 0.015913
v 1.554882 3.065599 0.180530
v 1.584662 3.105977 0.158412
v 1.511917 3.091507 0.158412
v 1.554882 3.065599 -0.006205
v 1.511917 3.091507 0.015913
v 1.584662 3.105977 0.015913
v 1.532397 3.058778 0.180530
v 1.553727 3.104190 0.158412
v 1.485203 3.075806 0.158412
v 1.532397 3.058778 -0.006205
v 1.485203 3.075806 0.015913
v 1.553727 3.104190 0.015913
v 1.511675 3.047702 0.180530
v 1.523736 3.096402 0.158412
v 1.462066 3.055196 0.158412
v 1.511675 3.047702 -0.006205
v 1.462066 3.055196 0.015913
v 1.523736 3.096402 0.015913
v 1.493511 3.032796 0.180530
v 1.495840 3.082913 0.158412
v 1.443393 3.030467 0.158412
v 1.493511 3.032796 -0.006205
v 1.443393 3.030467 0.015913
v 1.495840 3.082913 0.015913
v 1.478605 3.014632 0.180530
v 1.471111 3.064241 0.158412
v 1.429904 3.002571 0.158412
v 1.478605 3.014632 -0.006205
v 1.429904 3.002571 0.015913
v 1.471111 3.064241 0.015913
v 1.467529 2.993910 0.180530
v 1.450500 3.041104 0.158412
v 1.422117 2.972579 0.158412
v 1.467529 2.993910 -0.006205
v 1.422117 2.972579 0.015913
v 1.450500 3.041104 0.015913
v 1.460708 2.971425 0.180530
v 1.434800 3.014390 0.158412
v 1.420330 2.941645 0.158412
v 1.460708 2.971425 -0.006205
v 1.420330 2.941645 0.015913
v 1.434800 3.014390 0.015913
v 1.458405 2.948041 0.180530
v 1.424613 2.985126 0.158412
v 1.424613 2.910956 0.158412
v 1.458405 2.948041 -0.006205
v 1.424613 2.910956 0.015913
v 1.424613 2.985126 0.015913
v 1.460708 2.924657 0.180530
v 1.420330 2.954437 0.158412
v 1.434800 2.881692 0.158412
v 1.460708 2.924657 -0.006205
v 1.434800 2.881692 0.015913
v 1.420330 2.954437 0.015913
v 1.467529 2.902172 0.180530
v 1.422117 2.923502 0.158412
v 1.450501 2.854978 0.158412
v 1.467529 2.902172 -0.006205
v 1.450501 2.854978 0.015913
v 1.422117 2.923502 0.015913
v 1.478605 2.881449 0.180530
v 1.429904 2.893511 0.158412
v 1.471111 2.831841 0.158412
v 1.478605 2.881449 -0.006205
v 1.471111 2.831841 0.015913
v 1.429905 2.893511 0.015913
v 1.493511 2.863286 0.180530
v 1.443394 2.865614 0.158412
v 1.495840 2.813168 0.158412
v 1.493511 2.863286 -0.006205
v 1.495840 2.813168 0.015913
v 1.443394 2.865614 0.015913
v 1.511675 2.848380 0.180530
v 1.462066 2.840886 0.158412
v 1.523736 2.799679 0.158412
v 1.511675 2.848380 -0.006205
v 1.523736 2.799679 0.015913
v 1.462066 2.840886 0.015913
v 1.532397 2.837304 0.180530
v 1.485203 2.820275 0.158412
v 1.553728 2.791892 0.158412
v 1.532397 2.837303 -0.006205
v 1.553728 2.791892 0.015913
v 1.485204 2.820275 0.015913
v 1.554882 2.830483 0.180530
v 1.511917 2.804575 0.158412
v 1.584662 2.790105 0.158412
v 1.554882 2.830483 -0.006205
v 1.584662 2.790105 0.015913
v 1.511917 2.804575 0.015913
v 1.578266 6.749634 0.185431
v 1.541504 6.712370 0.166631
v 1.615028 6.712370 0.166631
v 1.578266 2.612277 0.185431
v 1.615028 2.649542 0.166631
v 1.541504 2.649542 0.166631
v 1.597148 6.749634 0.187290
v 1.572193 6.712370 0.162412
v 1.642137 6.712370 0.176098
v 1.597148 2.612277 0.187290
v 1.642137 2.649542 0.176098
v 1.572193 2.649542 0.162412
v 1.617157 6.749634 0.193360
v 1.605283 6.712370 0.164919
v 1.666155 6.712370 0.189786
v 1.617157 2.612277 0.193360
v 1.666155 2.649542 0.189786
v 1.605283 2.649542 0.164919
v 1.637784 6.749634 0.204385
v 1.637970 6.712370 0.174720
v 1.687499 6.712370 0.207443
v 1.637784 2.612277 0.204385
v 1.687499 2.649542 0.207443
v 1.637970 2.649542 0.174720
v 1.657411 6.749634 0.220493
v 1.667660 6.712370 0.191162
v 1.705817 6.712370 0.228968
v 1.657411 2.612277 0.220493
v 1.705817 2.649542 0.228968
v 1.667660 2.649542 0.191162
v 1.674366 6.749634 0.241153
v 1.692743 6.712370 0.213037
v 1.720330 6.712370 0.254004
v 1.674366 2.612277 0.241153
v 1.720330 2.649542 0.254004
v 1.692743 2.649542 0.213037
v 1.687350 6.749634 0.265444
v 1.712329 6.712370 0.239036
v 1.730201 6.712370 0.281886
v 1.687350 2.612277 0.265444
v 1.730201 2.649542 0.281886
v 1.712329 2.649542 0.239036
v 1.695479 6.749634 0.292242
v 1.725946 6.712370 0.267860
v 1.734724 6.712370 0.311708
v 1.695479 2.612277 0.292242
v 1.734724 2.649542 0.311708
v 1.725946 2.649542 0.267860
v 1.698244 6.749634 0.320316
v 1.733397 6.712370 0.298236
v 1.733397 6.712370 0.342396
v 1.698244 2.612277 0.320316
v 1.733397 2.649542 0.342396
v 1.733397 2.649542 0.298236
v 1.695479 6.749634 0.348391
v 1.734724 6.712370 0.328925
v 1.725946 6.712370 0.372773
v 1.695479 2.612277 0.348391
v 1.725946 2.649542 0.372773
v 1.734724 2.649542 0.328925
v 1.687350 6.749634 0.375189
v 1.730201 6.712370 0.358747
v 1.712329 6.712370 0.401597
v 1.687350 2.612277 0.375189
v 1.712329 2.649542 0.401597
v 1.730201 2.649542 0.358747
v 1.674366 6.749634 0.399480
v 1.720330 6.712370 0.386628
v 1.692743 6.712370 0.427595
v 1.674366 2.612277 0.399480
v 1.692743 2.649542 0.427595
v 1.720330 2.649542 0.386628
v 1.657411 6.749634 0.420140
v 1.705817 6.712370 0.411664
v 1.667660 6.712370 0.449470
v 1.657411 2.612277 0.420140
v 1.667660 2.649542 0.449470
v 1.705817 2.649542 0.411664
v 1.637784 6.749634 0.436247
v 1.687499 6.712370 0.433189
v 1.637970 6.712370 0.465913
v 1.637784 2.612277 0.436247
v 1.637970 2.649542 0.465913
v 1.687499 2.649542 0.433190
v 1.617157 6.749634 0.447273
v 1.666155 6.712370 0.450847
v 1.605283 6.712370 0.475714
v 1.617157 2.612277 0.447273
v 1.605283 2.649542 0.475714
v 1.666155 2.649542 0.450847
v 1.597148 6.749634 0.453342
v 1.642137 6.712370 0.464534
v 1.572193 6.712370 0.478220
v 1.597148 2.612277 0.453342
v 1.572193 2.649542 0.478220
v 1.642137 2.649542 0.464534
v 1.578266 6.749634 0.455202
v 1.615028 6.712370 0.474002
v 1.541504 6.712370 0.474002
v 1.578266 2.612277 0.455202
v 1.541504 2.649542 0.474002
v 1.615028 2.649542 0.474002
v 1.559385 6.749634 0.453342
v 1.584339 6.712370 0.478220
v 1.514395 6.712370 0.464534
v 1.559384 2.612277 0.453342
v 1.514395 2.649542 0.464534
v 1.584339 2.649542 0.478220
v 1.539375 6.749634 0.447273
v 1.551250 6.712370 0.475714
v 1.490377 6.712370 0.450847
v 1.539375 2.612277 0.447273
v 1.490377 2.649542 0.450847
v 1.551250 2.649542 0.475714
v 1.518748 6.749634 0.436247
v 1.518562 6.712370 0.465912
v 1.469033 6.712370 0.433189
v 1.518748 2.612277 0.436247
v 1.469033 2.649542 0.433189
v 1.518562 2.649542 0.465912
v 1.499121 6.749634 0.420140
v 1.488872 6.712370 0.449470
v 1.450715 6.712370 0.411664
v 1.499121 2.612277 0.420140
v 1.450715 2.649542 0.411664
v 1.488872 2.649542 0.449470
v 1.482166 6.749634 0.399480
v 1.463789 6.712370 0.427595
v 1.436202 6.712370 0.386628
v 1.482166 2.612277 0.399480
v 1.436202 2.649542 0.386628
v 1.463789 2.649542 0.427595
v 1.469182 6.749634 0.375189
v 1.444203 6.712370 0.401597
v 1.426331 6.712370 0.358747
v 1.469182 2.612277 0.375189
v 1.426331 2.649542 0.358747
v 1.444203 2.649542 0.401597
v 1.461053 6.749634 0.348391
v 1.430586 6.712370 0.372773
v 1.421808 6.712370 0.328925
v 1.461053 2.612277 0.348391
v 1.421808 2.649542 0.328925
v 1.430586 2.649542 0.372773
v 1.458288 6.749634 0.320316
v 1.423135 6.712370 0.342396
v 1.423135 6.712370 0.298236
v 1.458288 2.612277 0.320316
v 1.423135 2.649542 0.298236
v 1.423135 2.649542 0.342396
v 1.461053 6.749634 0.292242
v 1.421808 6.712370 0.311707
v 1.430586 6.712370 0.267859
v 1.461053 2.612277 0.292242
v 1.430586 2.649542 0.267859
v 1.421808 2.649542 0.311707
v 1.469182 6.749634 0.265444
v 1.426331 6.712370 0.281886
v 1.444203 6.712370 0.239035
v 1.469182 2.612277 0.265444
v 1.444203 2.649542 0.239035
v 1.426331 2.649542 0.281886
v 1.482166 6.749634 0.241152
v 1.436202 6.712370 0.254004
v 1.463790 6.712370 0.213037
v 1.482166 2.612277 0.241152
v 1.463790 2.649542 0.213037
v 1.436202 2.649542 0.254004
v 1.499121 6.749634 0.220493
v 1.450715 6.712370 0.228968
v 1.488872 6.712370 0.191162
v 1.499121 2.612277 0.220493
v 1.488872 2.649542 0.191162
v 1.450715 2.649542 0.228968
v 1.518748 6.749634 0.204385
v 1.469034 6.712370 0.207443
v 1.518563 6.712370 0.174720
v 1.518748 2.612277 0.204385
v 1.518563 2.649542 0.174720
v 1.469034 2.649542 0.207443
v 1.539376 6.749634 0.193360
v 1.490377 6.712370 0.189785
v 1.551250 6.712370 0.164919
v 1.539376 2.612277 0.193360
v 1.551250 2.649542 0.164919
v 1.490377 2.649542 0.189785
v 1.559385 6.749634 0.187290
v 1.514395 6.712370 0.176098
v 1.584339 6.712370 0.162412
v 1.559385 2.612277 0.187290
v 1.584339 2.649542 0.162412
v 1.514395 2.649542 0.176098
v 1.578266 6.297212 0.180530
v 1.541181 6.263420 0.158412
v 1.615351 6.263420 0.158412
v 1.578266 6.297212 -0.006205
v 1.615351 6.263420 0.015913
v 1.541181 6.263420 0.015913
v 1.601650 6.299515 0.180530
v 1.571870 6.259137 0.158412
v 1.644615 6.273607 0.158412
v 1.601650 6.299515 -0.006205
v 1.644615 6.273607 0.015913
v 1.571870 6.259137 0.015913
v 1.624135 6.306335 0.180530
v 1.602805 6.260924 0.158412
v 1.671329 6.289308 0.158412
v 1.624135 6.306335 -0.006205
v 1.671329 6.289308 0.015913
v 1.602805 6.260924 0.015913
v 1.644858 6.317412 0.180530
v 1.632796 6.268712 0.158412
v 1.694466 6.309918 0.158412
v 1.644858 6.317412 -0.006205
v 1.694466 6.309918 0.015913
v 1.632796 6.268712 0.015913
v 1.663021 6.332318 0.180530
v 1.660693 6.282201 0.158412
v 1.713139 6.334647 0.158412
v 1.663021 6.332318 -0.006205
v 1.713139 6.334647 0.015913
v 1.660692 6.282201 0.015913
v 1.677927 6.350482 0.180530
v 1.685421 6.300873 0.158412
v 1.726628 6.362543 0.158412
v 1.677927 6.350482 -0.006205
v 1.726628 6.362543 0.015913
v 1.685421 6.300873 0.015913
v 1.689004 6.371205 0.180530
v 1.706032 6.324011 0.158412
v 1.734415 6.392535 0.158412
v 1.689004 6.371205 -0.006205
v 1.734415 6.392535 0.015913
v 1.706032 6.324011 0.015913
v 1.695824 6.393689 0.180530
v 1.721732 6.350724 0.158412
v 1.736202 6.423470 0.158412
v 1.695824 6.393689 -0.006205
v 1.736202 6.423470 0.015913
v 1.721732 6.350724 0.015913
v 1.698127 6.417073 0.180530
v 1.731920 6.379989 0.158412
v 1.731920 6.454158 0.158412
v 1.698127 6.417073 -0.006205
v 1.731920 6.454158 0.015913
v 1.731920 6.379989 0.015913
v 1.695824 6.440457 0.180530
v 1.736202 6.410677 0.158412
v 1.721732 6.483422 0.158412
v 1.695824 6.440457 -0.006205
v 1.721732 6.483422 0.015913
v 1.736202 6.410677 0.015913
v 1.689004 6.462942 0.180530
v 1.734415 6.441612 0.158412
v 1.706032 6.510136 0.158412
v 1.689004 6.462942 -0.006205
v 1.706032 6.510136 0.015913
v 1.734415 6.441612 0.015913
v 1.677927 6.483665 0.180530
v 1.726628 6.471603 0.158412
v 1.685421 6.533274 0.158412
v 1.677927 6.483665 -0.006205
v 1.685421 6.533274 0.015913
v 1.726628 6.471603 0.015913
v 1.663021 6.501828 0.180530
v 1.713139 6.499500 0.158412
v 1.660692 6.551946 0.158412
v 1.663021 6.501828 -0.006205
v 1.660693 6.551946 0.015913
v 1.713139 6.499500 0.015913
v 1.644858 6.516734 0.180530
v 1.694466 6.524228 0.158412
v 1.632796 6.565435 0.158412
v 1.644858 6.516734 -0.006205
v 1.632796 6.565435 0.015913
v 1.694466 6.524228 0.015913
v 1.624135 6.527811 0.180530
v 1.671329 6.544839 0.158412
v 1.602805 6.573222 0.158412
v 1.624135 6.527811 -0.006205
v 1.602805 6.573222 0.015913
v 1.671329 6.544839 0.015913
v 1.601650 6.534632 0.180530
v 1.644615 6.560539 0.158412
v 1.571870 6.575009 0.158412
v 1.601650 6.534632 -0.006205
v 1.571870 6.575009 0.015913
v 1.644615 6.560539 0.015913
v 1.578266 6.536935 0.180530
v 1.615351 6.570726 0.158412
v 1.541181 6.570726 0.158412
v 1.578266 6.536935 -0.006205
v 1.541181 6.570726 0.015913
v 1.615351 6.570726 0.015913
v 1.554882 6.534632 0.180530
v 1.584662 6.575009 0.158412
v 1.511917 6.560539 0.158412
v 1.554882 6.534632 -0.006205
v 1.511917 6.560539 0.015913
v 1.584662 6.575009 0.015913
v 1.532398 6.527811 0.180530
v 1.553728 6.573222 0.158412
v 1.485203 6.544839 0.158412
v 1.532398 6.527811 -0.006205
v 1.485203 6.544839 0.015913
v 1.553728 6.573222 0.015913
v 1.511674 6.516734 0.180530
v 1.523736 6.565435 0.158412
v 1.462066 6.524228 0.158412
v 1.511674 6.516734 -0.006205
v 1.462066 6.524228 0.015913
v 1.523736 6.565435 0.015913
v 1.493512 6.501828 0.180530
v 1.495840 6.551946 0.158412
v 1.443393 6.499499 0.158412
v 1.493512 6.501828 -0.006205
v 1.443393 6.499499 0.015913
v 1.495840 6.551946 0.015913
v 1.478605 6.483665 0.180530
v 1.471111 6.533274 0.158412
v 1.429905 6.471603 0.158412
v 1.478605 6.483665 -0.006205
v 1.429905 6.471603 0.015913
v 1.471111 6.533274 0.015913
v 1.467529 6.462942 0.180530
v 1.450500 6.510136 0.158412
v 1.422117 6.441612 0.158412
v 1.467529 6.462942 -0.006205
v 1.422117 6.441612 0.015913
v 1.450500 6.510136 0.015913
v 1.460708 6.440457 0.180530
v 1.434800 6.483422 0.158412
v 1.420330 6.410677 0.158412
v 1.460708 6.440457 -0.006205
v 1.420330 6.410677 0.015913
v 1.434800 6.483422 0.015913
v 1.458405 6.417073 0.180530
v 1.424613 6.454158 0.158412
v 1.424613 6.379988 0.158412
v 1.458405 6.417073 -0.006205
v 1.424613 6.379988 0.015913
v 1.424613 6.454158 0.015913
v 1.460708 6.393689 0.180530
v 1.420330 6.423470 0.158412
v 1.434800 6.350724 0.158412
v 1.460708 6.393689 -0.006205
v 1.434800 6.350724 0.015913
v 1.420330 6.423470 0.015913
v 1.467529 6.371205 0.180530
v 1.422117 6.392534 0.158412
v 1.450501 6.324010 0.158412
v 1.467529 6.371205 -0.006205
v 1.450501 6.324010 0.015913
v 1.422117 6.392534 0.015913
v 1.478606 6.350482 0.180530
v 1.429905 6.362543 0.158412
v 1.471111 6.300873 0.158412
v 1.478606 6.350482 -0.006205
v 1.471111 6.300873 0.015913
v 1.429905 6.362543 0.015913
v 1.493512 6.332318 0.180530
v 1.443394 6.334647 0.158412
v 1.495840 6.282201 0.158412
v 1.493512 6.332318 -0.006205
v 1.495840 6.282201 0.015913
v 1.443394 6.334647 0.015913
v 1.511675 6.317412 0.180530
v 1.462066 6.309918 0.158412
v 1.523736 6.268712 0.158412
v 1.511675 6.317412 -0.006205
v 1.523736 6.268712 0.015913
v 1.462066 6.309918 0.015913
v 1.532398 6.306335 0.180530
v 1.485204 6.289308 0.158412
v 1.553728 6.260924 0.158412
v 1.532398 6.306335 -0.006205
v 1.553728 6.260924 0.015913
v 1.485204 6.289308 0.015913
v 1.554883 6.299515 0.180530
v 1.511918 6.273607 0.158412
v 1.584663 6.259137 0.158412
v 1.554883 6.299515 -0.006205
v 1.584663 6.259137 0.015913
v 1.511918 6.273607 0.015913
vt 0.501031 0.441059
vt 0.501031 0.499087
vt 0.494024 0.499087
vt 0.494024 0.441059
vt 0.514996 0.441059
vt 0.514996 0.499088
vt 0.508787 0.499087
vt 0.508787 0.441059
vt 0.518724 0.441059
vt 0.518724 0.499088
vt 0.513282 0.499088
vt 0.513282 0.441059
vt 0.792684 0.441059
vt 0.792684 0.499088
vt 0.798127 0.499088
vt 0.798127 0.441059
vt 0.788189 0.441059
vt 0.788189 0.499088
vt 0.794398 0.499087
vt 0.794398 0.441059
vt 0.783357 0.441059
vt 0.783357 0.499088
vt 0.790094 0.499088
vt 0.790094 0.441059
vt 0.778372 0.441059
vt 0.778372 0.499087
vt 0.785378 0.499087
vt 0.785378 0.441059
vt 0.773427 0.441059
vt 0.773427 0.499087
vt 0.780433 0.499087
vt 0.780433 0.441059
vt 0.768712 0.441059
vt 0.768712 0.499087
vt 0.775449 0.499087
vt 0.775449 0.441059
vt 0.764407 0.441059
vt 0.764407 0.499087
vt 0.770616 0.499088
vt 0.770616 0.441059
vt 0.760679 0.441059
vt 0.760679 0.499088
vt 0.766121 0.499088
vt 0.766121 0.441059
vt 0.513282 0.441059
vt 0.513282 0.499088
vt 0.518724 0.499088
vt 0.518724 0.441059
vt 0.508787 0.441059
vt 0.508787 0.499088
vt 0.514996 0.499088
vt 0.514996 0.441059
vt 0.503954 0.441059
vt 0.503954 0.499087
vt 0.510691 0.499087
vt 0.510691 0.441059
vt 0.498969 0.441059
vt 0.498969 0.499088
vt 0.505976 0.499088
vt 0.505976 0.441059
vt 0.494024 0.441059
vt 0.494024 0.499088
vt 0.501031 0.499088
vt 0.501031 0.441059
vt 0.489309 0.441059
vt 0.489309 0.499088
vt 0.496046 0.499088
vt 0.496046 0.441059
vt 0.485004 0.441059
vt 0.485004 0.499088
vt 0.491213 0.499088
vt 0.491213 0.441059
vt 0.481276 0.441059
vt 0.481276 0.499088
vt 0.486718 0.499088
vt 0.486718 0.441059
vt 0.766121 0.441059
vt 0.766121 0.499088
vt 0.760679 0.499088
vt 0.760679 0.441059
vt 0.770616 0.441059
vt 0.770616 0.499088
vt 0.764407 0.499088
vt 0.764407 0.441059
vt 0.775449 0.441059
vt 0.775449 0.499087
vt 0.768712 0.499087
vt 0.768712 0.441059
vt 0.780433 0.441059
vt 0.780433 0.499088
vt 0.773427 0.499088
vt 0.773427 0.441059
vt 0.785378 0.441059
vt 0.785378 0.499088
vt 0.778372 0.499087
vt 0.778372 0.441059
vt 0.790094 0.441059
vt 0.790094 0.499088
vt 0.783357 0.499087
vt 0.783357 0.441059
vt 0.794398 0.441059
vt 0.794398 0.499088
vt 0.788189 0.499088
vt 0.788189 0.441059
vt 0.798127 0.441059
vt 0.798126 0.499088
vt 0.792684 0.499088
vt 0.792684 0.441059
vt 0.486718 0.441059
vt 0.486718 0.499088
vt 0.481276 0.499088
vt 0.481276 0.441059
vt 0.491213 0.441059
vt 0.491213 0.499088
vt 0.485005 0.499087
vt 0.485005 0.441059
vt 0.496046 0.441059
vt 0.496046 0.499088
vt 0.489309 0.499087
vt 0.489309 0.441059
vt 0.510691 0.441059
vt 0.510691 0.499088
vt 0.503954 0.499087
vt 0.503954 0.441059
vt 0.500000 0.430057
vt 0.503042 0.429300
vt 0.506267 0.426828
vt 0.509590 0.422338
vt 0.512753 0.415779
vt 0.515485 0.407366
vt 0.517577 0.397474
vt 0.518887 0.386561
vt 0.519332 0.375129
vt 0.518887 0.363696
vt 0.517577 0.352784
vt 0.515485 0.342892
vt 0.512753 0.334479
vt 0.509590 0.327919
vt 0.506267 0.323430
vt 0.503042 0.320958
vt 0.500000 0.320201
vt 0.496958 0.320958
vt 0.493733 0.323430
vt 0.490410 0.327919
vt 0.487247 0.334479
vt 0.484515 0.342892
vt 0.482423 0.352784
vt 0.481113 0.363696
vt 0.480668 0.375129
vt 0.481113 0.386561
vt 0.482423 0.397474
vt 0.484515 0.407366
vt 0.487247 0.415779
vt 0.490410 0.422338
vt 0.493733 0.426828
vt 0.496958 0.429300
vt 0.503768 0.947518
vt 0.500000 0.948074
vt 0.496232 0.947518
vt 0.492609 0.945869
vt 0.489270 0.943192
vt 0.486343 0.939589
vt 0.483941 0.935199
vt 0.482156 0.930191
vt 0.481057 0.924756
vt 0.480686 0.919104
vt 0.481057 0.913452
vt 0.482156 0.908017
vt 0.483941 0.903009
vt 0.486343 0.898619
vt 0.489270 0.895016
vt 0.492609 0.892339
vt 0.496232 0.890690
vt 0.500000 0.890134
vt 0.503768 0.890690
vt 0.507391 0.892339
vt 0.510730 0.895016
vt 0.513657 0.898619
vt 0.516059 0.903009
vt 0.517843 0.908018
vt 0.518943 0.913452
vt 0.519314 0.919104
vt 0.518943 0.924756
vt 0.517843 0.930191
vt 0.516059 0.935199
vt 0.513657 0.939589
vt 0.510730 0.943192
vt 0.507391 0.945869
vt 0.505976 0.441059
vt 0.505976 0.499088
vt 0.498969 0.499087
vt 0.498969 0.441059
vt 0.500979 0.009265
vt 0.500979 0.991251
vt 0.494076 0.991251
vt 0.494076 0.009265
vt 0.514162 0.009265
vt 0.514162 0.991251
vt 0.509620 0.991251
vt 0.509620 0.009265
vt 0.172843 0.421093
vt 0.827501 0.421093
vt 0.827501 0.427723
vt 0.172843 0.427723
vt 0.172843 0.412327
vt 0.827501 0.412327
vt 0.827501 0.418815
vt 0.172843 0.418815
vt 0.172843 0.402132
vt 0.827501 0.402132
vt 0.827501 0.408228
vt 0.172843 0.408228
vt 0.172843 0.390778
vt 0.827501 0.390778
vt 0.827501 0.396490
vt 0.172843 0.396490
vt 0.172843 0.378634
vt 0.827501 0.378634
vt 0.827501 0.384120
vt 0.172843 0.384120
vt 0.172843 0.366137
vt 0.827501 0.366137
vt 0.827501 0.371623
vt 0.172843 0.371623
vt 0.172843 0.353767
vt 0.827501 0.353767
vt 0.827501 0.359479
vt 0.172843 0.359479
vt 0.172843 0.342030
vt 0.827501 0.342030
vt 0.827501 0.348125
vt 0.172843 0.348125
vt 0.172843 0.331443
vt 0.827501 0.331443
vt 0.827501 0.337930
vt 0.172843 0.337930
vt 0.172843 0.322535
vt 0.827501 0.322535
vt 0.827501 0.329165
vt 0.172843 0.329165
vt 0.509620 0.009265
vt 0.509620 0.991251
vt 0.514162 0.991251
vt 0.514162 0.009265
vt 0.504353 0.009265
vt 0.504353 0.991251
vt 0.510292 0.991251
vt 0.510292 0.009265
vt 0.499021 0.009265
vt 0.499021 0.991251
vt 0.505924 0.991251
vt 0.505924 0.009265
vt 0.494076 0.009265
vt 0.494076 0.991251
vt 0.500979 0.991251
vt 0.500979 0.009265
vt 0.489708 0.009265
vt 0.489708 0.991251
vt 0.495647 0.991251
vt 0.495647 0.009265
vt 0.485838 0.009265
vt 0.485838 0.991251
vt 0.490380 0.991251
vt 0.490380 0.009265
vt 0.172843 0.329165
vt 0.827501 0.329165
vt 0.827501 0.322535
vt 0.172843 0.322535
vt 0.172843 0.337930
vt 0.827501 0.337930
vt 0.827501 0.331443
vt 0.172843 0.331443
vt 0.172843 0.348125
vt 0.827501 0.348125
vt 0.827501 0.342030
vt 0.172843 0.342030
vt 0.172843 0.359479
vt 0.827501 0.359479
vt 0.827501 0.353767
vt 0.172843 0.353767
vt 0.172843 0.371623
vt 0.827501 0.371623
vt 0.827501 0.366137
vt 0.172843 0.366137
vt 0.172843 0.384120
vt 0.827501 0.384120
vt 0.827501 0.378634
vt 0.172843 0.378634
vt 0.172843 0.396490
vt 0.827501 0.396490
vt 0.827501 0.390779
vt 0.172843 0.390778
vt 0.172843 0.408228
vt 0.827501 0.408228
vt 0.827501 0.402132
vt 0.172843 0.402132
vt 0.172843 0.418815
vt 0.827501 0.418815
vt 0.827501 0.412327
vt 0.172843 0.412327
vt 0.172843 0.427723
vt 0.827501 0.427723
vt 0.827501 0.421093
vt 0.172843 0.421093
vt 0.490380 0.009265
vt 0.490380 0.991251
vt 0.485838 0.991251
vt 0.485838 0.009265
vt 0.495647 0.009265
vt 0.495647 0.991251
vt 0.489708 0.991251
vt 0.489708 0.009265
vt 0.510292 0.009265
vt 0.510292 0.991251
vt 0.504353 0.991251
vt 0.504353 0.009265
vt 0.500000 0.109609
vt 0.503768 0.109052
vt 0.507391 0.107404
vt 0.510730 0.104726
vt 0.513657 0.101124
vt 0.516059 0.096733
vt 0.517843 0.091725
vt 0.518943 0.086290
vt 0.519314 0.080638
vt 0.518943 0.074986
vt 0.517844 0.069552
vt 0.516059 0.064543
vt 0.513657 0.060153
vt 0.510730 0.056550
vt 0.507391 0.053873
vt 0.503768 0.052224
vt 0.500000 0.051668
vt 0.496232 0.052224
vt 0.492609 0.053873
vt 0.489270 0.056550
vt 0.486343 0.060153
vt 0.483941 0.064543
vt 0.482157 0.069552
vt 0.481057 0.074986
vt 0.480686 0.080638
vt 0.481057 0.086290
vt 0.482156 0.091725
vt 0.483941 0.096733
vt 0.486343 0.101124
vt 0.489270 0.104726
vt 0.492609 0.107403
vt 0.496232 0.109052
vt 0.503043 0.429300
vt 0.500000 0.430057
vt 0.496958 0.429300
vt 0.493733 0.426828
vt 0.490410 0.422338
vt 0.487247 0.415779
vt 0.484515 0.407366
vt 0.482423 0.397474
vt 0.481113 0.386561
vt 0.480668 0.375129
vt 0.481113 0.363696
vt 0.482423 0.352784
vt 0.484515 0.342892
vt 0.487247 0.334479
vt 0.490410 0.327920
vt 0.493733 0.323430
vt 0.496958 0.320958
vt 0.500000 0.320201
vt 0.503043 0.320958
vt 0.506267 0.323430
vt 0.509590 0.327919
vt 0.512753 0.334479
vt 0.515485 0.342892
vt 0.517577 0.352784
vt 0.518887 0.363696
vt 0.519332 0.375129
vt 0.518887 0.386561
vt 0.517577 0.397474
vt 0.515485 0.407366
vt 0.512753 0.415779
vt 0.509590 0.422338
vt 0.506267 0.426828
vt 0.505924 0.009265
vt 0.505924 0.991251
vt 0.499022 0.991251
vt 0.499021 0.009265
vt 0.501031 0.441059
vt 0.501031 0.499087
vt 0.494024 0.499087
vt 0.494024 0.441059
vt 0.514996 0.441059
vt 0.514996 0.499087
vt 0.508787 0.499087
vt 0.508787 0.441059
vt 0.518724 0.441059
vt 0.518724 0.499087
vt 0.513282 0.499087
vt 0.513282 0.441059
vt 0.233707 0.441059
vt 0.233707 0.499087
vt 0.239149 0.499087
vt 0.239149 0.441059
vt 0.229212 0.441059
vt 0.229212 0.499087
vt 0.235421 0.499087
vt 0.235421 0.441059
vt 0.224379 0.441059
vt 0.224379 0.499087
vt 0.231116 0.499087
vt 0.231116 0.441059
vt 0.219395 0.441059
vt 0.219395 0.499087
vt 0.226401 0.499087
vt 0.226401 0.441059
vt 0.214450 0.441059
vt 0.214450 0.499087
vt 0.221456 0.499087
vt 0.221456 0.441059
vt 0.209734 0.441059
vt 0.209734 0.499087
vt 0.216471 0.499087
vt 0.216471 0.441059
vt 0.205430 0.441059
vt 0.205430 0.499087
vt 0.211639 0.499087
vt 0.211639 0.441059
vt 0.201702 0.441059
vt 0.201702 0.499087
vt 0.207144 0.499087
vt 0.207144 0.441059
vt 0.513282 0.441059
vt 0.513282 0.499087
vt 0.518724 0.499087
vt 0.518724 0.441059
vt 0.508787 0.441059
vt 0.508787 0.499087
vt 0.514996 0.499087
vt 0.514996 0.441059
vt 0.503954 0.441059
vt 0.503954 0.499087
vt 0.510691 0.499087
vt 0.510691 0.441059
vt 0.498969 0.441059
vt 0.498969 0.499087
vt 0.505976 0.499087
vt 0.505976 0.441059
vt 0.494024 0.441059
vt 0.494024 0.499087
vt 0.501031 0.499087
vt 0.501031 0.441059
vt 0.489309 0.441059
vt 0.489309 0.499087
vt 0.496046 0.499087
vt 0.496046 0.441059
vt 0.485004 0.441059
vt 0.485004 0.499087
vt 0.491213 0.499087
vt 0.491213 0.441059
vt 0.481276 0.441059
vt 0.481276 0.499087
vt 0.486718 0.499087
vt 0.486718 0.441059
vt 0.207144 0.441059
vt 0.207144 0.499087
vt 0.201702 0.499087
vt 0.201702 0.441059
vt 0.211639 0.441059
vt 0.211639 0.499087
vt 0.205430 0.499087
vt 0.205430 0.441059
vt 0.216471 0.441059
vt 0.216471 0.499087
vt 0.209735 0.499087
vt 0.209735 0.441059
vt 0.221456 0.441059
vt 0.221456 0.499087
vt 0.214450 0.499087
vt 0.214450 0.441059
vt 0.226401 0.441059
vt 0.226401 0.499087
vt 0.219395 0.499087
vt 0.219395 0.441059
vt 0.231117 0.441059
vt 0.231117 0.499087
vt 0.224380 0.499087
vt 0.224380 0.441059
vt 0.235421 0.441059
vt 0.235421 0.499087
vt 0.229212 0.499087
vt 0.229212 0.441059
vt 0.239149 0.441059
vt 0.239149 0.499087
vt 0.233707 0.499087
vt 0.233707 0.441059
vt 0.486718 0.441059
vt 0.486718 0.499087
vt 0.481276 0.499087
vt 0.481276 0.441059
vt 0.491213 0.441059
vt 0.491213 0.499087
vt 0.485005 0.499087
vt 0.485004 0.441059
vt 0.496046 0.441059
vt 0.496046 0.499087
vt 0.489309 0.499087
vt 0.489309 0.441059
vt 0.510691 0.441059
vt 0.510691 0.499087
vt 0.503954 0.499087
vt 0.503954 0.441059
vt 0.500000 0.948075
vt 0.496232 0.947518
vt 0.492609 0.945869
vt 0.489270 0.943192
vt 0.486343 0.939589
vt 0.483941 0.935199
vt 0.482157 0.930191
vt 0.481057 0.924756
vt 0.480686 0.919104
vt 0.481058 0.913452
vt 0.482157 0.908018
vt 0.483941 0.903009
vt 0.486343 0.898619
vt 0.489270 0.895016
vt 0.492609 0.892339
vt 0.496232 0.890690
vt 0.500000 0.890134
vt 0.503768 0.890690
vt 0.507391 0.892339
vt 0.510730 0.895016
vt 0.513657 0.898619
vt 0.516059 0.903009
vt 0.517844 0.908018
vt 0.518943 0.913452
vt 0.519314 0.919104
vt 0.518943 0.924756
vt 0.517843 0.930191
vt 0.516059 0.935199
vt 0.513657 0.939589
vt 0.510730 0.943192
vt 0.507391 0.945869
vt 0.503768 0.947518
vt 0.503768 0.109052
vt 0.500000 0.109609
vt 0.496232 0.109052
vt 0.492609 0.107403
vt 0.489270 0.104726
vt 0.486343 0.101124
vt 0.483941 0.096733
vt 0.482157 0.091725
vt 0.481058 0.086290
vt 0.480686 0.080638
vt 0.481057 0.074986
vt 0.482157 0.069552
vt 0.483941 0.064543
vt 0.486343 0.060153
vt 0.489270 0.056550
vt 0.492609 0.053873
vt 0.496232 0.052224
vt 0.500000 0.051668
vt 0.503768 0.052224
vt 0.507391 0.053873
vt 0.510730 0.056550
vt 0.513657 0.060153
vt 0.516059 0.064543
vt 0.517844 0.069552
vt 0.518943 0.074986
vt 0.519314 0.080638
vt 0.518943 0.086290
vt 0.517843 0.091725
vt 0.516059 0.096733
vt 0.513657 0.101124
vt 0.510730 0.104726
vt 0.507391 0.107404
vt 0.505976 0.441059
vt 0.505976 0.499087
vt 0.498969 0.499087
vt 0.498969 0.441059
vt 0.498969 0.558941
vt 0.498969 0.500913
vt 0.505976 0.500913
vt 0.505976 0.558941
vt 0.485005 0.558941
vt 0.485005 0.500913
vt 0.491213 0.500913
vt 0.491213 0.558941
vt 0.481276 0.558941
vt 0.481276 0.500913
vt 0.486718 0.500913
vt 0.486718 0.558941
vt 0.792684 0.558941
vt 0.792684 0.500913
vt 0.798127 0.500913
vt 0.798127 0.558941
vt 0.788189 0.558941
vt 0.788189 0.500913
vt 0.794398 0.500913
vt 0.794398 0.558941
vt 0.783357 0.558941
vt 0.783357 0.500913
vt 0.790094 0.500913
vt 0.790094 0.558941
vt 0.778372 0.558941
vt 0.778372 0.500913
vt 0.785378 0.500913
vt 0.785378 0.558941
vt 0.773427 0.558941
vt 0.773427 0.500913
vt 0.780433 0.500913
vt 0.780433 0.558941
vt 0.768712 0.558941
vt 0.768712 0.500912
vt 0.775449 0.500913
vt 0.775449 0.558941
vt 0.764407 0.558941
vt 0.764407 0.500912
vt 0.770616 0.500913
vt 0.770616 0.558941
vt 0.760679 0.558941
vt 0.760679 0.500913
vt 0.766121 0.500913
vt 0.766121 0.558941
vt 0.486718 0.558941
vt 0.486718 0.500913
vt 0.481276 0.500913
vt 0.481276 0.558941
vt 0.491213 0.558941
vt 0.491213 0.500913
vt 0.485005 0.500912
vt 0.485004 0.558941
vt 0.496046 0.558941
vt 0.496046 0.500913
vt 0.489309 0.500913
vt 0.489309 0.558941
vt 0.501031 0.558941
vt 0.501031 0.500913
vt 0.494024 0.500913
vt 0.494024 0.558941
vt 0.505976 0.558941
vt 0.505976 0.500913
vt 0.498969 0.500913
vt 0.498969 0.558941
vt 0.510691 0.558941
vt 0.510691 0.500913
vt 0.503954 0.500913
vt 0.503954 0.558941
vt 0.514996 0.558941
vt 0.514996 0.500913
vt 0.508787 0.500913
vt 0.508787 0.558941
vt 0.518724 0.558941
vt 0.518724 0.500913
vt 0.513282 0.500913
vt 0.513282 0.558941
vt 0.766121 0.558941
vt 0.766121 0.500913
vt 0.760679 0.500912
vt 0.760679 0.558941
vt 0.770616 0.558941
vt 0.770616 0.500913
vt 0.764407 0.500913
vt 0.764407 0.558941
vt 0.775449 0.558941
vt 0.775449 0.500913
vt 0.768712 0.500912
vt 0.768712 0.558941
vt 0.780433 0.558941
vt 0.780433 0.500913
vt 0.773427 0.500913
vt 0.773427 0.558941
vt 0.785378 0.558941
vt 0.785378 0.500913
vt 0.778372 0.500913
vt 0.778372 0.558941
vt 0.790094 0.558941
vt 0.790094 0.500913
vt 0.783357 0.500913
vt 0.783357 0.558941
vt 0.794398 0.558941
vt 0.794398 0.500913
vt 0.788189 0.500913
vt 0.788189 0.558941
vt 0.798127 0.558941
vt 0.798127 0.500913
vt 0.792684 0.500913
vt 0.792684 0.558941
vt 0.513282 0.558941
vt 0.513282 0.500913
vt 0.518724 0.500913
vt 0.518724 0.558941
vt 0.508787 0.558941
vt 0.508787 0.500913
vt 0.514996 0.500912
vt 0.514996 0.558941
vt 0.503954 0.558941
vt 0.503954 0.500913
vt 0.510691 0.500913
vt 0.510691 0.558941
vt 0.489309 0.558941
vt 0.489309 0.500913
vt 0.496046 0.500913
vt 0.496046 0.558941
vt 0.500000 0.569943
vt 0.496958 0.570701
vt 0.493733 0.573172
vt 0.490410 0.577662
vt 0.487247 0.584221
vt 0.484515 0.592634
vt 0.482423 0.602526
vt 0.481113 0.613439
vt 0.480668 0.624871
vt 0.481113 0.636304
vt 0.482423 0.647216
vt 0.484515 0.657108
vt 0.487247 0.665521
vt 0.490410 0.672080
vt 0.493733 0.676570
vt 0.496958 0.679042
vt 0.500000 0.679799
vt 0.503042 0.679042
vt 0.506267 0.676570
vt 0.509590 0.672080
vt 0.512753 0.665521
vt 0.515485 0.657108
vt 0.517577 0.647216
vt 0.518887 0.636304
vt 0.519332 0.624871
vt 0.518887 0.613439
vt 0.517577 0.602526
vt 0.515485 0.592634
vt 0.512753 0.584221
vt 0.509590 0.577662
vt 0.506267 0.573172
vt 0.503042 0.570701
vt 0.496232 0.947518
vt 0.500000 0.948075
vt 0.503768 0.947518
vt 0.507391 0.945869
vt 0.510730 0.943192
vt 0.513657 0.939589
vt 0.516059 0.935199
vt 0.517844 0.930191
vt 0.518943 0.924756
vt 0.519314 0.919104
vt 0.518943 0.913452
vt 0.517844 0.908018
vt 0.516059 0.903009
vt 0.513657 0.898619
vt 0.510730 0.895016
vt 0.507391 0.892339
vt 0.503768 0.890690
vt 0.500000 0.890134
vt 0.496232 0.890690
vt 0.492609 0.892339
vt 0.489270 0.895016
vt 0.486343 0.898619
vt 0.483941 0.903009
vt 0.482157 0.908018
vt 0.481057 0.913452
vt 0.480686 0.919104
vt 0.481057 0.924756
vt 0.482157 0.930191
vt 0.483941 0.935199
vt 0.486343 0.939589
vt 0.489270 0.943192
vt 0.492609 0.945869
vt 0.494024 0.558941
vt 0.494024 0.500913
vt 0.501031 0.500913
vt 0.501031 0.558941
vt 0.499021 0.009265
vt 0.499021 0.991251
vt 0.505924 0.991251
vt 0.505924 0.009265
vt 0.485838 0.009265
vt 0.485838 0.991251
vt 0.490380 0.991251
vt 0.490380 0.009265
vt 0.172843 0.578907
vt 0.827501 0.578907
vt 0.827501 0.572277
vt 0.172843 0.572277
vt 0.172843 0.587673
vt 0.827501 0.587673
vt 0.827501 0.581185
vt 0.172843 0.581185
vt 0.172843 0.597868
vt 0.827501 0.597868
vt 0.827501 0.591772
vt 0.172843 0.591772
vt 0.172843 0.609222
vt 0.827501 0.609222
vt 0.827501 0.603510
vt 0.172843 0.603510
vt 0.172843 0.621366
vt 0.827501 0.621366
vt 0.827501 0.615880
vt 0.172843 0.615880
vt 0.172843 0.633863
vt 0.827501 0.633863
vt 0.827501 0.628377
vt 0.172843 0.628377
vt 0.172843 0.646233
vt 0.827501 0.646233
vt 0.827501 0.640521
vt 0.172843 0.640521
vt 0.172843 0.657970
vt 0.827501 0.657970
vt 0.827501 0.651875
vt 0.172843 0.651875
vt 0.172843 0.668557
vt 0.827501 0.668557
vt 0.827501 0.662070
vt 0.172843 0.662070
vt 0.172843 0.677465
vt 0.827501 0.677465
vt 0.827501 0.670835
vt 0.172843 0.670835
vt 0.490380 0.009265
vt 0.490380 0.991251
vt 0.485838 0.991251
vt 0.485838 0.009265
vt 0.495647 0.009265
vt 0.495647 0.991251
vt 0.489708 0.991251
vt 0.489708 0.009265
vt 0.500979 0.009265
vt 0.500979 0.991251
vt 0.494076 0.991251
vt 0.494076 0.009265
vt 0.505924 0.009265
vt 0.505924 0.991251
vt 0.499022 0.991251
vt 0.499021 0.009265
vt 0.510292 0.009265
vt 0.510292 0.991251
vt 0.504353 0.991251
vt 0.504353 0.009265
vt 0.514162 0.009265
vt 0.514162 0.991251
vt 0.509620 0.991251
vt 0.509620 0.009265
vt 0.172843 0.670835
vt 0.827501 0.670835
vt 0.827501 0.677465
vt 0.172843 0.677465
vt 0.172843 0.662070
vt 0.827501 0.662070
vt 0.827501 0.668557
vt 0.172843 0.668557
vt 0.172843 0.651875
vt 0.827501 0.651875
vt 0.827501 0.657970
vt 0.172843 0.657970
vt 0.172843 0.640521
vt 0.827501 0.640521
vt 0.827501 0.646233
vt 0.172843 0.646233
vt 0.172843 0.628377
vt 0.827501 0.628377
vt 0.827501 0.633863
vt 0.172843 0.633863
vt 0.172843 0.615880
vt 0.827501 0.615880
vt 0.827501 0.621366
vt 0.172843 0.621365
vt 0.172843 0.603510
vt 0.827501 0.603510
vt 0.827501 0.609221
vt 0.172843 0.609222
vt 0.172843 0.591772
vt 0.827501 0.591772
vt 0.827501 0.597868
vt 0.172843 0.597868
vt 0.172843 0.581185
vt 0.827501 0.581185
vt 0.827501 0.587673
vt 0.172843 0.587673
vt 0.172843 0.572277
vt 0.827501 0.572277
vt 0.827501 0.578907
vt 0.172843 0.578907
vt 0.509620 0.009265
vt 0.509620 0.991251
vt 0.514162 0.991251
vt 0.514162 0.009265
vt 0.504353 0.009265
vt 0.504353 0.991251
vt 0.510292 0.991252
vt 0.510292 0.009265
vt 0.489708 0.009265
vt 0.489708 0.991251
vt 0.495647 0.991251
vt 0.495647 0.009265
vt 0.500000 0.109609
vt 0.496232 0.109052
vt 0.492609 0.107404
vt 0.489270 0.104726
vt 0.486343 0.101124
vt 0.483941 0.096733
vt 0.482156 0.091725
vt 0.481058 0.086290
vt 0.480686 0.080638
vt 0.481057 0.074986
vt 0.482157 0.069552
vt 0.483941 0.064543
vt 0.486343 0.060153
vt 0.489270 0.056550
vt 0.492609 0.053873
vt 0.496232 0.052224
vt 0.500000 0.051668
vt 0.503768 0.052224
vt 0.507391 0.053873
vt 0.510730 0.056550
vt 0.513657 0.060153
vt 0.516059 0.064543
vt 0.517843 0.069552
vt 0.518943 0.074986
vt 0.519314 0.080638
vt 0.518943 0.086290
vt 0.517844 0.091725
vt 0.516059 0.096733
vt 0.513657 0.101124
vt 0.510730 0.104726
vt 0.507391 0.107403
vt 0.503768 0.109052
vt 0.496958 0.570700
vt 0.500000 0.569943
vt 0.503042 0.570701
vt 0.506266 0.573172
vt 0.509590 0.577662
vt 0.512753 0.584221
vt 0.515485 0.592634
vt 0.517577 0.602526
vt 0.518887 0.613439
vt 0.519333 0.624871
vt 0.518887 0.636304
vt 0.517577 0.647216
vt 0.515485 0.657108
vt 0.512753 0.665521
vt 0.509590 0.672080
vt 0.506267 0.676570
vt 0.503043 0.679042
vt 0.500000 0.679799
vt 0.496957 0.679042
vt 0.493733 0.676570
vt 0.490410 0.672081
vt 0.487247 0.665521
vt 0.484515 0.657108
vt 0.482423 0.647216
vt 0.481113 0.636304
vt 0.480668 0.624871
vt 0.481113 0.613439
vt 0.482423 0.602526
vt 0.484515 0.592634
vt 0.487247 0.584221
vt 0.490410 0.577662
vt 0.493733 0.573172
vt 0.494076 0.009265
vt 0.494077 0.991251
vt 0.500978 0.991251
vt 0.500978 0.009265
vt 0.498969 0.558941
vt 0.498969 0.500912
vt 0.505976 0.500912
vt 0.505976 0.558941
vt 0.485004 0.558941
vt 0.485004 0.500912
vt 0.491213 0.500912
vt 0.491213 0.558941
vt 0.481276 0.558941
vt 0.481276 0.500912
vt 0.486718 0.500912
vt 0.486718 0.558941
vt 0.233707 0.558941
vt 0.233707 0.500913
vt 0.239149 0.500912
vt 0.239149 0.558941
vt 0.229212 0.558941
vt 0.229212 0.500912
vt 0.235421 0.500912
vt 0.235421 0.558941
vt 0.224379 0.558941
vt 0.224379 0.500912
vt 0.231116 0.500913
vt 0.231116 0.558941
vt 0.219395 0.558941
vt 0.219395 0.500912
vt 0.226401 0.500912
vt 0.226401 0.558941
vt 0.214450 0.558941
vt 0.214450 0.500913
vt 0.221456 0.500913
vt 0.221456 0.558941
vt 0.209734 0.558941
vt 0.209734 0.500913
vt 0.216471 0.500913
vt 0.216471 0.558941
vt 0.205430 0.558941
vt 0.205430 0.500913
vt 0.211639 0.500912
vt 0.211639 0.558941
vt 0.201702 0.558941
vt 0.201702 0.500913
vt 0.207144 0.500913
vt 0.207144 0.558941
vt 0.486718 0.558941
vt 0.486718 0.500912
vt 0.481276 0.500912
vt 0.481276 0.558941
vt 0.491213 0.558941
vt 0.491213 0.500912
vt 0.485004 0.500912
vt 0.485004 0.558941
vt 0.496046 0.558941
vt 0.496046 0.500913
vt 0.489309 0.500913
vt 0.489309 0.558941
vt 0.501031 0.558941
vt 0.501031 0.500913
vt 0.494024 0.500913
vt 0.494024 0.558941
vt 0.505976 0.558941
vt 0.505976 0.500912
vt 0.498969 0.500913
vt 0.498969 0.558941
vt 0.510691 0.558941
vt 0.510691 0.500912
vt 0.503954 0.500912
vt 0.503954 0.558941
vt 0.514996 0.558941
vt 0.514996 0.500912
vt 0.508787 0.500912
vt 0.508787 0.558941
vt 0.518724 0.558941
vt 0.518724 0.500912
vt 0.513282 0.500913
vt 0.513282 0.558941
vt 0.207144 0.558941
vt 0.207144 0.500912
vt 0.201702 0.500912
vt 0.201702 0.558941
vt 0.211639 0.558941
vt 0.211639 0.500912
vt 0.205430 0.500912
vt 0.205430 0.558941
vt 0.216471 0.558941
vt 0.216471 0.500913
vt 0.209734 0.500913
vt 0.209734 0.558941
vt 0.221456 0.558941
vt 0.221456 0.500912
vt 0.214450 0.500912
vt 0.214450 0.558941
vt 0.226401 0.558941
vt 0.226401 0.500912
vt 0.219395 0.500912
vt 0.219395 0.558941
vt 0.231117 0.558941
vt 0.231117 0.500912
vt 0.224380 0.500912
vt 0.224380 0.558941
vt 0.235421 0.558941
vt 0.235421 0.500913
vt 0.229212 0.500912
vt 0.229212 0.558941
vt 0.239149 0.558941
vt 0.239149 0.500913
vt 0.233707 0.500912
vt 0.233707 0.558941
vt 0.513282 0.558941
vt 0.513282 0.500912
vt 0.518724 0.500912
vt 0.518724 0.558941
vt 0.508787 0.558941
vt 0.508787 0.500913
vt 0.514996 0.500912
vt 0.514995 0.558941
vt 0.503954 0.558941
vt 0.503954 0.500913
vt 0.510691 0.500912
vt 0.510691 0.558941
vt 0.489309 0.558941
vt 0.489309 0.500912
vt 0.496046 0.500912
vt 0.496046 0.558941
vt 0.496232 0.109052
vt 0.500000 0.109609
vt 0.503768 0.109052
vt 0.507391 0.107403
vt 0.510730 0.104726
vt 0.513657 0.101124
vt 0.516059 0.096733
vt 0.517844 0.091725
vt 0.518943 0.086290
vt 0.519314 0.080638
vt 0.518943 0.074986
vt 0.517844 0.069552
vt 0.516059 0.064543
vt 0.513657 0.060153
vt 0.510730 0.056550
vt 0.507391 0.053873
vt 0.503768 0.052224
vt 0.500000 0.051668
vt 0.496232 0.052224
vt 0.492609 0.053873
vt 0.489270 0.056550
vt 0.486343 0.060153
vt 0.483941 0.064543
vt 0.482157 0.069552
vt 0.481057 0.074986
vt 0.480686 0.080638
vt 0.481057 0.086290
vt 0.482156 0.091725
vt 0.483941 0.096733
vt 0.486343 0.101124
vt 0.489270 0.104726
vt 0.492609 0.107403
vt 0.494024 0.558941
vt 0.494024 0.500912
vt 0.501031 0.500913
vt 0.501031 0.558941
vt 0.500000 0.948075
vt 0.495055 0.956394
vt 0.504945 0.956394
vt 0.504945 0.956394
vt 0.495055 0.956394
vt 0.503768 0.947518
vt 0.500000 0.957125
vt 0.509700 0.954231
vt 0.509700 0.954231
vt 0.500000 0.957125
vt 0.507391 0.945869
vt 0.504945 0.956394
vt 0.514082 0.950717
vt 0.514082 0.950717
vt 0.504945 0.956394
vt 0.510730 0.943192
vt 0.509700 0.954231
vt 0.517923 0.945989
vt 0.517923 0.945989
vt 0.509700 0.954231
vt 0.513657 0.939589
vt 0.514082 0.950717
vt 0.521075 0.940227
vt 0.521075 0.940227
vt 0.514082 0.950717
vt 0.516059 0.935199
vt 0.517923 0.945989
vt 0.523418 0.933654
vt 0.523418 0.933654
vt 0.517923 0.945989
vt 0.517844 0.930191
vt 0.521075 0.940227
vt 0.524860 0.926522
vt 0.524860 0.926522
vt 0.521075 0.940227
vt 0.518942 0.924756
vt 0.523418 0.933654
vt 0.525347 0.919104
vt 0.525347 0.919104
vt 0.523418 0.933654
vt 0.519314 0.919104
vt 0.524860 0.926522
vt 0.524860 0.911687
vt 0.524860 0.911687
vt 0.524860 0.926522
vt 0.518943 0.913452
vt 0.525347 0.919104
vt 0.523418 0.904554
vt 0.523418 0.904554
vt 0.525347 0.919104
vt 0.517843 0.908017
vt 0.524860 0.911687
vt 0.521075 0.897981
vt 0.521075 0.897981
vt 0.524860 0.911687
vt 0.516059 0.903009
vt 0.523418 0.904554
vt 0.517923 0.892219
vt 0.517923 0.892219
vt 0.523418 0.904554
vt 0.513657 0.898619
vt 0.521075 0.897981
vt 0.514082 0.887491
vt 0.514082 0.887491
vt 0.521075 0.897981
vt 0.510730 0.895016
vt 0.517923 0.892219
vt 0.509700 0.883977
vt 0.509700 0.883977
vt 0.517923 0.892219
vt 0.507391 0.892339
vt 0.514082 0.887491
vt 0.504945 0.881814
vt 0.504945 0.881814
vt 0.514082 0.887491
vt 0.503768 0.890690
vt 0.509700 0.883977
vt 0.500000 0.881083
vt 0.500000 0.881083
vt 0.509700 0.883977
vt 0.500000 0.890133
vt 0.504945 0.881814
vt 0.495055 0.881814
vt 0.495055 0.881814
vt 0.504945 0.881814
vt 0.496232 0.890690
vt 0.500000 0.881083
vt 0.490300 0.883977
vt 0.490300 0.883977
vt 0.500000 0.881083
vt 0.492609 0.892339
vt 0.495055 0.881814
vt 0.485918 0.887491
vt 0.485918 0.887491
vt 0.495055 0.881814
vt 0.489270 0.895016
vt 0.490300 0.883977
vt 0.482077 0.892219
vt 0.482077 0.892219
vt 0.490300 0.883977
vt 0.486343 0.898619
vt 0.485918 0.887491
vt 0.478924 0.897981
vt 0.478924 0.897981
vt 0.485918 0.887491
vt 0.483941 0.903009
vt 0.482077 0.892219
vt 0.476582 0.904554
vt 0.476582 0.904554
vt 0.482077 0.892219
vt 0.482156 0.908018
vt 0.478924 0.897981
vt 0.475140 0.911687
vt 0.475140 0.911687
vt 0.478924 0.897981
vt 0.481057 0.913452
vt 0.476582 0.904554
vt 0.474653 0.919104
vt 0.474653 0.919104
vt 0.476582 0.904554
vt 0.480686 0.919104
vt 0.475140 0.911687
vt 0.475140 0.926522
vt 0.475140 0.926522
vt 0.475140 0.911687
vt 0.481057 0.924756
vt 0.474653 0.919104
vt 0.476582 0.933654
vt 0.476582 0.933654
vt 0.474653 0.919104
vt 0.482156 0.930191
vt 0.475140 0.926522
vt 0.478925 0.940227
vt 0.478925 0.940227
vt 0.475140 0.926522
vt 0.483941 0.935199
vt 0.476582 0.933654
vt 0.482077 0.945989
vt 0.482077 0.945989
vt 0.476582 0.933654
vt 0.486343 0.939589
vt 0.478925 0.940227
vt 0.485918 0.950717
vt 0.485918 0.950717
vt 0.478925 0.940227
vt 0.489270 0.943192
vt 0.482077 0.945989
vt 0.490300 0.954231
vt 0.490300 0.954231
vt 0.482077 0.945989
vt 0.492609 0.945869
vt 0.485918 0.950717
vt 0.495055 0.956394
vt 0.495055 0.956394
vt 0.485918 0.950717
vt 0.496232 0.947518
vt 0.490300 0.954231
vt 0.500000 0.957125
vt 0.500000 0.957125
vt 0.490300 0.954231
vt 0.495055 0.437956
vt 0.504945 0.437956
vt 0.504945 0.437956
vt 0.495055 0.437956
vt 0.500000 0.439187
vt 0.509700 0.434311
vt 0.509700 0.434311
vt 0.500000 0.439187
vt 0.504945 0.437956
vt 0.514082 0.428391
vt 0.514082 0.428391
vt 0.504945 0.437956
vt 0.509700 0.434311
vt 0.517601 0.421093
vt 0.517601 0.421093
vt 0.509700 0.434311
vt 0.514404 0.427723
vt 0.520553 0.412327
vt 0.520553 0.412327
vt 0.514404 0.427723
vt 0.518446 0.418815
vt 0.522891 0.402132
vt 0.522891 0.402132
vt 0.518446 0.418815
vt 0.521602 0.408228
vt 0.524482 0.390778
vt 0.524482 0.390778
vt 0.521602 0.408228
vt 0.523796 0.396490
vt 0.525211 0.378634
vt 0.525211 0.378634
vt 0.523796 0.396490
vt 0.524997 0.384120
vt 0.524997 0.366137
vt 0.524997 0.366137
vt 0.524997 0.384120
vt 0.525211 0.371623
vt 0.523796 0.353767
vt 0.523796 0.353767
vt 0.525211 0.371623
vt 0.524482 0.359479
vt 0.521602 0.342030
vt 0.521602 0.342030
vt 0.524482 0.359479
vt 0.522891 0.348125
vt 0.518446 0.331443
vt 0.518446 0.331443
vt 0.522891 0.348125
vt 0.520553 0.337930
vt 0.514404 0.322535
vt 0.514404 0.322535
vt 0.520553 0.337930
vt 0.517601 0.329165
vt 0.509700 0.315947
vt 0.509700 0.315947
vt 0.517601 0.329165
vt 0.514082 0.321866
vt 0.504945 0.312302
vt 0.504945 0.312302
vt 0.514082 0.321866
vt 0.509700 0.315947
vt 0.500000 0.311071
vt 0.500000 0.311071
vt 0.509700 0.315947
vt 0.504945 0.312302
vt 0.495055 0.312302
vt 0.495055 0.312302
vt 0.504945 0.312302
vt 0.500000 0.311071
vt 0.490300 0.315947
vt 0.490300 0.315947
vt 0.500000 0.311071
vt 0.495055 0.312302
vt 0.485918 0.321866
vt 0.485918 0.321867
vt 0.495055 0.312302
vt 0.490300 0.315947
vt 0.482399 0.329165
vt 0.482399 0.329165
vt 0.490300 0.315947
vt 0.485596 0.322535
vt 0.479447 0.337930
vt 0.479447 0.337930
vt 0.485596 0.322535
vt 0.481554 0.331443
vt 0.477109 0.348125
vt 0.477109 0.348125
vt 0.481554 0.331443
vt 0.478398 0.342030
vt 0.475518 0.359479
vt 0.475518 0.359479
vt 0.478398 0.342030
vt 0.476204 0.353767
vt 0.474789 0.371623
vt 0.474789 0.371623
vt 0.476204 0.353767
vt 0.475003 0.366137
vt 0.475003 0.384120
vt 0.475003 0.384120
vt 0.475003 0.366137
vt 0.474789 0.378634
vt 0.476204 0.396490
vt 0.476204 0.396490
vt 0.474789 0.378634
vt 0.475518 0.390778
vt 0.478398 0.408228
vt 0.478398 0.408228
vt 0.475518 0.390778
vt 0.477109 0.402132
vt 0.481554 0.418815
vt 0.481554 0.418815
vt 0.477109 0.402132
vt 0.479447 0.412327
vt 0.485596 0.427723
vt 0.485596 0.427723
vt 0.479447 0.412327
vt 0.482399 0.421093
vt 0.490300 0.434311
vt 0.490300 0.434311
vt 0.482399 0.421093
vt 0.485918 0.428391
vt 0.495055 0.437956
vt 0.495055 0.437956
vt 0.485918 0.428391
vt 0.490300 0.434311
vt 0.500000 0.439187
vt 0.500000 0.439187
vt 0.490300 0.434311
vt 0.495055 0.117929
vt 0.504945 0.117929
vt 0.504945 0.117929
vt 0.495055 0.117929
vt 0.500000 0.118659
vt 0.509700 0.115765
vt 0.509700 0.115765
vt 0.500000 0.118659
vt 0.504945 0.117929
vt 0.514082 0.112251
vt 0.514082 0.112251
vt 0.504945 0.117929
vt 0.509700 0.115765
vt 0.517923 0.107523
vt 0.517923 0.107523
vt 0.509700 0.115765
vt 0.514082 0.112251
vt 0.521075 0.101761
vt 0.521075 0.101761
vt 0.514082 0.112251
vt 0.517923 0.107523
vt 0.523418 0.095188
vt 0.523418 0.095188
vt 0.517923 0.107523
vt 0.521075 0.101761
vt 0.524860 0.088056
vt 0.524860 0.088056
vt 0.521075 0.101761
vt 0.523418 0.095188
vt 0.525347 0.080638
vt 0.525347 0.080638
vt 0.523418 0.095188
vt 0.524860 0.088056
vt 0.524860 0.073221
vt 0.524860 0.073221
vt 0.524860 0.088056
vt 0.525347 0.080638
vt 0.523418 0.066088
vt 0.523418 0.066088
vt 0.525347 0.080638
vt 0.524860 0.073221
vt 0.521075 0.059515
vt 0.521075 0.059515
vt 0.524860 0.073221
vt 0.523418 0.066088
vt 0.517923 0.053753
vt 0.517923 0.053753
vt 0.523418 0.066088
vt 0.521075 0.059515
vt 0.514082 0.049025
vt 0.514082 0.049025
vt 0.521075 0.059515
vt 0.517923 0.053753
vt 0.509700 0.045511
vt 0.509700 0.045511
vt 0.517923 0.053753
vt 0.514082 0.049025
vt 0.504945 0.043348
vt 0.504945 0.043348
vt 0.514082 0.049025
vt 0.509700 0.045511
vt 0.500000 0.042617
vt 0.500000 0.042617
vt 0.509700 0.045511
vt 0.504945 0.043348
vt 0.495055 0.043348
vt 0.495055 0.043348
vt 0.504945 0.043348
vt 0.500000 0.042617
vt 0.490300 0.045511
vt 0.490300 0.045511
vt 0.500000 0.042617
vt 0.495055 0.043348
vt 0.485918 0.049025
vt 0.485918 0.049025
vt 0.495055 0.043348
vt 0.490300 0.045511
vt 0.482077 0.053753
vt 0.482077 0.053753
vt 0.490300 0.045511
vt 0.485918 0.049025
vt 0.478925 0.059515
vt 0.478925 0.059515
vt 0.485918 0.049025
vt 0.482077 0.053753
vt 0.476582 0.066088
vt 0.476582 0.066088
vt 0.482077 0.053753
vt 0.478925 0.059515
vt 0.475140 0.073221
vt 0.475140 0.073221
vt 0.478925 0.059515
vt 0.476582 0.066088
vt 0.474653 0.080638
vt 0.474653 0.080638
vt 0.476582 0.066088
vt 0.475140 0.073221
vt 0.475140 0.088056
vt 0.475140 0.088056
vt 0.475140 0.073221
vt 0.474653 0.080638
vt 0.476582 0.095188
vt 0.476582 0.095188
vt 0.474653 0.080638
vt 0.475140 0.088056
vt 0.478925 0.101761
vt 0.478925 0.101761
vt 0.475140 0.088056
vt 0.476582 0.095188
vt 0.482077 0.107523
vt 0.482077 0.107523
vt 0.476582 0.095188
vt 0.478925 0.101761
vt 0.485918 0.112251
vt 0.485918 0.112251
vt 0.478925 0.101761
vt 0.482077 0.107523
vt 0.490300 0.115765
vt 0.490300 0.115765
vt 0.482077 0.107523
vt 0.485918 0.112251
vt 0.495055 0.117929
vt 0.495055 0.117929
vt 0.485918 0.112251
vt 0.490300 0.115765
vt 0.500000 0.118659
vt 0.500000 0.118659
vt 0.490300 0.115765
vt 0.504945 0.956394
vt 0.495055 0.956394
vt 0.495055 0.956394
vt 0.504945 0.956394
vt 0.500000 0.957125
vt 0.490300 0.954231
vt 0.490300 0.954231
vt 0.500000 0.957125
vt 0.495055 0.956394
vt 0.485918 0.950717
vt 0.485918 0.950717
vt 0.495055 0.956394
vt 0.490300 0.954231
vt 0.482077 0.945989
vt 0.482077 0.945989
vt 0.490300 0.954231
vt 0.485918 0.950717
vt 0.478925 0.940227
vt 0.478925 0.940227
vt 0.485918 0.950717
vt 0.482077 0.945989
vt 0.476582 0.933654
vt 0.476582 0.933654
vt 0.482077 0.945989
vt 0.478925 0.940227
vt 0.475140 0.926522
vt 0.475140 0.926522
vt 0.478925 0.940227
vt 0.476582 0.933654
vt 0.474653 0.919104
vt 0.474653 0.919104
vt 0.476582 0.933654
vt 0.475140 0.926522
vt 0.475140 0.911687
vt 0.475140 0.911687
vt 0.475140 0.926522
vt 0.474653 0.919104
vt 0.476582 0.904554
vt 0.476582 0.904554
vt 0.474653 0.919104
vt 0.475140 0.911687
vt 0.478925 0.897981
vt 0.478925 0.897981
vt 0.475140 0.911687
vt 0.476582 0.904554
vt 0.482077 0.892219
vt 0.482077 0.892219
vt 0.476582 0.904554
vt 0.478925 0.897981
vt 0.485918 0.887491
vt 0.485918 0.887491
vt 0.478925 0.897981
vt 0.482077 0.892219
vt 0.490300 0.883977
vt 0.490300 0.883977
vt 0.482077 0.892219
vt 0.485918 0.887491
vt 0.495055 0.881814
vt 0.495055 0.881814
vt 0.485918 0.887491
vt 0.490300 0.883977
vt 0.500000 0.881083
vt 0.500000 0.881083
vt 0.490300 0.883977
vt 0.495055 0.881814
vt 0.504945 0.881814
vt 0.504945 0.881814
vt 0.495055 0.881814
vt 0.500000 0.881083
vt 0.509700 0.883977
vt 0.509700 0.883977
vt 0.500000 0.881083
vt 0.504945 0.881814
vt 0.514082 0.887491
vt 0.514082 0.887491
vt 0.504945 0.881814
vt 0.509700 0.883977
vt 0.517923 0.892219
vt 0.517923 0.892219
vt 0.509700 0.883977
vt 0.514082 0.887491
vt 0.521076 0.897981
vt 0.521075 0.897981
vt 0.514082 0.887491
vt 0.517923 0.892219
vt 0.523418 0.904554
vt 0.523418 0.904554
vt 0.517923 0.892219
vt 0.521076 0.897981
vt 0.524860 0.911687
vt 0.524860 0.911687
vt 0.521075 0.897981
vt 0.523418 0.904554
vt 0.525347 0.919104
vt 0.525347 0.919104
vt 0.523418 0.904554
vt 0.524860 0.911687
vt 0.524860 0.926522
vt 0.524860 0.926522
vt 0.524860 0.911687
vt 0.525347 0.919104
vt 0.523418 0.933654
vt 0.523418 0.933654
vt 0.525347 0.919104
vt 0.524860 0.926522
vt 0.521075 0.940227
vt 0.521075 0.940227
vt 0.524860 0.926522
vt 0.523418 0.933654
vt 0.517923 0.945989
vt 0.517923 0.945989
vt 0.523418 0.933654
vt 0.521075 0.940227
vt 0.514082 0.950717
vt 0.514082 0.950717
vt 0.521075 0.940227
vt 0.517923 0.945989
vt 0.509700 0.954231
vt 0.509700 0.954231
vt 0.517923 0.945989
vt 0.514082 0.950717
vt 0.504945 0.956394
vt 0.504945 0.956394
vt 0.514082 0.950717
vt 0.509700 0.954231
vt 0.500000 0.957125
vt 0.500000 0.957125
vt 0.509700 0.954231
vt 0.504945 0.562044
vt 0.495055 0.562044
vt 0.495055 0.562044
vt 0.504945 0.562044
vt 0.500000 0.560813
vt 0.490300 0.565689
vt 0.490300 0.565689
vt 0.500000 0.560813
vt 0.495055 0.562044
vt 0.485918 0.571609
vt 0.485918 0.571609
vt 0.495055 0.562044
vt 0.490300 0.565689
vt 0.482399 0.578907
vt 0.482399 0.578907
vt 0.490300 0.565689
vt 0.485596 0.572277
vt 0.479447 0.587673
vt 0.479447 0.587673
vt 0.485596 0.572277
vt 0.481554 0.581185
vt 0.477109 0.597868
vt 0.477109 0.597868
vt 0.481554 0.581185
vt 0.478398 0.591772
vt 0.475518 0.609222
vt 0.475518 0.609222
vt 0.478398 0.591772
vt 0.476204 0.603510
vt 0.474789 0.621366
vt 0.474789 0.621366
vt 0.476204 0.603510
vt 0.475003 0.615880
vt 0.475003 0.633863
vt 0.475003 0.633863
vt 0.475003 0.615880
vt 0.474789 0.628377
vt 0.476204 0.646233
vt 0.476204 0.646233
vt 0.474789 0.628377
vt 0.475518 0.640521
vt 0.478398 0.657970
vt 0.478398 0.657970
vt 0.475518 0.640521
vt 0.477109 0.651875
vt 0.481554 0.668557
vt 0.481554 0.668557
vt 0.477109 0.651875
vt 0.479447 0.662070
vt 0.485596 0.677465
vt 0.485596 0.677465
vt 0.479447 0.662070
vt 0.482399 0.670835
vt 0.490300 0.684053
vt 0.490300 0.684053
vt 0.482399 0.670835
vt 0.485918 0.678133
vt 0.495055 0.687698
vt 0.495055 0.687698
vt 0.485918 0.678134
vt 0.490300 0.684053
vt 0.500000 0.688929
vt 0.500000 0.688929
vt 0.490300 0.684053
vt 0.495055 0.687698
vt 0.504945 0.687698
vt 0.504945 0.687698
vt 0.495055 0.687698
vt 0.500000 0.688929
vt 0.509700 0.684053
vt 0.509700 0.684053
vt 0.500000 0.688929
vt 0.504945 0.687698
vt 0.514082 0.678133
vt 0.514082 0.678133
vt 0.504945 0.687698
vt 0.509700 0.684053
vt 0.517601 0.670835
vt 0.517601 0.670835
vt 0.509700 0.684053
vt 0.514404 0.677465
vt 0.520553 0.662070
vt 0.520553 0.662070
vt 0.514404 0.677465
vt 0.518446 0.668557
vt 0.522891 0.651875
vt 0.522891 0.651875
vt 0.518446 0.668557
vt 0.521602 0.657970
vt 0.524482 0.640521
vt 0.524482 0.640521
vt 0.521602 0.657970
vt 0.523796 0.646232
vt 0.525211 0.628377
vt 0.525211 0.628377
vt 0.523796 0.646233
vt 0.524997 0.633863
vt 0.524997 0.615880
vt 0.524997 0.615880
vt 0.524997 0.633863
vt 0.525211 0.621365
vt 0.523796 0.603510
vt 0.523796 0.603510
vt 0.525211 0.621366
vt 0.524482 0.609221
vt 0.521602 0.591772
vt 0.521602 0.591772
vt 0.524482 0.609222
vt 0.522891 0.597867
vt 0.518446 0.581185
vt 0.518446 0.581185
vt 0.522891 0.597868
vt 0.520553 0.587673
vt 0.514404 0.572277
vt 0.514404 0.572277
vt 0.520553 0.587673
vt 0.517601 0.578907
vt 0.509700 0.565689
vt 0.509700 0.565689
vt 0.517601 0.578907
vt 0.514082 0.571609
vt 0.504945 0.562044
vt 0.504945 0.562044
vt 0.514082 0.571609
vt 0.509700 0.565689
vt 0.500000 0.560813
vt 0.500000 0.560813
vt 0.509700 0.565689
vt 0.504945 0.117929
vt 0.495055 0.117929
vt 0.495055 0.117929
vt 0.504945 0.117929
vt 0.500000 0.118659
vt 0.490300 0.115765
vt 0.490300 0.115765
vt 0.500000 0.118659
vt 0.495055 0.117929
vt 0.485918 0.112251
vt 0.485918 0.112251
vt 0.495055 0.117929
vt 0.490300 0.115765
vt 0.482077 0.107523
vt 0.482077 0.107523
vt 0.490300 0.115765
vt 0.485918 0.112251
vt 0.478925 0.101761
vt 0.478924 0.101761
vt 0.485918 0.112251
vt 0.482077 0.107523
vt 0.476582 0.095188
vt 0.476582 0.095188
vt 0.482077 0.107523
vt 0.478925 0.101761
vt 0.475140 0.088056
vt 0.475140 0.088056
vt 0.478924 0.101761
vt 0.476582 0.095188
vt 0.474653 0.080638
vt 0.474653 0.080638
vt 0.476582 0.095188
vt 0.475140 0.088056
vt 0.475140 0.073221
vt 0.475140 0.073221
vt 0.475140 0.088056
vt 0.474653 0.080638
vt 0.476582 0.066088
vt 0.476582 0.066088
vt 0.474653 0.080638
vt 0.475140 0.073221
vt 0.478925 0.059515
vt 0.478924 0.059515
vt 0.475140 0.073221
vt 0.476582 0.066088
vt 0.482077 0.053753
vt 0.482077 0.053753
vt 0.476582 0.066088
vt 0.478925 0.059515
vt 0.485918 0.049025
vt 0.485918 0.049025
vt 0.478924 0.059515
vt 0.482077 0.053753
vt 0.490300 0.045511
vt 0.490300 0.045511
vt 0.482077 0.053753
vt 0.485918 0.049025
vt 0.495055 0.043348
vt 0.495055 0.043348
vt 0.485918 0.049025
vt 0.490300 0.045511
vt 0.500000 0.042617
vt 0.500000 0.042617
vt 0.490300 0.045511
vt 0.495055 0.043348
vt 0.504945 0.043348
vt 0.504945 0.043348
vt 0.495055 0.043348
vt 0.500000 0.042617
vt 0.509700 0.045511
vt 0.509700 0.045511
vt 0.500000 0.042617
vt 0.504945 0.043348
vt 0.514082 0.049025
vt 0.514082 0.049025
vt 0.504945 0.043348
vt 0.509700 0.045511
vt 0.517923 0.053753
vt 0.517923 0.053753
vt 0.509700 0.045511
vt 0.514082 0.049025
vt 0.521075 0.059515
vt 0.521075 0.059515
vt 0.514082 0.049025
vt 0.517923 0.053753
vt 0.523418 0.066088
vt 0.523418 0.066088
vt 0.517923 0.053753
vt 0.521075 0.059515
vt 0.524860 0.073221
vt 0.524860 0.073221
vt 0.521075 0.059515
vt 0.523418 0.066088
vt 0.525347 0.080638
vt 0.525347 0.080638
vt 0.523418 0.066088
vt 0.524860 0.073221
vt 0.524860 0.088056
vt 0.524860 0.088056
vt 0.524860 0.073221
vt 0.525347 0.080638
vt 0.523418 0.095188
vt 0.523418 0.095188
vt 0.525347 0.080638
vt 0.524860 0.088056
vt 0.521075 0.101761
vt 0.521075 0.101761
vt 0.524860 0.088056
vt 0.523418 0.095188
vt 0.517923 0.107523
vt 0.517923 0.107523
vt 0.523418 0.095188
vt 0.521075 0.101761
vt 0.514082 0.112251
vt 0.514082 0.112251
vt 0.521075 0.101761
vt 0.517923 0.107523
vt 0.509700 0.115765
vt 0.509700 0.115765
vt 0.517923 0.107523
vt 0.514082 0.112251
vt 0.504945 0.117929
vt 0.504945 0.117929
vt 0.514082 0.112251
vt 0.509700 0.115765
vt 0.500000 0.118659
vt 0.500000 0.118659
vt 0.509700 0.115765
vt 0.504356 0.432052
vt 0.500589 0.432052
vt 0.500589 0.508094
vt 0.504356 0.508094
vt 0.509134 0.432052
vt 0.505511 0.432052
vt 0.505511 0.508094
vt 0.509134 0.508094
vt 0.513561 0.432052
vt 0.510222 0.432052
vt 0.510222 0.508094
vt 0.513561 0.508094
vt 0.517466 0.432052
vt 0.514539 0.432052
vt 0.514539 0.508094
vt 0.517466 0.508094
vt 0.797326 0.441059
vt 0.797326 0.499087
vt 0.793942 0.432052
vt 0.796869 0.432052
vt 0.796869 0.508094
vt 0.793942 0.508094
vt 0.789624 0.432052
vt 0.792963 0.432052
vt 0.792963 0.508094
vt 0.789624 0.508094
vt 0.784914 0.432052
vt 0.788537 0.432052
vt 0.788537 0.508094
vt 0.784914 0.508094
vt 0.779991 0.432052
vt 0.783759 0.432052
vt 0.783759 0.508094
vt 0.779991 0.508094
vt 0.775046 0.432052
vt 0.778814 0.432052
vt 0.778814 0.508094
vt 0.775046 0.508094
vt 0.770269 0.432052
vt 0.773892 0.432052
vt 0.773892 0.508094
vt 0.770269 0.508094
vt 0.765842 0.432053
vt 0.769181 0.432052
vt 0.769181 0.508094
vt 0.765842 0.508094
vt 0.761937 0.432052
vt 0.764863 0.432052
vt 0.764863 0.508094
vt 0.761937 0.508094
vt 0.517923 0.441059
vt 0.517923 0.499087
vt 0.514539 0.432052
vt 0.517466 0.432052
vt 0.517466 0.508094
vt 0.514539 0.508094
vt 0.510222 0.432052
vt 0.513561 0.432052
vt 0.513561 0.508094
vt 0.510222 0.508094
vt 0.505511 0.432052
vt 0.509134 0.432052
vt 0.509134 0.508094
vt 0.505511 0.508094
vt 0.500589 0.432052
vt 0.504356 0.432052
vt 0.504356 0.508094
vt 0.500589 0.508094
vt 0.495644 0.432052
vt 0.499411 0.432052
vt 0.499411 0.508094
vt 0.495644 0.508094
vt 0.490866 0.432052
vt 0.494489 0.432052
vt 0.494489 0.508094
vt 0.490866 0.508094
vt 0.486439 0.432052
vt 0.489778 0.432052
vt 0.489778 0.508094
vt 0.486439 0.508094
vt 0.482534 0.432052
vt 0.485461 0.432052
vt 0.485461 0.508094
vt 0.482534 0.508094
vt 0.761479 0.441059
vt 0.761479 0.499087
vt 0.764863 0.432052
vt 0.761937 0.432052
vt 0.761937 0.508094
vt 0.764863 0.508094
vt 0.769181 0.432052
vt 0.765842 0.432052
vt 0.765842 0.508094
vt 0.769181 0.508094
vt 0.773892 0.432052
vt 0.770269 0.432052
vt 0.770269 0.508094
vt 0.773892 0.508094
vt 0.778814 0.432052
vt 0.775046 0.432052
vt 0.775046 0.508094
vt 0.778814 0.508094
vt 0.783759 0.432052
vt 0.779991 0.432052
vt 0.779991 0.508094
vt 0.783759 0.508094
vt 0.788537 0.432052
vt 0.784914 0.432052
vt 0.784914 0.508094
vt 0.788537 0.508094
vt 0.792963 0.432052
vt 0.789624 0.432052
vt 0.789624 0.508094
vt 0.792963 0.508094
vt 0.796869 0.432052
vt 0.793942 0.432052
vt 0.793942 0.508094
vt 0.796869 0.508094
vt 0.482077 0.441059
vt 0.482077 0.499087
vt 0.485461 0.432052
vt 0.482534 0.432052
vt 0.482534 0.508094
vt 0.485461 0.508094
vt 0.489778 0.432052
vt 0.486439 0.432052
vt 0.486439 0.508094
vt 0.489778 0.508094
vt 0.494489 0.432052
vt 0.490866 0.432052
vt 0.490866 0.508094
vt 0.494489 0.508094
vt 0.499411 0.432052
vt 0.495644 0.432052
vt 0.495644 0.508094
vt 0.499411 0.508094
vt 0.504025 0.000258
vt 0.500983 0.000258
vt 0.500983 1.000258
vt 0.504025 1.000258
vt 0.508999 0.000258
vt 0.505775 0.000258
vt 0.505775 1.000258
vt 0.508999 1.000258
vt 0.513609 0.000258
vt 0.510285 0.000258
vt 0.510285 1.000258
vt 0.513609 1.000258
vt 0.172843 0.428391
vt 0.827501 0.428391
vt 0.166839 0.421057
vt 0.166839 0.427616
vt 0.833506 0.427616
vt 0.833506 0.421057
vt 0.166839 0.411310
vt 0.166839 0.419723
vt 0.833506 0.419723
vt 0.833506 0.411310
vt 0.166839 0.400197
vt 0.166839 0.410089
vt 0.833506 0.410089
vt 0.833506 0.400198
vt 0.166839 0.388157
vt 0.166839 0.399070
vt 0.833506 0.399070
vt 0.833506 0.388157
vt 0.166839 0.375654
vt 0.166839 0.387087
vt 0.833505 0.387087
vt 0.833506 0.375654
vt 0.166839 0.363171
vt 0.166839 0.374603
vt 0.833506 0.374603
vt 0.833506 0.363171
vt 0.166839 0.351188
vt 0.166839 0.362100
vt 0.833506 0.362100
vt 0.833506 0.351188
vt 0.166839 0.340168
vt 0.166839 0.350060
vt 0.833506 0.350060
vt 0.833506 0.340168
vt 0.166839 0.330534
vt 0.166839 0.338948
vt 0.833506 0.338948
vt 0.833506 0.330535
vt 0.166839 0.322641
vt 0.166839 0.329200
vt 0.833506 0.329201
vt 0.833506 0.322641
vt 0.514082 0.009265
vt 0.514082 0.991251
vt 0.510285 0.000258
vt 0.513609 0.000258
vt 0.513609 1.000258
vt 0.510285 1.000258
vt 0.505775 0.000258
vt 0.508999 0.000258
vt 0.508999 1.000258
vt 0.505775 1.000258
vt 0.500983 0.000258
vt 0.504025 0.000258
vt 0.504025 1.000258
vt 0.500983 1.000258
vt 0.495975 0.000258
vt 0.499017 0.000258
vt 0.499017 1.000258
vt 0.495975 1.000258
vt 0.491001 0.000258
vt 0.494225 0.000258
vt 0.494225 1.000258
vt 0.491001 1.000258
vt 0.486391 0.000258
vt 0.489715 0.000258
vt 0.489715 1.000258
vt 0.486392 1.000258
vt 0.172843 0.321866
vt 0.827501 0.321867
vt 0.166839 0.329201
vt 0.166839 0.322641
vt 0.833506 0.322641
vt 0.833506 0.329201
vt 0.166839 0.338948
vt 0.166839 0.330535
vt 0.833506 0.330535
vt 0.833506 0.338948
vt 0.166839 0.350060
vt 0.166839 0.340168
vt 0.833506 0.340168
vt 0.833506 0.350060
vt 0.166839 0.362100
vt 0.166839 0.351188
vt 0.833506 0.351188
vt 0.833506 0.362100
vt 0.166839 0.374603
vt 0.166839 0.363171
vt 0.833506 0.363171
vt 0.833506 0.374603
vt 0.166839 0.387087
vt 0.166839 0.375654
vt 0.833506 0.375654
vt 0.833506 0.387087
vt 0.166839 0.399070
vt 0.166839 0.388157
vt 0.833506 0.388157
vt 0.833506 0.399070
vt 0.166839 0.410089
vt 0.166839 0.400198
vt 0.833506 0.400198
vt 0.833506 0.410089
vt 0.166839 0.419723
vt 0.166839 0.411310
vt 0.833506 0.411310
vt 0.833506 0.419723
vt 0.166839 0.427616
vt 0.166839 0.421057
vt 0.833506 0.421057
vt 0.833506 0.427616
vt 0.485918 0.009265
vt 0.485918 0.991251
vt 0.489715 0.000258
vt 0.486392 0.000258
vt 0.486392 1.000258
vt 0.489715 1.000258
vt 0.494225 0.000258
vt 0.491001 0.000258
vt 0.491001 1.000258
vt 0.494225 1.000258
vt 0.499017 0.000258
vt 0.495975 0.000258
vt 0.495975 1.000258
vt 0.499017 1.000258
vt 0.504356 0.432052
vt 0.500589 0.432052
vt 0.500589 0.508094
vt 0.504356 0.508094
vt 0.509134 0.432052
vt 0.505511 0.432052
vt 0.505511 0.508094
vt 0.509134 0.508094
vt 0.513561 0.432052
vt 0.510222 0.432052
vt 0.510222 0.508094
vt 0.513561 0.508094
vt 0.517466 0.432052
vt 0.514539 0.432052
vt 0.514539 0.508094
vt 0.517466 0.508094
vt 0.238349 0.441059
vt 0.238349 0.499087
vt 0.234965 0.432052
vt 0.237892 0.432052
vt 0.237892 0.508094
vt 0.234965 0.508094
vt 0.230647 0.432052
vt 0.233986 0.432052
vt 0.233986 0.508094
vt 0.230647 0.508094
vt 0.225936 0.432052
vt 0.229559 0.432052
vt 0.229559 0.508094
vt 0.225936 0.508094
vt 0.221014 0.432052
vt 0.224782 0.432052
vt 0.224782 0.508094
vt 0.221014 0.508094
vt 0.216069 0.432052
vt 0.219837 0.432052
vt 0.219837 0.508094
vt 0.216069 0.508094
vt 0.211291 0.432052
vt 0.214915 0.432052
vt 0.214915 0.508094
vt 0.211291 0.508094
vt 0.206865 0.432052
vt 0.210204 0.432052
vt 0.210204 0.508094
vt 0.206865 0.508094
vt 0.202959 0.432052
vt 0.205886 0.432052
vt 0.205886 0.508094
vt 0.202959 0.508094
vt 0.517923 0.441059
vt 0.517923 0.499087
vt 0.514539 0.432052
vt 0.517466 0.432052
vt 0.517466 0.508094
vt 0.514539 0.508094
vt 0.510222 0.432052
vt 0.513561 0.432052
vt 0.513561 0.508094
vt 0.510222 0.508094
vt 0.505511 0.432052
vt 0.509134 0.432052
vt 0.509134 0.508094
vt 0.505511 0.508094
vt 0.500589 0.432052
vt 0.504356 0.432052
vt 0.504356 0.508094
vt 0.500589 0.508094
vt 0.495644 0.432052
vt 0.499411 0.432052
vt 0.499411 0.508094
vt 0.495644 0.508094
vt 0.490866 0.432052
vt 0.494489 0.432052
vt 0.494489 0.508094
vt 0.490866 0.508094
vt 0.486439 0.432052
vt 0.489779 0.432052
vt 0.489779 0.508094
vt 0.486439 0.508094
vt 0.482534 0.432052
vt 0.485461 0.432052
vt 0.485461 0.508094
vt 0.482534 0.508094
vt 0.202502 0.441059
vt 0.202502 0.499087
vt 0.205886 0.432052
vt 0.202959 0.432052
vt 0.202959 0.508094
vt 0.205886 0.508094
vt 0.210204 0.432052
vt 0.206865 0.432052
vt 0.206865 0.508094
vt 0.210204 0.508094
vt 0.214915 0.432052
vt 0.211291 0.432052
vt 0.211291 0.508094
vt 0.214915 0.508094
vt 0.219837 0.432052
vt 0.216069 0.432052
vt 0.216069 0.508094
vt 0.219837 0.508094
vt 0.224782 0.432052
vt 0.221014 0.432052
vt 0.221014 0.508094
vt 0.224782 0.508094
vt 0.229559 0.432052
vt 0.225936 0.432052
vt 0.225936 0.508094
vt 0.229559 0.508094
vt 0.233986 0.432052
vt 0.230647 0.432052
vt 0.230647 0.508094
vt 0.233986 0.508094
vt 0.237892 0.432052
vt 0.234965 0.432052
vt 0.234965 0.508094
vt 0.237892 0.508094
vt 0.482077 0.441059
vt 0.482077 0.499087
vt 0.485461 0.432052
vt 0.482534 0.432052
vt 0.482534 0.508094
vt 0.485461 0.508094
vt 0.489779 0.432052
vt 0.486439 0.432052
vt 0.486439 0.508094
vt 0.489779 0.508094
vt 0.494489 0.432052
vt 0.490866 0.432052
vt 0.490866 0.508094
vt 0.494489 0.508094
vt 0.499411 0.432052
vt 0.495644 0.432052
vt 0.495644 0.508094
vt 0.499411 0.508094
vt 0.495643 0.567948
vt 0.499411 0.567948
vt 0.499411 0.491906
vt 0.495644 0.491906
vt 0.490866 0.567948
vt 0.494489 0.567948
vt 0.494489 0.491906
vt 0.490866 0.491906
vt 0.486439 0.567948
vt 0.489778 0.567948
vt 0.489778 0.491906
vt 0.486439 0.491906
vt 0.482534 0.567948
vt 0.485461 0.567948
vt 0.485461 0.491906
vt 0.482534 0.491906
vt 0.797326 0.558941
vt 0.797326 0.500913
vt 0.793942 0.567947
vt 0.796869 0.567948
vt 0.796869 0.491906
vt 0.793942 0.491906
vt 0.789624 0.567948
vt 0.792963 0.567948
vt 0.792963 0.491906
vt 0.789624 0.491906
vt 0.784914 0.567948
vt 0.788537 0.567948
vt 0.788537 0.491906
vt 0.784914 0.491906
vt 0.779991 0.567948
vt 0.783759 0.567948
vt 0.783759 0.491906
vt 0.779991 0.491906
vt 0.775046 0.567948
vt 0.778814 0.567948
vt 0.778814 0.491906
vt 0.775046 0.491906
vt 0.770269 0.567948
vt 0.773892 0.567948
vt 0.773892 0.491906
vt 0.770269 0.491906
vt 0.765842 0.567948
vt 0.769181 0.567948
vt 0.769181 0.491906
vt 0.765842 0.491906
vt 0.761937 0.567948
vt 0.764863 0.567948
vt 0.764863 0.491906
vt 0.761937 0.491906
vt 0.482077 0.558941
vt 0.482077 0.500913
vt 0.485461 0.567948
vt 0.482534 0.567948
vt 0.482534 0.491906
vt 0.485461 0.491906
vt 0.489778 0.567948
vt 0.486439 0.567948
vt 0.486439 0.491906
vt 0.489778 0.491906
vt 0.494489 0.567948
vt 0.490866 0.567948
vt 0.490866 0.491906
vt 0.494489 0.491906
vt 0.499412 0.567948
vt 0.495644 0.567948
vt 0.495644 0.491906
vt 0.499411 0.491906
vt 0.504357 0.567948
vt 0.500589 0.567948
vt 0.500589 0.491906
vt 0.504357 0.491906
vt 0.509134 0.567948
vt 0.505511 0.567948
vt 0.505511 0.491906
vt 0.509134 0.491906
vt 0.513561 0.567948
vt 0.510222 0.567948
vt 0.510222 0.491906
vt 0.513561 0.491906
vt 0.517466 0.567948
vt 0.514539 0.567948
vt 0.514539 0.491906
vt 0.517466 0.491906
vt 0.761480 0.558941
vt 0.761479 0.500913
vt 0.764863 0.567947
vt 0.761937 0.567948
vt 0.761937 0.491906
vt 0.764863 0.491906
vt 0.769181 0.567948
vt 0.765842 0.567948
vt 0.765842 0.491906
vt 0.769181 0.491906
vt 0.773892 0.567948
vt 0.770269 0.567948
vt 0.770269 0.491906
vt 0.773892 0.491906
vt 0.778814 0.567948
vt 0.775046 0.567948
vt 0.775046 0.491906
vt 0.778814 0.491906
vt 0.783759 0.567948
vt 0.779991 0.567948
vt 0.779991 0.491906
vt 0.783759 0.491906
vt 0.788537 0.567948
vt 0.784914 0.567948
vt 0.784914 0.491906
vt 0.788537 0.491906
vt 0.792963 0.567947
vt 0.789624 0.567948
vt 0.789624 0.491906
vt 0.792963 0.491906
vt 0.796869 0.567948
vt 0.793942 0.567948
vt 0.793942 0.491906
vt 0.796869 0.491906
vt 0.517923 0.558941
vt 0.517923 0.500913
vt 0.514539 0.567947
vt 0.517466 0.567948
vt 0.517466 0.491906
vt 0.514539 0.491906
vt 0.510221 0.567948
vt 0.513561 0.567948
vt 0.513561 0.491906
vt 0.510221 0.491906
vt 0.505511 0.567948
vt 0.509134 0.567948
vt 0.509134 0.491906
vt 0.505511 0.491906
vt 0.500589 0.567948
vt 0.504356 0.567948
vt 0.504356 0.491906
vt 0.500589 0.491906
vt 0.495975 0.000258
vt 0.499017 0.000258
vt 0.499017 1.000258
vt 0.495975 1.000258
vt 0.491001 0.000258
vt 0.494225 0.000258
vt 0.494225 1.000258
vt 0.491001 1.000258
vt 0.486391 0.000258
vt 0.489715 0.000258
vt 0.489715 1.000258
vt 0.486392 1.000258
vt 0.172843 0.571609
vt 0.827501 0.571609
vt 0.166839 0.578943
vt 0.166839 0.572384
vt 0.833506 0.572384
vt 0.833506 0.578943
vt 0.166839 0.588690
vt 0.166839 0.580277
vt 0.833506 0.580277
vt 0.833506 0.588690
vt 0.166839 0.599802
vt 0.166839 0.589911
vt 0.833506 0.589911
vt 0.833506 0.599802
vt 0.166839 0.611843
vt 0.166839 0.600930
vt 0.833506 0.600930
vt 0.833506 0.611843
vt 0.166839 0.624346
vt 0.166839 0.612913
vt 0.833505 0.612913
vt 0.833506 0.624346
vt 0.166839 0.636829
vt 0.166839 0.625397
vt 0.833506 0.625397
vt 0.833506 0.636829
vt 0.166839 0.648812
vt 0.166839 0.637900
vt 0.833506 0.637900
vt 0.833506 0.648812
vt 0.166839 0.659832
vt 0.166839 0.649940
vt 0.833506 0.649940
vt 0.833506 0.659832
vt 0.166839 0.669465
vt 0.166839 0.661052
vt 0.833506 0.661052
vt 0.833506 0.669465
vt 0.166839 0.677359
vt 0.166839 0.670799
vt 0.833506 0.670799
vt 0.833506 0.677359
vt 0.485918 0.009265
vt 0.485918 0.991251
vt 0.489715 0.000258
vt 0.486392 0.000258
vt 0.486391 1.000258
vt 0.489715 1.000258
vt 0.494225 0.000258
vt 0.491001 0.000258
vt 0.491001 1.000258
vt 0.494225 1.000258
vt 0.499017 0.000258
vt 0.495975 0.000258
vt 0.495975 1.000258
vt 0.499017 1.000258
vt 0.504025 0.000258
vt 0.500983 0.000258
vt 0.500983 1.000258
vt 0.504025 1.000258
vt 0.508999 0.000258
vt 0.505775 0.000258
vt 0.505775 1.000258
vt 0.508999 1.000258
vt 0.513609 0.000258
vt 0.510285 0.000258
vt 0.510285 1.000258
vt 0.513609 1.000258
vt 0.172843 0.678133
vt 0.827501 0.678133
vt 0.166839 0.670799
vt 0.166839 0.677359
vt 0.833506 0.677359
vt 0.833506 0.670799
vt 0.166839 0.661052
vt 0.166839 0.669465
vt 0.833506 0.669465
vt 0.833506 0.661052
vt 0.166839 0.649940
vt 0.166839 0.659832
vt 0.833506 0.659832
vt 0.833506 0.649940
vt 0.166839 0.637900
vt 0.166839 0.648812
vt 0.833506 0.648812
vt 0.833506 0.637900
vt 0.166839 0.625397
vt 0.166839 0.636829
vt 0.833506 0.636829
vt 0.833506 0.625397
vt 0.166839 0.612913
vt 0.166839 0.624345
vt 0.833506 0.624346
vt 0.833506 0.612913
vt 0.166839 0.600930
vt 0.166839 0.611843
vt 0.833506 0.611843
vt 0.833506 0.600930
vt 0.166839 0.589911
vt 0.166839 0.599802
vt 0.833506 0.599802
vt 0.833506 0.589911
vt 0.166839 0.580277
vt 0.166839 0.588690
vt 0.833506 0.588690
vt 0.833506 0.580277
vt 0.166839 0.572384
vt 0.166839 0.578943
vt 0.833506 0.578943
vt 0.833506 0.572384
vt 0.514082 0.009265
vt 0.514082 0.991251
vt 0.510285 0.000258
vt 0.513608 0.000258
vt 0.513608 1.000258
vt 0.510285 1.000258
vt 0.505775 0.000258
vt 0.508999 0.000258
vt 0.508999 1.000258
vt 0.505775 1.000258
vt 0.500983 0.000258
vt 0.504025 0.000258
vt 0.504025 1.000258
vt 0.500983 1.000258
vt 0.495643 0.567947
vt 0.499411 0.567947
vt 0.499411 0.491906
vt 0.495644 0.491906
vt 0.490866 0.567947
vt 0.494489 0.567947
vt 0.494489 0.491906
vt 0.490866 0.491906
vt 0.486439 0.567947
vt 0.489778 0.567947
vt 0.489778 0.491906
vt 0.486439 0.491906
vt 0.482534 0.567948
vt 0.485461 0.567947
vt 0.485461 0.491906
vt 0.482534 0.491906
vt 0.238349 0.558941
vt 0.238349 0.500912
vt 0.234965 0.567947
vt 0.237892 0.567948
vt 0.237892 0.491906
vt 0.234965 0.491906
vt 0.230647 0.567947
vt 0.233986 0.567948
vt 0.233986 0.491906
vt 0.230647 0.491906
vt 0.225936 0.567947
vt 0.229559 0.567947
vt 0.229559 0.491906
vt 0.225936 0.491906
vt 0.221014 0.567947
vt 0.224782 0.567948
vt 0.224782 0.491906
vt 0.221014 0.491906
vt 0.216069 0.567947
vt 0.219837 0.567947
vt 0.219837 0.491906
vt 0.216069 0.491906
vt 0.211291 0.567947
vt 0.214915 0.567947
vt 0.214915 0.491906
vt 0.211291 0.491906
vt 0.206865 0.567947
vt 0.210204 0.567947
vt 0.210204 0.491906
vt 0.206865 0.491906
vt 0.202959 0.567947
vt 0.205886 0.567947
vt 0.205886 0.491906
vt 0.202959 0.491906
vt 0.482077 0.558941
vt 0.482077 0.500912
vt 0.485461 0.567947
vt 0.482534 0.567947
vt 0.482534 0.491906
vt 0.485461 0.491906
vt 0.489778 0.567948
vt 0.486439 0.567948
vt 0.486439 0.491906
vt 0.489778 0.491906
vt 0.494489 0.567947
vt 0.490866 0.567948
vt 0.490866 0.491906
vt 0.494489 0.491906
vt 0.499411 0.567947
vt 0.495644 0.567947
vt 0.495644 0.491906
vt 0.499411 0.491906
vt 0.504356 0.567947
vt 0.500589 0.567947
vt 0.500589 0.491906
vt 0.504356 0.491906
vt 0.509134 0.567947
vt 0.505511 0.567948
vt 0.505511 0.491906
vt 0.509134 0.491906
vt 0.513561 0.567947
vt 0.510221 0.567947
vt 0.510221 0.491906
vt 0.513561 0.491906
vt 0.517466 0.567947
vt 0.514539 0.567947
vt 0.514539 0.491906
vt 0.517466 0.491906
vt 0.202502 0.558941
vt 0.202502 0.500912
vt 0.205886 0.567947
vt 0.202959 0.567947
vt 0.202959 0.491906
vt 0.205886 0.491906
vt 0.210204 0.567947
vt 0.206865 0.567947
vt 0.206865 0.491906
vt 0.210204 0.491906
vt 0.214915 0.567947
vt 0.211291 0.567947
vt 0.211291 0.491906
vt 0.214915 0.491906
vt 0.219837 0.567947
vt 0.216069 0.567947
vt 0.216069 0.491906
vt 0.219837 0.491906
vt 0.224782 0.567947
vt 0.221014 0.567947
vt 0.221014 0.491906
vt 0.224782 0.491906
vt 0.229559 0.567947
vt 0.225936 0.567947
vt 0.225936 0.491906
vt 0.229559 0.491906
vt 0.233986 0.567947
vt 0.230647 0.567948
vt 0.230647 0.491906
vt 0.233986 0.491906
vt 0.237892 0.567947
vt 0.234965 0.567947
vt 0.234965 0.491906
vt 0.237892 0.491906
vt 0.517923 0.558941
vt 0.517923 0.500912
vt 0.514539 0.567948
vt 0.517466 0.567947
vt 0.517466 0.491906
vt 0.514539 0.491906
vt 0.510221 0.567948
vt 0.513561 0.567947
vt 0.513561 0.491906
vt 0.510221 0.491906
vt 0.505511 0.567947
vt 0.509134 0.567947
vt 0.509134 0.491906
vt 0.505511 0.491906
vt 0.500589 0.567947
vt 0.504356 0.567947
vt 0.504356 0.491906
vt 0.500589 0.491906
vn -0.0980 0.9952 0.0000
vn 0.4714 0.8819 0.0000
vn 0.6344 0.7730 0.0000
vn 0.7730 0.6344 0.0000
vn 0.8819 0.4714 0.0000
vn 0.9569 0.2903 0.0000
vn 0.9952 0.0980 0.0000
vn 0.9952 -0.0980 0.0000
vn 0.9569 -0.2903 0.0000
vn 0.8819 -0.4714 0.0000
vn 0.7730 -0.6344 0.0000
vn 0.6344 -0.7730 0.0000
vn 0.4714 -0.8819 0.0000
vn 0.2903 -0.9569 0.0000
vn 0.0980 -0.9952 -0.0000
vn -0.0980 -0.9952 0.0000
vn -0.2903 -0.9569 0.0000
vn -0.4714 -0.8819 0.0000
vn -0.6344 -0.7730 0.0000
vn -0.7730 -0.6344 0.0000
vn -0.8819 -0.4714 0.0000
vn -0.9569 -0.2903 0.0000
vn -0.9952 -0.0980 0.0000
vn -0.9952 0.0980 0.0000
vn -0.9569 0.2903 0.0000
vn -0.8819 0.4714 0.0000
vn -0.7730 0.6344 0.0000
vn -0.6344 0.7730 0.0000
vn -0.4714 0.8819 0.0000
vn -0.2903 0.9569 0.0000
vn 0.2903 0.9569 0.0000
vn 0.0000 -1.0000 -0.0000
vn -0.0000 -0.0000 1.0000
vn 0.0980 0.9952 0.0000
vn 0.0980 0.0000 0.9952
vn -0.4714 0.0000 0.8819
vn -0.6344 0.0000 0.7730
vn -0.7730 0.0000 0.6344
vn -0.8819 0.0000 0.4714
vn -0.9569 0.0000 0.2903
vn -0.9952 0.0000 0.0980
vn -0.9952 -0.0000 -0.0980
vn -0.9569 0.0000 -0.2903
vn -0.8819 0.0000 -0.4714
vn -0.7730 0.0000 -0.6344
vn -0.6344 0.0000 -0.7730
vn -0.4714 0.0000 -0.8819
vn -0.2903 0.0000 -0.9569
vn -0.0980 0.0000 -0.9952
vn 0.0980 0.0000 -0.9952
vn 0.2903 0.0000 -0.9569
vn 0.4714 -0.0000 -0.8819
vn 0.6344 0.0000 -0.7730
vn 0.7730 0.0000 -0.6344
vn 0.8819 0.0000 -0.4714
vn 0.9569 0.0000 -0.2903
vn 0.9952 0.0000 -0.0980
vn 0.9952 0.0000 0.0980
vn 0.9569 0.0000 0.2903
vn 0.8819 0.0000 0.4714
vn 0.7730 0.0000 0.6344
vn 0.6344 0.0000 0.7730
vn 0.4714 0.0000 0.8819
vn 0.2903 0.0000 0.9569
vn -0.2903 0.0000 0.9569
vn 0.0000 0.0000 -1.0000
vn 0.0000 1.0000 0.0000
vn -0.0980 -0.0000 0.9952
vn -0.0000 -0.5476 -0.8367
vn -0.0000 -0.5476 0.8367
vn -0.1068 -0.5371 -0.8367
vn -0.1068 -0.5371 0.8367
vn -0.2096 -0.5060 -0.8367
vn -0.2096 -0.5060 0.8367
vn -0.3043 -0.4554 -0.8367
vn -0.3043 -0.4554 0.8367
vn -0.3872 -0.3872 -0.8367
vn -0.3872 -0.3872 0.8367
vn -0.4554 -0.3043 -0.8367
vn -0.4554 -0.3043 0.8367
vn -0.5060 -0.2096 -0.8367
vn -0.5060 -0.2096 0.8367
vn -0.5371 -0.1068 -0.8367
vn -0.5371 -0.1068 0.8367
vn -0.5476 0.0000 -0.8367
vn -0.5476 0.0000 0.8367
vn -0.5371 0.1068 -0.8367
vn -0.5371 0.1068 0.8367
vn -0.5060 0.2096 -0.8367
vn -0.5060 0.2096 0.8367
vn -0.4554 0.3043 -0.8367
vn -0.4554 0.3043 0.8367
vn -0.3872 0.3872 -0.8367
vn -0.3872 0.3872 0.8367
vn -0.3043 0.4554 -0.8367
vn -0.3043 0.4554 0.8367
vn -0.2096 0.5060 -0.8367
vn -0.2096 0.5060 0.8367
vn -0.1068 0.5371 -0.8367
vn -0.1068 0.5371 0.8367
vn 0.0000 0.5476 -0.8367
vn 0.0000 0.5476 0.8367
vn 0.1068 0.5371 -0.8367
vn 0.1068 0.5371 0.8367
vn 0.2096 0.5060 -0.8367
vn 0.2096 0.5060 0.8367
vn 0.3043 0.4554 -0.8367
vn 0.3043 0.4554 0.8367
vn 0.3872 0.3872 -0.8367
vn 0.3872 0.3872 0.8367
vn 0.4553 0.3043 -0.8367
vn 0.4553 0.3043 0.8367
vn 0.5060 0.2096 -0.8367
vn 0.5060 0.2096 0.8367
vn 0.5371 0.1068 -0.8367
vn 0.5371 0.1068 0.8367
vn 0.5476 0.0000 -0.8367
vn 0.5476 0.0000 0.8367
vn 0.5371 -0.1068 -0.8367
vn 0.5371 -0.1068 0.8367
vn 0.5060 -0.2096 -0.8367
vn 0.5060 -0.2096 0.8367
vn 0.4554 -0.3043 -0.8367
vn 0.4554 -0.3043 0.8367
vn 0.3872 -0.3872 -0.8367
vn 0.3872 -0.3872 0.8367
vn 0.3043 -0.4554 -0.8367
vn 0.3043 -0.4554 0.8367
vn 0.2096 -0.5060 -0.8367
vn 0.2096 -0.5060 0.8367
vn 0.1068 -0.5371 -0.8367
vn 0.1068 -0.5371 0.8367
vn 0.0000 -0.4504 -0.8928
vn 0.0000 0.4504 -0.8928
vn 0.1699 -0.4659 -0.8683
vn 0.1699 0.4659 -0.8684
vn 0.3263 -0.5056 -0.7987
vn 0.3263 0.5056 -0.7987
vn 0.4586 -0.5549 -0.6941
vn 0.4586 0.5549 -0.6941
vn 0.5623 -0.6014 -0.5676
vn 0.5623 0.6014 -0.5675
vn 0.6381 -0.6389 -0.4297
vn 0.6381 0.6389 -0.4297
vn 0.6889 -0.6654 -0.2873
vn 0.6889 0.6654 -0.2873
vn 0.7180 -0.6811 -0.1437
vn 0.7180 0.6811 -0.1437
vn 0.7274 -0.6862 0.0000
vn 0.7274 0.6862 0.0000
vn 0.7180 -0.6811 0.1437
vn 0.7180 0.6811 0.1437
vn 0.6889 -0.6654 0.2874
vn 0.6889 0.6654 0.2873
vn 0.6381 -0.6389 0.4297
vn 0.6381 0.6389 0.4297
vn 0.5623 -0.6014 0.5676
vn 0.5623 0.6014 0.5675
vn 0.4586 -0.5549 0.6941
vn 0.4586 0.5549 0.6941
vn 0.3263 -0.5056 0.7987
vn 0.3263 0.5056 0.7987
vn 0.1699 -0.4659 0.8683
vn 0.1699 0.4659 0.8684
vn -0.0000 -0.4504 0.8928
vn -0.0000 0.4504 0.8928
vn -0.1699 -0.4659 0.8683
vn -0.1699 0.4659 0.8684
vn -0.3263 -0.5056 0.7987
vn -0.3263 0.5056 0.7987
vn -0.4586 -0.5549 0.6941
vn -0.4586 0.5549 0.6941
vn -0.5623 -0.6014 0.5676
vn -0.5623 0.6014 0.5675
vn -0.6381 -0.6389 0.4297
vn -0.6381 0.6389 0.4297
vn -0.6889 -0.6654 0.2873
vn -0.6889 0.6654 0.2873
vn -0.7180 -0.6811 0.1437
vn -0.7180 0.6811 0.1437
vn -0.7274 -0.6862 0.0000
vn -0.7274 0.6862 -0.0000
vn -0.7180 -0.6811 -0.1437
vn -0.7180 0.6811 -0.1437
vn -0.6889 -0.6654 -0.2873
vn -0.6889 0.6654 -0.2873
vn -0.6381 -0.6389 -0.4297
vn -0.6381 0.6389 -0.4297
vn -0.5623 -0.6014 -0.5675
vn -0.5623 0.6014 -0.5675
vn -0.4586 -0.5549 -0.6941
vn -0.4586 0.5549 -0.6941
vn -0.3263 -0.5056 -0.7987
vn -0.3263 0.5056 -0.7987
vn -0.1699 -0.4659 -0.8683
vn -0.1699 0.4659 -0.8684
vn 0.0000 -0.5477 -0.8367
vn 0.0000 -0.5477 0.8367
vn -0.3873 -0.3873 -0.8367
vn -0.5477 -0.0000 -0.8367
vn -0.5477 -0.0000 0.8367
vn -0.4553 0.3042 -0.8367
vn -0.4553 0.3042 0.8367
vn 0.0000 0.5477 -0.8367
vn 0.0000 0.5477 0.8367
vn 0.4554 0.3043 -0.8367
vn 0.4554 0.3043 0.8367
vn 0.3873 -0.3873 -0.8367
vn 0.3873 -0.3873 0.8367
vn -0.4553 0.3043 0.8367
vn -0.4553 0.3043 -0.8367
vn -0.1699 -0.4659 0.8684
vn -0.1699 0.4659 0.8683
vn -0.5623 -0.6014 -0.5676
vn 0.1699 -0.4659 -0.8684
vn 0.1699 0.4659 -0.8683
vn 0.5623 -0.6014 -0.5675
vn 0.6889 -0.6654 0.2873
vn 0.1699 -0.4659 0.8684
vn 0.3873 -0.3872 -0.8367
vn 0.5477 0.0000 0.8367
vn 0.5477 0.0000 -0.8367
vn -0.3872 -0.3873 0.8367
vn -0.3872 -0.3873 -0.8367
vn 0.0500 0.5080 0.8599
vn 0.0500 0.5080 -0.8599
vn -0.1951 -0.9808 0.0000
vn 0.1482 0.4884 0.8599
vn 0.1482 0.4884 -0.8599
vn -0.3827 -0.9239 0.0000
vn 0.2406 0.4501 0.8599
vn 0.2406 0.4501 -0.8599
vn -0.5556 -0.8315 0.0000
vn 0.3238 0.3945 0.8599
vn 0.3238 0.3945 -0.8599
vn -0.7071 -0.7071 0.0000
vn 0.3946 0.3238 0.8599
vn 0.3945 0.3238 -0.8599
vn -0.8315 -0.5556 0.0000
vn 0.4501 0.2406 0.8599
vn 0.4501 0.2406 -0.8599
vn -0.9239 -0.3827 0.0000
vn 0.4884 0.1482 0.8599
vn 0.4884 0.1482 -0.8599
vn -0.9808 -0.1951 0.0000
vn 0.5079 0.0500 0.8599
vn 0.5079 0.0500 -0.8599
vn -1.0000 0.0000 0.0000
vn 0.5079 -0.0500 0.8599
vn 0.5079 -0.0500 -0.8599
vn -0.9808 0.1951 0.0000
vn 0.4884 -0.1482 0.8599
vn 0.4884 -0.1482 -0.8599
vn -0.9239 0.3827 0.0000
vn 0.4501 -0.2406 0.8599
vn 0.4501 -0.2406 -0.8599
vn -0.8315 0.5556 0.0000
vn 0.3946 -0.3238 0.8599
vn 0.3946 -0.3238 -0.8599
vn -0.7071 0.7071 0.0000
vn 0.3238 -0.3945 0.8599
vn 0.3238 -0.3945 -0.8599
vn -0.5556 0.8315 0.0000
vn 0.2406 -0.4501 0.8599
vn 0.2406 -0.4501 -0.8599
vn -0.3827 0.9239 0.0000
vn 0.1482 -0.4884 0.8599
vn 0.1482 -0.4884 -0.8599
vn -0.1951 0.9808 0.0000
vn 0.0500 -0.5079 0.8599
vn 0.0500 -0.5080 -0.8599
vn -0.0500 -0.5080 0.8599
vn -0.0500 -0.5080 -0.8599
vn 0.1951 0.9808 0.0000
vn -0.1482 -0.4885 0.8599
vn -0.1482 -0.4885 -0.8599
vn 0.3827 0.9239 0.0000
vn -0.2406 -0.4501 0.8599
vn -0.2406 -0.4501 -0.8599
vn 0.5556 0.8315 0.0000
vn -0.3238 -0.3945 0.8599
vn -0.3238 -0.3945 -0.8599
vn 0.7071 0.7071 0.0000
vn -0.3945 -0.3238 0.8599
vn -0.3945 -0.3238 -0.8599
vn 0.8315 0.5556 0.0000
vn -0.4501 -0.2406 0.8599
vn -0.4501 -0.2406 -0.8599
vn 0.9239 0.3827 0.0000
vn -0.4884 -0.1482 0.8599
vn -0.4884 -0.1482 -0.8599
vn 0.9808 0.1951 0.0000
vn -0.5079 -0.0500 0.8599
vn -0.5079 -0.0500 -0.8599
vn 1.0000 0.0000 0.0000
vn -0.5079 0.0500 0.8599
vn -0.5079 0.0500 -0.8599
vn 0.9808 -0.1951 0.0000
vn -0.4884 0.1482 0.8599
vn -0.4884 0.1482 -0.8599
vn 0.9239 -0.3827 0.0000
vn -0.4501 0.2406 0.8599
vn -0.4501 0.2406 -0.8599
vn 0.8315 -0.5556 0.0000
vn -0.3946 0.3238 0.8599
vn -0.3946 0.3238 -0.8599
vn 0.7071 -0.7071 0.0000
vn -0.3238 0.3945 0.8599
vn -0.3238 0.3945 -0.8599
vn 0.5556 -0.8315 0.0000
vn -0.2406 0.4501 0.8599
vn -0.2406 0.4501 -0.8599
vn 0.3827 -0.9239 0.0000
vn -0.1482 0.4884 0.8599
vn -0.1482 0.4884 -0.8599
vn 0.1951 -0.9808 0.0000
vn -0.0500 0.5080 0.8599
vn -0.0500 0.5080 -0.8599
vn -0.0841 0.5137 0.8538
vn -0.0841 -0.5137 0.8538
vn 0.1920 0.0000 -0.9814
vn -0.2447 0.5378 0.8068
vn -0.2447 -0.5378 0.8068
vn 0.3782 0.0000 -0.9257
vn -0.3854 0.5759 0.7210
vn -0.3854 -0.5759 0.7210
vn 0.5512 0.0000 -0.8343
vn -0.4997 0.6165 0.6085
vn -0.5001 -0.6169 0.6077
vn 0.7038 0.0000 -0.7104
vn 0.5861 -0.6520 -0.4810
vn 0.5861 0.6519 -0.4811
vn 0.8295 0.0000 -0.5586
vn 0.6473 -0.6791 -0.3461
vn 0.6473 0.6791 -0.3460
vn 0.9229 0.0000 -0.3849
vn 0.6861 -0.6971 -0.2082
vn 0.6861 0.6971 -0.2081
vn 0.9805 0.0000 -0.1963
vn 0.7048 -0.7060 -0.0694
vn 0.7048 0.7060 -0.0694
vn 0.7048 -0.7060 0.0694
vn 0.7048 0.7060 0.0694
vn 0.9805 0.0000 0.1963
vn 0.6861 -0.6971 0.2081
vn 0.6861 0.6971 0.2081
vn 0.9229 0.0000 0.3849
vn 0.6473 -0.6791 0.3460
vn 0.6473 0.6791 0.3460
vn 0.8295 0.0000 0.5586
vn 0.5862 -0.6520 0.4809
vn 0.5861 0.6520 0.4811
vn 0.7038 0.0000 0.7104
vn -0.4998 0.6165 -0.6084
vn -0.5002 -0.6169 -0.6077
vn 0.5512 0.0000 0.8343
vn -0.3854 0.5759 -0.7210
vn -0.3854 -0.5759 -0.7210
vn 0.3782 0.0000 0.9257
vn -0.2447 0.5378 -0.8068
vn -0.2447 -0.5378 -0.8068
vn 0.1920 -0.0000 0.9814
vn -0.0841 0.5137 -0.8538
vn -0.0841 -0.5137 -0.8538
vn 0.0841 0.5137 -0.8538
vn 0.0841 -0.5137 -0.8538
vn -0.1920 0.0000 0.9814
vn 0.2447 0.5378 -0.8068
vn 0.2447 -0.5378 -0.8068
vn -0.3782 0.0000 0.9257
vn 0.3854 0.5759 -0.7210
vn 0.3854 -0.5759 -0.7210
vn -0.5512 0.0000 0.8343
vn 0.4997 0.6165 -0.6085
vn 0.5000 -0.6169 -0.6077
vn -0.7038 0.0000 0.7104
vn -0.5861 -0.6520 0.4810
vn -0.5861 0.6519 0.4811
vn -0.8295 0.0000 0.5586
vn -0.6473 -0.6791 0.3461
vn -0.6473 0.6791 0.3460
vn -0.9229 0.0000 0.3849
vn -0.6861 -0.6971 0.2081
vn -0.6861 0.6971 0.2081
vn -0.9805 0.0000 0.1963
vn -0.7048 -0.7060 0.0694
vn -0.7048 0.7060 0.0694
vn -0.7048 -0.7060 -0.0694
vn -0.7048 0.7060 -0.0694
vn -0.9805 0.0000 -0.1963
vn -0.6861 -0.6971 -0.2081
vn -0.6861 0.6971 -0.2081
vn -0.9229 0.0000 -0.3849
vn -0.6473 -0.6791 -0.3460
vn -0.6473 0.6791 -0.3460
vn -0.8295 0.0000 -0.5586
vn -0.5861 -0.6520 -0.4810
vn -0.5861 0.6520 -0.4811
vn -0.7038 0.0000 -0.7104
vn 0.5004 0.6172 0.6071
vn 0.5000 -0.6171 0.6076
vn -0.5512 0.0000 -0.8343
vn 0.3854 0.5759 0.7210
vn 0.3854 -0.5759 0.7210
vn -0.3782 0.0000 -0.9257
vn 0.2447 0.5378 0.8068
vn 0.2447 -0.5378 0.8068
vn -0.1920 0.0000 -0.9814
vn 0.0841 0.5137 0.8538
vn 0.0841 -0.5137 0.8538
vn 0.0500 0.5079 0.8599
vn 0.0500 0.5079 -0.8599
vn 0.3238 0.3946 0.8599
vn 0.3945 0.3238 0.8599
vn 0.4502 0.2406 -0.8599
vn 0.5080 0.0500 0.8599
vn 0.5080 0.0500 -0.8599
vn 0.5080 -0.0500 0.8599
vn 0.5080 -0.0500 -0.8599
vn 0.4885 -0.1482 0.8599
vn 0.4885 -0.1482 -0.8599
vn 0.3945 -0.3238 0.8599
vn 0.3945 -0.3238 -0.8599
vn 0.3238 -0.3946 0.8599
vn 0.3238 -0.3946 -0.8599
vn 0.0500 -0.5080 0.8599
vn -0.0500 -0.5079 -0.8599
vn -0.1482 -0.4884 0.8599
vn -0.1482 -0.4884 -0.8599
vn -0.2406 -0.4502 0.8599
vn -0.2406 -0.4502 -0.8599
vn -0.3238 -0.3946 0.8599
vn -0.4885 -0.1482 0.8599
vn -0.5080 -0.0500 0.8599
vn -0.5080 -0.0500 -0.8599
vn -0.5080 0.0500 0.8599
vn -0.5080 0.0500 -0.8599
vn -0.3945 0.3238 0.8599
vn -0.3945 0.3238 -0.8599
vn -0.3238 0.3946 -0.8599
vn -0.2406 0.4502 -0.8599
vn -0.0500 0.5079 0.8599
vn -0.0500 0.5079 -0.8599
vn -0.3946 -0.3238 0.8599
vn -0.0500 -0.5079 0.8599
vn 0.3946 0.3238 -0.8599
vn 0.3238 0.3946 -0.8599
vn 0.4995 0.6170 -0.6081
vn 0.4998 -0.6172 -0.6077
vn -0.6473 -0.6792 0.3460
vn -0.6861 -0.6971 -0.2082
vn -0.5862 -0.6520 -0.4810
vn -0.5861 0.6520 -0.4810
vn 0.5000 0.6161 0.6086
vn 0.5000 -0.6170 0.6077
vn -0.2447 0.5377 0.8068
vn -0.3853 0.5759 0.7210
vn -0.4996 0.6168 0.6082
vn -0.4996 -0.6168 0.6082
vn 0.5861 -0.6519 -0.4811
vn 0.6473 0.6791 -0.3461
vn 0.6861 -0.6971 -0.2081
vn 0.6861 -0.6971 0.2082
vn 0.5862 -0.6520 0.4810
vn 0.5861 0.6519 0.4811
vn -0.4998 0.6166 -0.6083
vn -0.5001 -0.6171 -0.6076
vn -0.4884 0.1481 -0.8599
vn -0.4885 -0.1482 -0.8599
vn -0.3238 -0.3946 -0.8599
vn 0.0500 -0.5079 -0.8599
vn 0.2406 -0.4502 -0.8599
vn 0.2406 -0.4502 0.8599
usemtl Material.003
s off
f 273/175/39 275/176/39 90/177/39 86/178/39
f 99/179/40 101/180/40 108/181/40 104/182/40
f 105/183/41 107/184/41 114/185/41 110/186/41
f 111/187/42 113/188/42 120/189/42 116/190/42
f 117/191/43 119/192/43 126/193/43 122/194/43
f 123/195/44 125/196/44 132/197/44 128/198/44
f 129/199/45 131/200/45 138/201/45 134/202/45
f 135/203/46 137/204/46 144/205/46 140/206/46
f 141/207/47 143/208/47 150/209/47 146/210/47
f 147/211/48 149/212/48 156/213/48 152/214/48
f 153/215/49 155/216/49 162/217/49 158/218/49
f 159/219/50 161/220/50 168/221/50 164/222/50
f 165/223/51 167/224/51 174/225/51 170/226/51
f 171/227/52 173/228/52 180/229/52 176/230/52
f 177/231/53 179/232/53 186/233/53 182/234/53
f 183/235/54 185/236/54 192/237/54 188/238/54
f 189/239/55 191/240/55 198/241/55 194/242/55
f 195/243/56 197/244/56 204/245/56 200/246/56
f 201/247/57 203/248/57 210/249/57 206/250/57
f 207/251/58 209/252/58 216/253/58 212/254/58
f 213/255/59 215/256/59 222/257/59 218/258/59
f 219/259/60 221/260/60 228/261/60 224/262/60
f 225/263/61 227/264/61 234/265/61 230/266/61
f 231/267/62 233/268/62 240/269/62 236/270/62
f 237/271/63 239/272/63 246/273/63 242/274/63
f 243/275/64 245/276/64 252/277/64 248/278/64
f 249/279/65 251/280/65 258/281/65 254/282/65
f 255/283/66 257/284/66 264/285/66 260/286/66
f 261/287/67 263/288/67 270/289/67 266/290/67
f 267/291/68 269/292/68 276/293/68 272/294/68
f 93/295/69 95/296/69 102/297/69 98/298/69
f 277/299/70 283/300/70 289/301/70 295/302/70 301/303/70 307/304/70 313/305/70 319/306/70 325/307/70 331/308/70 337/309/70 343/310/70 349/311/70 355/312/70 361/313/70 367/314/70 373/315/70 379/316/70 385/317/70 391/318/70 397/319/70 403/320/70 409/321/70 415/322/70 421/323/70 427/324/70 433/325/70 439/326/70 445/327/70 451/328/70 457/329/70 463/330/70
f 94/331/71 88/332/71 274/333/71 268/334/71 262/335/71 256/336/71 250/337/71 244/338/71 238/339/71 232/340/71 226/341/71 220/342/71 214/343/71 208/344/71 202/345/71 196/346/71 190/347/71 184/348/71 178/349/71 172/350/71 166/351/71 160/352/71 154/353/71 148/354/71 142/355/71 136/356/71 130/357/71 124/358/71 118/359/71 112/360/71 106/361/71 100/362/71
f 87/363/72 89/364/72 96/365/72 92/366/72
f 465/367/73 467/368/73 282/369/73 278/370/73
f 291/371/74 293/372/74 300/373/74 296/374/74
f 297/375/75 299/376/75 306/377/75 302/378/75
f 303/379/76 305/380/76 312/381/76 308/382/76
f 309/383/77 311/384/77 318/385/77 314/386/77
f 315/387/78 317/388/78 324/389/78 320/390/78
f 321/391/79 323/392/79 330/393/79 326/394/79
f 327/395/80 329/396/80 336/397/80 332/398/80
f 333/399/81 335/400/81 342/401/81 338/402/81
f 339/403/82 341/404/82 348/405/82 344/406/82
f 345/407/83 347/408/83 354/409/83 350/410/83
f 351/411/84 353/412/84 360/413/84 356/414/84
f 357/415/85 359/416/85 366/417/85 362/418/85
f 363/419/86 365/420/86 372/421/86 368/422/86
f 369/423/87 371/424/87 378/425/87 374/426/87
f 375/427/88 377/428/88 384/429/88 380/430/88
f 381/431/89 383/432/89 390/433/89 386/434/89
f 387/435/90 389/436/90 396/437/90 392/438/90
f 393/439/91 395/440/91 402/441/91 398/442/91
f 399/443/92 401/444/92 408/445/92 404/446/92
f 405/447/93 407/448/93 414/449/93 410/450/93
f 411/451/94 413/452/94 420/453/94 416/454/94
f 417/455/95 419/456/95 426/457/95 422/458/95
f 423/459/96 425/460/96 432/461/96 428/462/96
f 429/463/97 431/464/97 438/465/97 434/466/97
f 435/467/98 437/468/98 444/469/98 440/470/98
f 441/471/99 443/472/99 450/473/99 446/474/99
f 447/475/100 449/476/100 456/477/100 452/478/100
f 453/479/101 455/480/101 462/481/101 458/482/101
f 459/483/102 461/484/102 468/485/102 464/486/102
f 285/487/103 287/488/103 294/489/103 290/490/103
f 469/491/104 475/492/104 481/493/104 487/494/104 493/495/104 499/496/104 505/497/104 511/498/104 517/499/104 523/500/104 529/501/104 535/502/104 541/503/104 547/504/104 553/505/104 559/506/104 565/507/104 571/508/104 577/509/104 583/510/104 589/511/104 595/512/104 601/513/104 607/514/104 613/515/104 619/516/104 625/517/104 631/518/104 637/519/104 643/520/104 649/521/104 655/522/104
f 286/523/105 280/524/105 466/525/105 460/526/105 454/527/105 448/528/105 442/529/105 436/530/105 430/531/105 424/532/105 418/533/105 412/534/105 406/535/105 400/536/105 394/537/105 388/538/105 382/539/105 376/540/105 370/541/105 364/542/105 358/543/105 352/544/105 346/545/105 340/546/105 334/547/105 328/548/105 322/549/105 316/550/105 310/551/105 304/552/105 298/553/105 292/554/105
f 279/555/106 281/556/106 288/557/106 284/558/106
f 657/559/39 659/560/39 474/561/39 470/562/39
f 483/563/40 485/564/40 492/565/40 488/566/40
f 489/567/41 491/568/41 498/569/41 494/570/41
f 495/571/42 497/572/42 504/573/42 500/574/42
f 501/575/43 503/576/43 510/577/43 506/578/43
f 507/579/44 509/580/44 516/581/44 512/582/44
f 513/583/45 515/584/45 522/585/45 518/586/45
f 519/587/46 521/588/46 528/589/46 524/590/46
f 525/591/47 527/592/47 534/593/47 530/594/47
f 531/595/48 533/596/48 540/597/48 536/598/48
f 537/599/49 539/600/49 546/601/49 542/602/49
f 543/603/50 545/604/50 552/605/50 548/606/50
f 549/607/51 551/608/51 558/609/51 554/610/51
f 555/611/52 557/612/52 564/613/52 560/614/52
f 561/615/53 563/616/53 570/617/53 566/618/53
f 567/619/54 569/620/54 576/621/54 572/622/54
f 573/623/55 575/624/55 582/625/55 578/626/55
f 579/627/56 581/628/56 588/629/56 584/630/56
f 585/631/57 587/632/57 594/633/57 590/634/57
f 591/635/58 593/636/58 600/637/58 596/638/58
f 597/639/59 599/640/59 606/641/59 602/642/59
f 603/643/60 605/644/60 612/645/60 608/646/60
f 609/647/61 611/648/61 618/649/61 614/650/61
f 615/651/62 617/652/62 624/653/62 620/654/62
f 621/655/63 623/656/63 630/657/63 626/658/63
f 627/659/64 629/660/64 636/661/64 632/662/64
f 633/663/65 635/664/65 642/665/65 638/666/65
f 639/667/66 641/668/66 648/669/66 644/670/66
f 645/671/67 647/672/67 654/673/67 650/674/67
f 651/675/68 653/676/68 660/677/68 656/678/68
f 477/679/69 479/680/69 486/681/69 482/682/69
f 661/683/71 667/684/71 673/685/71 679/686/71 685/687/71 691/688/71 697/689/71 703/690/71 709/691/71 715/692/71 721/693/71 727/694/71 733/695/71 739/696/71 745/697/71 751/698/71 757/699/71 763/700/71 769/701/71 775/702/71 781/703/71 787/704/71 793/705/71 799/706/71 805/707/71 811/708/71 817/709/71 823/710/71 829/711/71 835/712/71 841/713/71 847/714/71
f 478/715/71 472/716/71 658/717/71 652/718/71 646/719/71 640/720/71 634/721/71 628/722/71 622/723/71 616/724/71 610/725/71 604/726/71 598/727/71 592/728/71 586/729/71 580/730/71 574/731/71 568/732/71 562/733/71 556/734/71 550/735/71 544/736/71 538/737/71 532/738/71 526/739/71 520/740/71 514/741/71 508/742/71 502/743/71 496/744/71 490/745/71 484/746/71
f 471/747/72 473/748/72 480/749/72 476/750/72
f 849/751/72 851/752/72 666/753/72 662/754/72
f 675/755/67 677/756/67 684/757/67 680/758/67
f 681/759/66 683/760/66 690/761/66 686/762/66
f 687/763/65 689/764/65 696/765/65 692/766/65
f 693/767/64 695/768/64 702/769/64 698/770/64
f 699/771/63 701/772/63 708/773/63 704/774/63
f 705/775/62 707/776/62 714/777/62 710/778/62
f 711/779/61 713/780/61 720/781/61 716/782/61
f 717/783/60 719/784/60 726/785/60 722/786/60
f 723/787/59 725/788/59 732/789/59 728/790/59
f 729/791/58 731/792/58 738/793/58 734/794/58
f 735/795/57 737/796/57 744/797/57 740/798/57
f 741/799/56 743/800/56 750/801/56 746/802/56
f 747/803/55 749/804/55 756/805/55 752/806/55
f 753/807/54 755/808/54 762/809/54 758/810/54
f 759/811/53 761/812/53 768/813/53 764/814/53
f 765/815/52 767/816/52 774/817/52 770/818/52
f 771/819/51 773/820/51 780/821/51 776/822/51
f 777/823/50 779/824/50 786/825/50 782/826/50
f 783/827/49 785/828/49 792/829/49 788/830/49
f 789/831/48 791/832/48 798/833/48 794/834/48
f 795/835/47 797/836/47 804/837/47 800/838/47
f 801/839/46 803/840/46 810/841/46 806/842/46
f 807/843/45 809/844/45 816/845/45 812/846/45
f 813/847/44 815/848/44 822/849/44 818/850/44
f 819/851/43 821/852/43 828/853/43 824/854/43
f 825/855/42 827/856/42 834/857/42 830/858/42
f 831/859/41 833/860/41 840/861/41 836/862/41
f 837/863/40 839/864/40 846/865/40 842/866/40
f 843/867/69 845/868/69 852/869/69 848/870/69
f 669/871/68 671/872/68 678/873/68 674/874/68
f 853/875/70 859/876/70 865/877/70 871/878/70 877/879/70 883/880/70 889/881/70 895/882/70 901/883/70 907/884/70 913/885/70 919/886/70 925/887/70 931/888/70 937/889/70 943/890/70 949/891/70 955/892/70 961/893/70 967/894/70 973/895/70 979/896/70 985/897/70 991/898/70 997/899/70 1003/900/70 1009/901/70 1015/902/70 1021/903/70 1027/904/70 1033/905/70 1039/906/70
f 670/907/104 664/908/104 850/909/104 844/910/104 838/911/104 832/912/104 826/913/104 820/914/104 814/915/104 808/916/104 802/917/104 796/918/104 790/919/104 784/920/104 778/921/104 772/922/104 766/923/104 760/924/104 754/925/104 748/926/104 742/927/104 736/928/104 730/929/104 724/930/104 718/931/104 712/932/104 706/933/104 700/934/104 694/935/104 688/936/104 682/937/104 676/938/104
f 663/939/39 665/940/39 672/941/39 668/942/39
f 1041/943/87 1043/944/87 858/945/87 854/946/87
f 867/947/90 869/948/90 876/949/90 872/950/90
f 873/951/91 875/952/91 882/953/91 878/954/91
f 879/955/92 881/956/92 888/957/92 884/958/92
f 885/959/93 887/960/93 894/961/93 890/962/93
f 891/963/94 893/964/94 900/965/94 896/966/94
f 897/967/95 899/968/95 906/969/95 902/970/95
f 903/971/96 905/972/96 912/973/96 908/974/96
f 909/975/97 911/976/97 918/977/97 914/978/97
f 915/979/98 917/980/98 924/981/98 920/982/98
f 921/983/99 923/984/99 930/985/99 926/986/99
f 927/987/100 929/988/100 936/989/100 932/990/100
f 933/991/101 935/992/101 942/993/101 938/994/101
f 939/995/102 941/996/102 948/997/102 944/998/102
f 945/999/73 947/1000/73 954/1001/73 950/1002/73
f 951/1003/106 953/1004/106 960/1005/106 956/1006/106
f 957/1007/103 959/1008/103 966/1009/103 962/1010/103
f 963/1011/74 965/1012/74 972/1013/74 968/1014/74
f 969/1015/75 971/1016/75 978/1017/75 974/1018/75
f 975/1019/76 977/1020/76 984/1021/76 980/1022/76
f 981/1023/77 983/1024/77 990/1025/77 986/1026/77
f 987/1027/78 989/1028/78 996/1029/78 992/1030/78
f 993/1031/79 995/1032/79 1002/1033/79 998/1034/79
f 999/1035/80 1001/1036/80 1008/1037/80 1004/1038/80
f 1005/1039/81 1007/1040/81 1014/1041/81 1010/1042/81
f 1011/1043/82 1013/1044/82 1020/1045/82 1016/1046/82
f 1017/1047/83 1019/1048/83 1026/1049/83 1022/1050/83
f 1023/1051/84 1025/1052/84 1032/1053/84 1028/1054/84
f 1029/1055/85 1031/1056/85 1038/1057/85 1034/1058/85
f 1035/1059/86 1037/1060/86 1044/1061/86 1040/1062/86
f 861/1063/89 863/1064/89 870/1065/89 866/1066/89
f 1045/1067/71 1051/1068/71 1057/1069/71 1063/1070/71 1069/1071/71 1075/1072/71 1081/1073/71 1087/1074/71 1093/1075/71 1099/1076/71 1105/1077/71 1111/1078/71 1117/1079/71 1123/1080/71 1129/1081/71 1135/1082/71 1141/1083/71 1147/1084/71 1153/1085/71 1159/1086/71 1165/1087/71 1171/1088/71 1177/1089/71 1183/1090/71 1189/1091/71 1195/1092/71 1201/1093/71 1207/1094/71 1213/1095/71 1219/1096/71 1225/1097/71 1231/1098/71
f 862/1099/105 856/1100/105 1042/1101/105 1036/1102/105 1030/1103/105 1024/1104/105 1018/1105/105 1012/1106/105 1006/1107/105 1000/1108/105 994/1109/105 988/1110/105 982/1111/105 976/1112/105 970/1113/105 964/1114/105 958/1115/105 952/1116/105 946/1117/105 940/1118/105 934/1119/105 928/1120/105 922/1121/105 916/1122/105 910/1123/105 904/1124/105 898/1125/105 892/1126/105 886/1127/105 880/1128/105 874/1129/105 868/1130/105
f 855/1131/88 857/1132/88 864/1133/88 860/1134/88
f 1233/1135/72 1235/1136/72 1050/1137/72 1046/1138/72
f 1059/1139/67 1061/1140/67 1068/1141/67 1064/1142/67
f 1065/1143/66 1067/1144/66 1074/1145/66 1070/1146/66
f 1071/1147/65 1073/1148/65 1080/1149/65 1076/1150/65
f 1077/1151/64 1079/1152/64 1086/1153/64 1082/1154/64
f 1083/1155/63 1085/1156/63 1092/1157/63 1088/1158/63
f 1089/1159/62 1091/1160/62 1098/1161/62 1094/1162/62
f 1095/1163/61 1097/1164/61 1104/1165/61 1100/1166/61
f 1101/1167/60 1103/1168/60 1110/1169/60 1106/1170/60
f 1107/1171/59 1109/1172/59 1116/1173/59 1112/1174/59
f 1113/1175/58 1115/1176/58 1122/1177/58 1118/1178/58
f 1119/1179/57 1121/1180/57 1128/1181/57 1124/1182/57
f 1125/1183/56 1127/1184/56 1134/1185/56 1130/1186/56
f 1131/1187/55 1133/1188/55 1140/1189/55 1136/1190/55
f 1137/1191/54 1139/1192/54 1146/1193/54 1142/1194/54
f 1143/1195/53 1145/1196/53 1152/1197/53 1148/1198/53
f 1149/1199/52 1151/1200/52 1158/1201/52 1154/1202/52
f 1155/1203/51 1157/1204/51 1164/1205/51 1160/1206/51
f 1161/1207/50 1163/1208/50 1170/1209/50 1166/1210/50
f 1167/1211/49 1169/1212/49 1176/1213/49 1172/1214/49
f 1173/1215/48 1175/1216/48 1182/1217/48 1178/1218/48
f 1179/1219/47 1181/1220/47 1188/1221/47 1184/1222/47
f 1185/1223/46 1187/1224/46 1194/1225/46 1190/1226/46
f 1191/1227/45 1193/1228/45 1200/1229/45 1196/1230/45
f 1197/1231/44 1199/1232/44 1206/1233/44 1202/1234/44
f 1203/1235/43 1205/1236/43 1212/1237/43 1208/1238/43
f 1209/1239/42 1211/1240/42 1218/1241/42 1214/1242/42
f 1215/1243/41 1217/1244/41 1224/1245/41 1220/1246/41
f 1221/1247/40 1223/1248/40 1230/1249/40 1226/1250/40
f 1227/1251/69 1229/1252/69 1236/1253/69 1232/1254/69
f 1053/1255/68 1055/1256/68 1062/1257/68 1058/1258/68
f 1054/1259/104 1048/1260/104 1234/1261/104 1228/1262/104 1222/1263/104 1216/1264/104 1210/1265/104 1204/1266/104 1198/1267/104 1192/1268/104 1186/1269/104 1180/1270/104 1174/1271/104 1168/1272/104 1162/1273/104 1156/1274/104 1150/1275/104 1144/1276/104 1138/1277/104 1132/1278/104 1126/1279/104 1120/1280/104 1114/1281/104 1108/1282/104 1102/1283/104 1096/1284/104 1090/1285/104 1084/1286/104 1078/1287/104 1072/1288/104 1066/1289/104 1060/1290/104
f 1047/1291/39 1049/1292/39 1056/1293/39 1052/1294/39
f 85/1295/107 86/1296/107 87/1297/107
f 88/332/108 89/1298/108 90/1299/108
f 91/1300/109 92/1301/109 93/1302/109
f 94/331/110 95/1303/110 96/1304/110
f 97/1305/111 98/1306/111 99/1307/111
f 100/362/112 101/1308/112 102/1309/112
f 103/1310/113 104/1311/113 105/1312/113
f 106/361/114 107/1313/114 108/1314/114
f 109/1315/115 110/1316/115 111/1317/115
f 112/360/116 113/1318/116 114/1319/116
f 115/1320/117 116/1321/117 117/1322/117
f 118/359/118 119/1323/118 120/1324/118
f 121/1325/119 122/1326/119 123/1327/119
f 124/358/120 125/1328/120 126/1329/120
f 127/1330/121 128/1331/121 129/1332/121
f 130/357/122 131/1333/122 132/1334/122
f 133/1335/123 134/1336/123 135/1337/123
f 136/356/124 137/1338/124 138/1339/124
f 139/1340/125 140/1341/125 141/1342/125
f 142/355/126 143/1343/126 144/1344/126
f 145/1345/127 146/1346/127 147/1347/127
f 148/354/128 149/1348/128 150/1349/128
f 151/1350/129 152/1351/129 153/1352/129
f 154/353/130 155/1353/130 156/1354/130
f 157/1355/131 158/1356/131 159/1357/131
f 160/352/132 161/1358/132 162/1359/132
f 163/1360/133 164/1361/133 165/1362/133
f 166/351/134 167/1363/134 168/1364/134
f 169/1365/135 170/1366/135 171/1367/135
f 172/350/136 173/1368/136 174/1369/136
f 175/1370/137 176/1371/137 177/1372/137
f 178/349/138 179/1373/138 180/1374/138
f 181/1375/139 182/1376/139 183/1377/139
f 184/348/140 185/1378/140 186/1379/140
f 187/1380/141 188/1381/141 189/1382/141
f 190/347/142 191/1383/142 192/1384/142
f 193/1385/143 194/1386/143 195/1387/143
f 196/346/144 197/1388/144 198/1389/144
f 199/1390/145 200/1391/145 201/1392/145
f 202/345/146 203/1393/146 204/1394/146
f 205/1395/147 206/1396/147 207/1397/147
f 208/344/148 209/1398/148 210/1399/148
f 211/1400/149 212/1401/149 213/1402/149
f 214/343/150 215/1403/150 216/1404/150
f 217/1405/151 218/1406/151 219/1407/151
f 220/342/152 221/1408/152 222/1409/152
f 223/1410/153 224/1411/153 225/1412/153
f 226/341/154 227/1413/154 228/1414/154
f 229/1415/155 230/1416/155 231/1417/155
f 232/340/156 233/1418/156 234/1419/156
f 235/1420/157 236/1421/157 237/1422/157
f 238/339/158 239/1423/158 240/1424/158
f 241/1425/159 242/1426/159 243/1427/159
f 244/338/160 245/1428/160 246/1429/160
f 247/1430/161 248/1431/161 249/1432/161
f 250/337/162 251/1433/162 252/1434/162
f 253/1435/163 254/1436/163 255/1437/163
f 256/336/164 257/1438/164 258/1439/164
f 259/1440/165 260/1441/165 261/1442/165
f 262/335/166 263/1443/166 264/1444/166
f 265/1445/167 266/1446/167 267/1447/167
f 268/334/168 269/1448/168 270/1449/168
f 271/1450/169 272/1451/169 273/1452/169
f 274/333/170 275/1453/170 276/1454/170
f 277/299/171 278/1455/171 279/1456/171
f 280/524/172 281/1457/172 282/1458/172
f 283/300/173 284/1459/173 285/1460/173
f 286/523/174 287/1461/174 288/1462/174
f 289/301/175 290/1463/175 291/1464/175
f 292/554/176 293/1465/176 294/1466/176
f 295/302/177 296/1467/177 297/1468/177
f 298/553/178 299/1469/178 300/1470/178
f 301/303/179 302/1471/179 303/1472/179
f 304/552/180 305/1473/180 306/1474/180
f 307/304/181 308/1475/181 309/1476/181
f 310/551/182 311/1477/182 312/1478/182
f 313/305/183 314/1479/183 315/1480/183
f 316/550/184 317/1481/184 318/1482/184
f 319/306/185 320/1483/185 321/1484/185
f 322/549/186 323/1485/186 324/1486/186
f 325/307/187 326/1487/187 327/1488/187
f 328/548/188 329/1489/188 330/1490/188
f 331/308/189 332/1491/189 333/1492/189
f 334/547/190 335/1493/190 336/1494/190
f 337/309/191 338/1495/191 339/1496/191
f 340/546/192 341/1497/192 342/1498/192
f 343/310/193 344/1499/193 345/1500/193
f 346/545/194 347/1501/194 348/1502/194
f 349/311/195 350/1503/195 351/1504/195
f 352/544/196 353/1505/196 354/1506/196
f 355/312/197 356/1507/197 357/1508/197
f 358/543/198 359/1509/198 360/1510/198
f 361/313/199 362/1511/199 363/1512/199
f 364/542/200 365/1513/200 366/1514/200
f 367/314/201 368/1515/201 369/1516/201
f 370/541/202 371/1517/202 372/1518/202
f 373/315/203 374/1519/203 375/1520/203
f 376/540/204 377/1521/204 378/1522/204
f 379/316/205 380/1523/205 381/1524/205
f 382/539/206 383/1525/206 384/1526/206
f 385/317/207 386/1527/207 387/1528/207
f 388/538/208 389/1529/208 390/1530/208
f 391/318/209 392/1531/209 393/1532/209
f 394/537/210 395/1533/210 396/1534/210
f 397/319/211 398/1535/211 399/1536/211
f 400/536/212 401/1537/212 402/1538/212
f 403/320/213 404/1539/213 405/1540/213
f 406/535/214 407/1541/214 408/1542/214
f 409/321/215 410/1543/215 411/1544/215
f 412/534/216 413/1545/216 414/1546/216
f 415/322/217 416/1547/217 417/1548/217
f 418/533/218 419/1549/218 420/1550/218
f 421/323/219 422/1551/219 423/1552/219
f 424/532/220 425/1553/220 426/1554/220
f 427/324/221 428/1555/221 429/1556/221
f 430/531/222 431/1557/222 432/1558/222
f 433/325/223 434/1559/223 435/1560/223
f 436/530/224 437/1561/224 438/1562/224
f 439/326/225 440/1563/225 441/1564/225
f 442/529/226 443/1565/226 444/1566/226
f 445/327/227 446/1567/227 447/1568/227
f 448/528/228 449/1569/228 450/1570/228
f 451/328/229 452/1571/229 453/1572/229
f 454/527/230 455/1573/230 456/1574/230
f 457/329/231 458/1575/231 459/1576/231
f 460/526/232 461/1577/232 462/1578/232
f 463/330/233 464/1579/233 465/1580/233
f 466/525/234 467/1581/234 468/1582/234
f 469/491/235 470/1583/235 471/1584/235
f 472/716/236 473/1585/236 474/1586/236
f 475/492/109 476/1587/109 477/1588/109
f 478/715/110 479/1589/110 480/1590/110
f 481/493/111 482/1591/111 483/1592/111
f 484/746/112 485/1593/112 486/1594/112
f 487/494/113 488/1595/113 489/1596/113
f 490/745/114 491/1597/114 492/1598/114
f 493/495/237 494/1599/237 495/1600/237
f 496/744/116 497/1601/116 498/1602/116
f 499/496/117 500/1603/117 501/1604/117
f 502/743/118 503/1605/118 504/1606/118
f 505/497/119 506/1607/119 507/1608/119
f 508/742/120 509/1609/120 510/1610/120
f 511/498/121 512/1611/121 513/1612/121
f 514/741/122 515/1613/122 516/1614/122
f 517/499/238 518/1615/238 519/1616/238
f 520/740/239 521/1617/239 522/1618/239
f 523/500/125 524/1619/125 525/1620/125
f 526/739/126 527/1621/126 528/1622/126
f 529/501/127 530/1623/127 531/1624/127
f 532/738/128 533/1625/128 534/1626/128
f 535/502/240 536/1627/240 537/1628/240
f 538/737/241 539/1629/241 540/1630/241
f 541/503/131 542/1631/131 543/1632/131
f 544/736/132 545/1633/132 546/1634/132
f 547/504/133 548/1635/133 549/1636/133
f 550/735/134 551/1637/134 552/1638/134
f 553/505/135 554/1639/135 555/1640/135
f 556/734/136 557/1641/136 558/1642/136
f 559/506/137 560/1643/137 561/1644/137
f 562/733/138 563/1645/138 564/1646/138
f 565/507/242 566/1647/242 567/1648/242
f 568/732/243 569/1649/243 570/1650/243
f 571/508/141 572/1651/141 573/1652/141
f 574/731/142 575/1653/142 576/1654/142
f 577/509/143 578/1655/143 579/1656/143
f 580/730/144 581/1657/144 582/1658/144
f 583/510/145 584/1659/145 585/1660/145
f 586/729/146 587/1661/146 588/1662/146
f 589/511/147 590/1663/147 591/1664/147
f 592/728/148 593/1665/148 594/1666/148
f 595/512/244 596/1667/244 597/1668/244
f 598/727/245 599/1669/245 600/1670/245
f 601/513/151 602/1671/151 603/1672/151
f 604/726/152 605/1673/152 606/1674/152
f 607/514/153 608/1675/153 609/1676/153
f 610/725/154 611/1677/154 612/1678/154
f 613/515/155 614/1679/155 615/1680/155
f 616/724/156 617/1681/156 618/1682/156
f 619/516/157 620/1683/157 621/1684/157
f 622/723/158 623/1685/158 624/1686/158
f 625/517/159 626/1687/159 627/1688/159
f 628/722/160 629/1689/160 630/1690/160
f 631/518/161 632/1691/161 633/1692/161
f 634/721/162 635/1693/162 636/1694/162
f 637/519/246 638/1695/246 639/1696/246
f 640/720/247 641/1697/247 642/1698/247
f 643/520/165 644/1699/165 645/1700/165
f 646/719/166 647/1701/166 648/1702/166
f 649/521/167 650/1703/167 651/1704/167
f 652/718/168 653/1705/168 654/1706/168
f 655/522/169 656/1707/169 657/1708/169
f 658/717/170 659/1709/170 660/1710/170
f 661/683/108 662/1711/108 663/1712/108
f 664/908/107 665/1713/107 666/1714/107
f 667/684/170 668/1715/170 669/1716/170
f 670/907/169 671/1717/169 672/1718/169
f 673/685/168 674/1719/168 675/1720/168
f 676/938/167 677/1721/167 678/1722/167
f 679/686/166 680/1723/166 681/1724/166
f 682/937/165 683/1725/165 684/1726/165
f 685/687/164 686/1727/164 687/1728/164
f 688/936/163 689/1729/163 690/1730/163
f 691/688/162 692/1731/162 693/1732/162
f 694/935/161 695/1733/161 696/1734/161
f 697/689/160 698/1735/160 699/1736/160
f 700/934/159 701/1737/159 702/1738/159
f 703/690/158 704/1739/158 705/1740/158
f 706/933/157 707/1741/157 708/1742/157
f 709/691/156 710/1743/156 711/1744/156
f 712/932/155 713/1745/155 714/1746/155
f 715/692/154 716/1747/154 717/1748/154
f 718/931/153 719/1749/153 720/1750/153
f 721/693/152 722/1751/152 723/1752/152
f 724/930/151 725/1753/151 726/1754/151
f 727/694/150 728/1755/150 729/1756/150
f 730/929/244 731/1757/244 732/1758/244
f 733/695/148 734/1759/148 735/1760/148
f 736/928/147 737/1761/147 738/1762/147
f 739/696/146 740/1763/146 741/1764/146
f 742/927/145 743/1765/145 744/1766/145
f 745/697/144 746/1767/144 747/1768/144
f 748/926/143 749/1769/143 750/1770/143
f 751/698/142 752/1771/142 753/1772/142
f 754/925/141 755/1773/141 756/1774/141
f 757/699/140 758/1775/140 759/1776/140
f 760/924/139 761/1777/139 762/1778/139
f 763/700/138 764/1779/138 765/1780/138
f 766/923/137 767/1781/137 768/1782/137
f 769/701/136 770/1783/136 771/1784/136
f 772/922/135 773/1785/135 774/1786/135
f 775/702/134 776/1787/134 777/1788/134
f 778/921/133 779/1789/133 780/1790/133
f 781/703/132 782/1791/132 783/1792/132
f 784/920/131 785/1793/131 786/1794/131
f 787/704/248 788/1795/248 789/1796/248
f 790/919/249 791/1797/249 792/1798/249
f 793/705/128 794/1799/128 795/1800/128
f 796/918/127 797/1801/127 798/1802/127
f 799/706/126 800/1803/126 801/1804/126
f 802/917/125 803/1805/125 804/1806/125
f 805/707/124 806/1807/124 807/1808/124
f 808/916/123 809/1809/123 810/1810/123
f 811/708/122 812/1811/122 813/1812/122
f 814/915/121 815/1813/121 816/1814/121
f 817/709/120 818/1815/120 819/1816/120
f 820/914/119 821/1817/119 822/1818/119
f 823/710/118 824/1819/118 825/1820/118
f 826/913/117 827/1821/117 828/1822/117
f 829/711/116 830/1823/116 831/1824/116
f 832/912/115 833/1825/115 834/1826/115
f 835/712/114 836/1827/114 837/1828/114
f 838/911/113 839/1829/113 840/1830/113
f 841/713/112 842/1831/112 843/1832/112
f 844/910/111 845/1833/111 846/1834/111
f 847/714/110 848/1835/110 849/1836/110
f 850/909/109 851/1837/109 852/1838/109
f 853/875/203 854/1839/203 855/1840/203
f 856/1100/204 857/1841/204 858/1842/204
f 859/876/250 860/1843/250 861/1844/250
f 862/1099/251 863/1845/251 864/1846/251
f 865/877/207 866/1847/207 867/1848/207
f 868/1130/208 869/1849/208 870/1850/208
f 871/878/209 872/1851/209 873/1852/209
f 874/1129/210 875/1853/210 876/1854/210
f 877/879/211 878/1855/211 879/1856/211
f 880/1128/212 881/1857/212 882/1858/212
f 883/880/213 884/1859/213 885/1860/213
f 886/1127/214 887/1861/214 888/1862/214
f 889/881/215 890/1863/215 891/1864/215
f 892/1126/216 893/1865/216 894/1866/216
f 895/882/217 896/1867/217 897/1868/217
f 898/1125/218 899/1869/218 900/1870/218
f 901/883/219 902/1871/219 903/1872/219
f 904/1124/220 905/1873/220 906/1874/220
f 907/884/221 908/1875/221 909/1876/221
f 910/1123/222 911/1877/222 912/1878/222
f 913/885/223 914/1879/223 915/1880/223
f 916/1122/224 917/1881/224 918/1882/224
f 919/886/225 920/1883/225 921/1884/225
f 922/1121/226 923/1885/226 924/1886/226
f 925/887/252 926/1887/252 927/1888/252
f 928/1120/228 929/1889/228 930/1890/228
f 931/888/229 932/1891/229 933/1892/229
f 934/1119/230 935/1893/230 936/1894/230
f 937/889/231 938/1895/231 939/1896/231
f 940/1118/232 941/1897/232 942/1898/232
f 943/890/233 944/1899/233 945/1900/233
f 946/1117/234 947/1901/234 948/1902/234
f 949/891/171 950/1903/171 951/1904/171
f 952/1116/172 953/1905/172 954/1906/172
f 955/892/253 956/1907/253 957/1908/253
f 958/1115/254 959/1909/254 960/1910/254
f 961/893/175 962/1911/175 963/1912/175
f 964/1114/176 965/1913/176 966/1914/176
f 967/894/177 968/1915/177 969/1916/177
f 970/1113/178 971/1917/178 972/1918/178
f 973/895/255 974/1919/255 975/1920/255
f 976/1112/180 977/1921/180 978/1922/180
f 979/896/181 980/1923/181 981/1924/181
f 982/1111/182 983/1925/182 984/1926/182
f 985/897/183 986/1927/183 987/1928/183
f 988/1110/184 989/1929/184 990/1930/184
f 991/898/185 992/1931/185 993/1932/185
f 994/1109/186 995/1933/186 996/1934/186
f 997/899/187 998/1935/187 999/1936/187
f 1000/1108/188 1001/1937/188 1002/1938/188
f 1003/900/189 1004/1939/189 1005/1940/189
f 1006/1107/190 1007/1941/190 1008/1942/190
f 1009/901/256 1010/1943/256 1011/1944/256
f 1012/1106/192 1013/1945/192 1014/1946/192
f 1015/902/193 1016/1947/193 1017/1948/193
f 1018/1105/194 1019/1949/194 1020/1950/194
f 1021/903/195 1022/1951/195 1023/1952/195
f 1024/1104/196 1025/1953/196 1026/1954/196
f 1027/904/197 1028/1955/197 1029/1956/197
f 1030/1103/198 1031/1957/198 1032/1958/198
f 1033/905/199 1034/1959/199 1035/1960/199
f 1036/1102/200 1037/1961/200 1038/1962/200
f 1039/906/257 1040/1963/257 1041/1964/257
f 1042/1101/202 1043/1965/202 1044/1966/202
f 1045/1067/236 1046/1967/236 1047/1968/236
f 1048/1260/235 1049/1969/235 1050/1970/235
f 1051/1068/170 1052/1971/170 1053/1972/170
f 1054/1259/169 1055/1973/169 1056/1974/169
f 1057/1069/168 1058/1975/168 1059/1976/168
f 1060/1290/167 1061/1977/167 1062/1978/167
f 1063/1070/166 1064/1979/166 1065/1980/166
f 1066/1289/165 1067/1981/165 1068/1982/165
f 1069/1071/164 1070/1983/164 1071/1984/164
f 1072/1288/258 1073/1985/258 1074/1986/258
f 1075/1072/162 1076/1987/162 1077/1988/162
f 1078/1287/161 1079/1989/161 1080/1990/161
f 1081/1073/160 1082/1991/160 1083/1992/160
f 1084/1286/159 1085/1993/159 1086/1994/159
f 1087/1074/158 1088/1995/158 1089/1996/158
f 1090/1285/157 1091/1997/157 1092/1998/157
f 1093/1075/259 1094/1999/259 1095/2000/259
f 1096/1284/260 1097/2001/260 1098/2002/260
f 1099/1076/154 1100/2003/154 1101/2004/154
f 1102/1283/153 1103/2005/153 1104/2006/153
f 1105/1077/152 1106/2007/152 1107/2008/152
f 1108/1282/151 1109/2009/151 1110/2010/151
f 1111/1078/245 1112/2011/245 1113/2012/245
f 1114/1281/244 1115/2013/244 1116/2014/244
f 1117/1079/148 1118/2015/148 1119/2016/148
f 1120/1280/147 1121/2017/147 1122/2018/147
f 1123/1080/146 1124/2019/146 1125/2020/146
f 1126/1279/145 1127/2021/145 1128/2022/145
f 1129/1081/144 1130/2023/144 1131/2024/144
f 1132/1278/143 1133/2025/143 1134/2026/143
f 1135/1082/142 1136/2027/142 1137/2028/142
f 1138/1277/141 1139/2029/141 1140/2030/141
f 1141/1083/243 1142/2031/243 1143/2032/243
f 1144/1276/242 1145/2033/242 1146/2034/242
f 1147/1084/138 1148/2035/138 1149/2036/138
f 1150/1275/137 1151/2037/137 1152/2038/137
f 1153/1085/136 1154/2039/136 1155/2040/136
f 1156/1274/135 1157/2041/135 1158/2042/135
f 1159/1086/134 1160/2043/134 1161/2044/134
f 1162/1273/133 1163/2045/133 1164/2046/133
f 1165/1087/132 1166/2047/132 1167/2048/132
f 1168/1272/131 1169/2049/131 1170/2050/131
f 1171/1088/130 1172/2051/130 1173/2052/130
f 1174/1271/129 1175/2053/129 1176/2054/129
f 1177/1089/128 1178/2055/128 1179/2056/128
f 1180/1270/127 1181/2057/127 1182/2058/127
f 1183/1090/126 1184/2059/126 1185/2060/126
f 1186/1269/125 1187/2061/125 1188/2062/125
f 1189/1091/124 1190/2063/124 1191/2064/124
f 1192/1268/123 1193/2065/123 1194/2066/123
f 1195/1092/122 1196/2067/122 1197/2068/122
f 1198/1267/121 1199/2069/121 1200/2070/121
f 1201/1093/120 1202/2071/120 1203/2072/120
f 1204/1266/119 1205/2073/119 1206/2074/119
f 1207/1094/118 1208/2075/118 1209/2076/118
f 1210/1265/117 1211/2077/117 1212/2078/117
f 1213/1095/261 1214/2079/261 1215/2080/261
f 1216/1264/262 1217/2081/262 1218/2082/262
f 1219/1096/114 1220/2083/114 1221/2084/114
f 1222/1263/113 1223/2085/113 1224/2086/113
f 1225/1097/112 1226/2087/112 1227/2088/112
f 1228/1262/111 1229/2089/111 1230/2090/111
f 1231/1098/110 1232/2091/110 1233/2092/110
f 1234/1261/109 1235/2093/109 1236/2094/109
f 87/363/263 92/366/263 91/2095/263 85/2096/263
f 96/365/264 89/364/264 88/2097/264 94/2098/264
f 86/178/70 90/177/70 89/364/70 87/363/70
f 95/296/265 93/295/265 92/366/265 96/365/265
f 93/295/266 98/298/266 97/2099/266 91/2100/266
f 102/297/267 95/296/267 94/2101/267 100/2102/267
f 101/180/268 99/179/268 98/298/268 102/297/268
f 99/179/269 104/182/269 103/2103/269 97/2104/269
f 108/181/270 101/180/270 100/2105/270 106/2106/270
f 107/184/271 105/183/271 104/182/271 108/181/271
f 105/183/272 110/186/272 109/2107/272 103/2108/272
f 114/185/273 107/184/273 106/2109/273 112/2110/273
f 113/188/274 111/187/274 110/2111/274 114/2112/274
f 111/187/275 116/190/275 115/2113/275 109/2114/275
f 120/189/276 113/188/276 112/2115/276 118/2116/276
f 119/192/277 117/191/277 116/190/277 120/189/277
f 117/191/278 122/194/278 121/2117/278 115/2118/278
f 126/193/279 119/192/279 118/2119/279 124/2120/279
f 125/196/280 123/195/280 122/194/280 126/193/280
f 123/195/281 128/198/281 127/2121/281 121/2122/281
f 132/197/282 125/196/282 124/2123/282 130/2124/282
f 131/200/283 129/199/283 128/198/283 132/197/283
f 129/199/284 134/202/284 133/2125/284 127/2126/284
f 138/201/285 131/200/285 130/2127/285 136/2128/285
f 137/204/286 135/203/286 134/202/286 138/201/286
f 135/203/287 140/206/287 139/2129/287 133/2130/287
f 144/205/288 137/204/288 136/2131/288 142/2132/288
f 143/208/289 141/207/289 140/206/289 144/205/289
f 141/207/290 146/210/290 145/2133/290 139/2134/290
f 150/209/291 143/208/291 142/2135/291 148/2136/291
f 149/212/292 147/211/292 146/210/292 150/209/292
f 147/211/293 152/214/293 151/2137/293 145/2138/293
f 156/213/294 149/212/294 148/2139/294 154/2140/294
f 155/216/295 153/215/295 152/214/295 156/213/295
f 153/215/296 158/218/296 157/2141/296 151/2142/296
f 162/217/297 155/216/297 154/2143/297 160/2144/297
f 161/220/298 159/219/298 158/2145/298 162/2146/298
f 159/219/299 164/222/299 163/2147/299 157/2148/299
f 168/221/300 161/220/300 160/2149/300 166/2150/300
f 167/224/301 165/223/301 164/222/301 168/221/301
f 165/223/302 170/226/302 169/2151/302 163/2152/302
f 174/225/303 167/224/303 166/2153/303 172/2154/303
f 173/228/304 171/227/304 170/226/304 174/225/304
f 171/227/305 176/230/305 175/2155/305 169/2156/305
f 180/229/306 173/228/306 172/2157/306 178/2158/306
f 179/232/307 177/231/307 176/230/307 180/229/307
f 177/231/308 182/234/308 181/2159/308 175/2160/308
f 186/233/309 179/232/309 178/2161/309 184/2162/309
f 185/236/105 183/235/105 182/234/105 186/233/105
f 183/235/310 188/238/310 187/2163/310 181/2164/310
f 192/237/311 185/236/311 184/2165/311 190/2166/311
f 191/240/312 189/239/312 188/238/312 192/237/312
f 189/239/313 194/242/313 193/2167/313 187/2168/313
f 198/241/314 191/240/314 190/2169/314 196/2170/314
f 197/244/315 195/243/315 194/242/315 198/241/315
f 195/243/316 200/246/316 199/2171/316 193/2172/316
f 204/245/317 197/244/317 196/2173/317 202/2174/317
f 203/248/318 201/247/318 200/246/318 204/245/318
f 201/247/319 206/250/319 205/2175/319 199/2176/319
f 210/249/320 203/248/320 202/2177/320 208/2178/320
f 209/252/321 207/251/321 206/2179/321 210/2180/321
f 207/251/322 212/254/322 211/2181/322 205/2182/322
f 216/253/323 209/252/323 208/2183/323 214/2184/323
f 215/256/324 213/255/324 212/254/324 216/253/324
f 213/255/325 218/258/325 217/2185/325 211/2186/325
f 222/257/326 215/256/326 214/2187/326 220/2188/326
f 221/260/327 219/259/327 218/258/327 222/257/327
f 219/259/328 224/262/328 223/2189/328 217/2190/328
f 228/261/329 221/260/329 220/2191/329 226/2192/329
f 227/264/330 225/263/330 224/262/330 228/261/330
f 225/263/331 230/266/331 229/2193/331 223/2194/331
f 234/265/332 227/264/332 226/2195/332 232/2196/332
f 233/268/333 231/267/333 230/266/333 234/265/333
f 231/267/334 236/270/334 235/2197/334 229/2198/334
f 240/269/335 233/268/335 232/2199/335 238/2200/335
f 239/272/336 237/271/336 236/270/336 240/269/336
f 237/271/337 242/274/337 241/2201/337 235/2202/337
f 246/273/338 239/272/338 238/2203/338 244/2204/338
f 245/276/339 243/275/339 242/274/339 246/273/339
f 243/275/340 248/278/340 247/2205/340 241/2206/340
f 252/277/341 245/276/341 244/2207/341 250/2208/341
f 251/280/342 249/279/342 248/278/342 252/277/342
f 249/279/343 254/282/343 253/2209/343 247/2210/343
f 258/281/344 251/280/344 250/2211/344 256/2212/344
f 257/284/345 255/283/345 254/2213/345 258/2214/345
f 255/283/346 260/286/346 259/2215/346 253/2216/346
f 264/285/347 257/284/347 256/2217/347 262/2218/347
f 263/288/348 261/287/348 260/286/348 264/285/348
f 261/287/349 266/290/349 265/2219/349 259/2220/349
f 270/289/350 263/288/350 262/2221/350 268/2222/350
f 269/292/351 267/291/351 266/290/351 270/289/351
f 267/291/352 272/294/352 271/2223/352 265/2224/352
f 276/293/353 269/292/353 268/2225/353 274/2226/353
f 275/176/354 273/175/354 272/294/354 276/293/354
f 273/175/355 86/178/355 85/2227/355 271/2228/355
f 90/177/356 275/176/356 274/2229/356 88/2230/356
f 279/555/357 284/558/357 283/2231/357 277/2232/357
f 288/557/358 281/556/358 280/2233/358 286/2234/358
f 278/370/104 282/369/104 281/556/104 279/555/104
f 287/488/359 285/487/359 284/558/359 288/557/359
f 285/487/360 290/490/360 289/2235/360 283/2236/360
f 294/489/361 287/488/361 286/2237/361 292/2238/361
f 293/372/362 291/371/362 290/490/362 294/489/362
f 291/371/363 296/374/363 295/2239/363 289/2240/363
f 300/373/364 293/372/364 292/2241/364 298/2242/364
f 299/376/365 297/375/365 296/2243/365 300/2244/365
f 297/375/366 302/378/366 301/2245/366 295/2246/366
f 306/377/367 299/376/367 298/2247/367 304/2248/367
f 305/380/368 303/379/368 302/378/368 306/377/368
f 303/379/369 308/382/369 307/2249/369 301/2250/369
f 312/381/370 305/380/370 304/2251/370 310/2252/370
f 311/384/371 309/383/371 308/382/371 312/381/371
f 309/383/372 314/386/372 313/2253/372 307/2254/372
f 318/385/373 311/384/373 310/2255/373 316/2256/373
f 317/388/374 315/387/374 314/386/374 318/385/374
f 315/387/375 320/390/375 319/2257/375 313/2258/375
f 324/389/376 317/388/376 316/2259/376 322/2260/376
f 323/392/377 321/391/377 320/390/377 324/389/377
f 321/391/378 326/394/378 325/2261/378 319/2262/378
f 330/393/379 323/392/379 322/2263/379 328/2264/379
f 329/396/333 327/395/333 326/394/333 330/393/333
f 327/395/380 332/398/380 331/2265/380 325/2266/380
f 336/397/381 329/396/381 328/2267/381 334/2268/381
f 335/400/382 333/399/382 332/398/382 336/397/382
f 333/399/383 338/402/383 337/2269/383 331/2270/383
f 342/401/384 335/400/384 334/2271/384 340/2272/384
f 341/404/385 339/403/385 338/402/385 342/401/385
f 339/403/386 344/406/386 343/2273/386 337/2274/386
f 348/405/387 341/404/387 340/2275/387 346/2276/387
f 347/408/388 345/407/388 344/406/388 348/405/388
f 345/407/389 350/410/389 349/2277/389 343/2278/389
f 354/409/390 347/408/390 346/2279/390 352/2280/390
f 353/412/391 351/411/391 350/410/391 354/409/391
f 351/411/392 356/414/392 355/2281/392 349/2282/392
f 360/413/393 353/412/393 352/2283/393 358/2284/393
f 359/416/394 357/415/394 356/2285/394 360/2286/394
f 357/415/395 362/418/395 361/2287/395 355/2288/395
f 366/417/396 359/416/396 358/2289/396 364/2290/396
f 365/420/397 363/419/397 362/418/397 366/417/397
f 363/419/398 368/422/398 367/2291/398 361/2292/398
f 372/421/399 365/420/399 364/2293/399 370/2294/399
f 371/424/400 369/423/400 368/422/400 372/421/400
f 369/423/401 374/426/401 373/2295/401 367/2296/401
f 378/425/402 371/424/402 370/2297/402 376/2298/402
f 377/428/71 375/427/71 374/426/71 378/425/71
f 375/427/403 380/430/403 379/2299/403 373/2300/403
f 384/429/404 377/428/404 376/2301/404 382/2302/404
f 383/432/405 381/431/405 380/430/405 384/429/405
f 381/431/406 386/434/406 385/2303/406 379/2304/406
f 390/433/407 383/432/407 382/2305/407 388/2306/407
f 389/436/408 387/435/408 386/434/408 390/433/408
f 387/435/409 392/438/409 391/2307/409 385/2308/409
f 396/437/410 389/436/410 388/2309/410 394/2310/410
f 395/440/411 393/439/411 392/2311/411 396/2312/411
f 393/439/412 398/442/412 397/2313/412 391/2314/412
f 402/441/413 395/440/413 394/2315/413 400/2316/413
f 401/444/414 399/443/414 398/442/414 402/441/414
f 399/443/415 404/446/415 403/2317/415 397/2318/415
f 408/445/416 401/444/416 400/2319/416 406/2320/416
f 407/448/417 405/447/417 404/446/417 408/445/417
f 405/447/418 410/450/418 409/2321/418 403/2322/418
f 414/449/419 407/448/419 406/2323/419 412/2324/419
f 413/452/420 411/451/420 410/450/420 414/449/420
f 411/451/421 416/454/421 415/2325/421 409/2326/421
f 420/453/422 413/452/422 412/2327/422 418/2328/422
f 419/456/423 417/455/423 416/454/423 420/453/423
f 417/455/424 422/458/424 421/2329/424 415/2330/424
f 426/457/425 419/456/425 418/2331/425 424/2332/425
f 425/460/286 423/459/286 422/458/286 426/457/286
f 423/459/426 428/462/426 427/2333/426 421/2334/426
f 432/461/427 425/460/427 424/2335/427 430/2336/427
f 431/464/428 429/463/428 428/462/428 432/461/428
f 429/463/429 434/466/429 433/2337/429 427/2338/429
f 438/465/430 431/464/430 430/2339/430 436/2340/430
f 437/468/431 435/467/431 434/466/431 438/465/431
f 435/467/432 440/470/432 439/2341/432 433/2342/432
f 444/469/433 437/468/433 436/2343/433 442/2344/433
f 443/472/434 441/471/434 440/470/434 444/469/434
f 441/471/435 446/474/435 445/2345/435 439/2346/435
f 450/473/436 443/472/436 442/2347/436 448/2348/436
f 449/476/437 447/475/437 446/474/437 450/473/437
f 447/475/438 452/478/438 451/2349/438 445/2350/438
f 456/477/439 449/476/439 448/2351/439 454/2352/439
f 455/480/440 453/479/440 452/2353/440 456/2354/440
f 453/479/441 458/482/441 457/2355/441 451/2356/441
f 462/481/442 455/480/442 454/2357/442 460/2358/442
f 461/484/443 459/483/443 458/482/443 462/481/443
f 459/483/444 464/486/444 463/2359/444 457/2360/444
f 468/485/445 461/484/445 460/2361/445 466/2362/445
f 467/368/446 465/367/446 464/486/446 468/485/446
f 465/367/447 278/370/447 277/2363/447 463/2364/447
f 282/369/448 467/368/448 466/2365/448 280/2366/448
f 471/747/449 476/750/449 475/2367/449 469/2368/449
f 480/749/450 473/748/450 472/2369/450 478/2370/450
f 470/562/70 474/561/70 473/748/70 471/747/70
f 479/680/265 477/679/265 476/750/265 480/749/265
f 477/679/266 482/682/266 481/2371/266 475/2372/266
f 486/681/267 479/680/267 478/2373/267 484/2374/267
f 485/564/268 483/563/268 482/682/268 486/681/268
f 483/563/269 488/566/269 487/2375/269 481/2376/269
f 492/565/270 485/564/270 484/2377/270 490/2378/270
f 491/568/271 489/567/271 488/566/271 492/565/271
f 489/567/451 494/570/451 493/2379/451 487/2380/451
f 498/569/273 491/568/273 490/2381/273 496/2382/273
f 497/572/274 495/571/274 494/2383/274 498/2384/274
f 495/571/452 500/574/452 499/2385/452 493/2386/452
f 504/573/276 497/572/276 496/2387/276 502/2388/276
f 503/576/277 501/575/277 500/574/277 504/573/277
f 501/575/278 506/578/278 505/2389/278 499/2390/278
f 510/577/453 503/576/453 502/2391/453 508/2392/453
f 509/580/280 507/579/280 506/578/280 510/577/280
f 507/579/281 512/582/281 511/2393/281 505/2394/281
f 516/581/282 509/580/282 508/2395/282 514/2396/282
f 515/584/283 513/583/283 512/582/283 516/581/283
f 513/583/454 518/586/454 517/2397/454 511/2398/454
f 522/585/455 515/584/455 514/2399/455 520/2400/455
f 521/588/286 519/587/286 518/586/286 522/585/286
f 519/587/456 524/590/456 523/2401/456 517/2402/456
f 528/589/457 521/588/457 520/2403/457 526/2404/457
f 527/592/289 525/591/289 524/590/289 528/589/289
f 525/591/458 530/594/458 529/2405/458 523/2406/458
f 534/593/459 527/592/459 526/2407/459 532/2408/459
f 533/596/292 531/595/292 530/594/292 534/593/292
f 531/595/293 536/598/293 535/2409/293 529/2410/293
f 540/597/294 533/596/294 532/2411/294 538/2412/294
f 539/600/295 537/599/295 536/598/295 540/597/295
f 537/599/460 542/602/460 541/2413/460 535/2414/460
f 546/601/461 539/600/461 538/2415/461 544/2416/461
f 545/604/298 543/603/298 542/2417/298 546/2418/298
f 543/603/462 548/606/462 547/2419/462 541/2420/462
f 552/605/463 545/604/463 544/2421/463 550/2422/463
f 551/608/301 549/607/301 548/606/301 552/605/301
f 549/607/302 554/610/302 553/2423/302 547/2424/302
f 558/609/303 551/608/303 550/2425/303 556/2426/303
f 557/612/304 555/611/304 554/610/304 558/609/304
f 555/611/305 560/614/305 559/2427/305 553/2428/305
f 564/613/306 557/612/306 556/2429/306 562/2430/306
f 563/616/307 561/615/307 560/614/307 564/613/307
f 561/615/464 566/618/464 565/2431/464 559/2432/464
f 570/617/309 563/616/309 562/2433/309 568/2434/309
f 569/620/105 567/619/105 566/618/105 570/617/105
f 567/619/310 572/622/310 571/2435/310 565/2436/310
f 576/621/465 569/620/465 568/2437/465 574/2438/465
f 575/624/312 573/623/312 572/622/312 576/621/312
f 573/623/466 578/626/466 577/2439/466 571/2440/466
f 582/625/467 575/624/467 574/2441/467 580/2442/467
f 581/628/315 579/627/315 578/626/315 582/625/315
f 579/627/468 584/630/468 583/2443/468 577/2444/468
f 588/629/469 581/628/469 580/2445/469 586/2446/469
f 587/632/318 585/631/318 584/630/318 588/629/318
f 585/631/470 590/634/470 589/2447/470 583/2448/470
f 594/633/320 587/632/320 586/2449/320 592/2450/320
f 593/636/321 591/635/321 590/2451/321 594/2452/321
f 591/635/322 596/638/322 595/2453/322 589/2454/322
f 600/637/323 593/636/323 592/2455/323 598/2456/323
f 599/640/324 597/639/324 596/638/324 600/637/324
f 597/639/325 602/642/325 601/2457/325 595/2458/325
f 606/641/326 599/640/326 598/2459/326 604/2460/326
f 605/644/327 603/643/327 602/642/327 606/641/327
f 603/643/471 608/646/471 607/2461/471 601/2462/471
f 612/645/329 605/644/329 604/2463/329 610/2464/329
f 611/648/330 609/647/330 608/646/330 612/645/330
f 609/647/472 614/650/472 613/2465/472 607/2466/472
f 618/649/473 611/648/473 610/2467/473 616/2468/473
f 617/652/333 615/651/333 614/650/333 618/649/333
f 615/651/474 620/654/474 619/2469/474 613/2470/474
f 624/653/475 617/652/475 616/2471/475 622/2472/475
f 623/656/336 621/655/336 620/654/336 624/653/336
f 621/655/337 626/658/337 625/2473/337 619/2474/337
f 630/657/338 623/656/338 622/2475/338 628/2476/338
f 629/660/339 627/659/339 626/658/339 630/657/339
f 627/659/340 632/662/340 631/2477/340 625/2478/340
f 636/661/341 629/660/341 628/2479/341 634/2480/341
f 635/664/342 633/663/342 632/662/342 636/661/342
f 633/663/476 638/666/476 637/2481/476 631/2482/476
f 642/665/477 635/664/477 634/2483/477 640/2484/477
f 641/668/345 639/667/345 638/2485/345 642/2486/345
f 639/667/346 644/670/346 643/2487/346 637/2488/346
f 648/669/478 641/668/478 640/2489/478 646/2490/478
f 647/672/348 645/671/348 644/670/348 648/669/348
f 645/671/349 650/674/349 649/2491/349 643/2492/349
f 654/673/479 647/672/479 646/2493/479 652/2494/479
f 653/676/351 651/675/351 650/674/351 654/673/351
f 651/675/352 656/678/352 655/2495/352 649/2496/352
f 660/677/353 653/676/353 652/2497/353 658/2498/353
f 659/560/354 657/559/354 656/678/354 660/677/354
f 657/559/480 470/562/480 469/2499/480 655/2500/480
f 474/561/481 659/560/481 658/2501/481 472/2502/481
f 663/939/356 668/942/356 667/2503/356 661/2504/356
f 672/941/355 665/940/355 664/2505/355 670/2506/355
f 662/754/70 666/753/70 665/940/70 663/939/70
f 671/872/354 669/871/354 668/942/354 672/941/354
f 669/871/353 674/874/353 673/2507/353 667/2508/353
f 678/873/352 671/872/352 670/2509/352 676/2510/352
f 677/756/351 675/755/351 674/874/351 678/873/351
f 675/755/350 680/758/350 679/2511/350 673/2512/350
f 684/757/349 677/756/349 676/2513/349 682/2514/349
f 683/760/348 681/759/348 680/758/348 684/757/348
f 681/759/347 686/762/347 685/2515/347 679/2516/347
f 690/761/346 683/760/346 682/2517/346 688/2518/346
f 689/764/345 687/763/345 686/2519/345 690/2520/345
f 687/763/344 692/766/344 691/2521/344 685/2522/344
f 696/765/343 689/764/343 688/2523/343 694/2524/343
f 695/768/342 693/767/342 692/766/342 696/765/342
f 693/767/341 698/770/341 697/2525/341 691/2526/341
f 702/769/340 695/768/340 694/2527/340 700/2528/340
f 701/772/339 699/771/339 698/770/339 702/769/339
f 699/771/338 704/774/338 703/2529/338 697/2530/338
f 708/773/337 701/772/337 700/2531/337 706/2532/337
f 707/776/336 705/775/336 704/774/336 708/773/336
f 705/775/335 710/778/335 709/2533/335 703/2534/335
f 714/777/334 707/776/334 706/2535/334 712/2536/334
f 713/780/333 711/779/333 710/778/333 714/777/333
f 711/779/332 716/782/332 715/2537/332 709/2538/332
f 720/781/331 713/780/331 712/2539/331 718/2540/331
f 719/784/330 717/783/330 716/782/330 720/781/330
f 717/783/329 722/786/329 721/2541/329 715/2542/329
f 726/785/328 719/784/328 718/2543/328 724/2544/328
f 725/788/327 723/787/327 722/786/327 726/785/327
f 723/787/326 728/790/326 727/2545/326 721/2546/326
f 732/789/325 725/788/325 724/2547/325 730/2548/325
f 731/792/324 729/791/324 728/790/324 732/789/324
f 729/791/323 734/794/323 733/2549/323 727/2550/323
f 738/793/482 731/792/482 730/2551/482 736/2552/482
f 737/796/321 735/795/321 734/2553/321 738/2554/321
f 735/795/320 740/798/320 739/2555/320 733/2556/320
f 744/797/319 737/796/319 736/2557/319 742/2558/319
f 743/800/318 741/799/318 740/798/318 744/797/318
f 741/799/317 746/802/317 745/2559/317 739/2560/317
f 750/801/316 743/800/316 742/2561/316 748/2562/316
f 749/804/315 747/803/315 746/802/315 750/801/315
f 747/803/467 752/806/467 751/2563/467 745/2564/467
f 756/805/466 749/804/466 748/2565/466 754/2566/466
f 755/808/312 753/807/312 752/806/312 756/805/312
f 753/807/465 758/810/465 757/2567/465 751/2568/465
f 762/809/483 755/808/483 754/2569/483 760/2570/483
f 761/812/105 759/811/105 758/810/105 762/809/105
f 759/811/309 764/814/309 763/2571/309 757/2572/309
f 768/813/464 761/812/464 760/2573/464 766/2574/464
f 767/816/307 765/815/307 764/814/307 768/813/307
f 765/815/306 770/818/306 769/2575/306 763/2576/306
f 774/817/305 767/816/305 766/2577/305 772/2578/305
f 773/820/304 771/819/304 770/818/304 774/817/304
f 771/819/303 776/822/303 775/2579/303 769/2580/303
f 780/821/302 773/820/302 772/2581/302 778/2582/302
f 779/824/301 777/823/301 776/822/301 780/821/301
f 777/823/463 782/826/463 781/2583/463 775/2584/463
f 786/825/462 779/824/462 778/2585/462 784/2586/462
f 785/828/298 783/827/298 782/2587/298 786/2588/298
f 783/827/461 788/830/461 787/2589/461 781/2590/461
f 792/829/460 785/828/460 784/2591/460 790/2592/460
f 791/832/295 789/831/295 788/830/295 792/829/295
f 789/831/294 794/834/294 793/2593/294 787/2594/294
f 798/833/293 791/832/293 790/2595/293 796/2596/293
f 797/836/292 795/835/292 794/834/292 798/833/292
f 795/835/291 800/838/291 799/2597/291 793/2598/291
f 804/837/290 797/836/290 796/2599/290 802/2600/290
f 803/840/289 801/839/289 800/838/289 804/837/289
f 801/839/288 806/842/288 805/2601/288 799/2602/288
f 810/841/287 803/840/287 802/2603/287 808/2604/287
f 809/844/286 807/843/286 806/842/286 810/841/286
f 807/843/285 812/846/285 811/2605/285 805/2606/285
f 816/845/284 809/844/284 808/2607/284 814/2608/284
f 815/848/283 813/847/283 812/846/283 816/845/283
f 813/847/282 818/850/282 817/2609/282 811/2610/282
f 822/849/281 815/848/281 814/2611/281 820/2612/281
f 821/852/280 819/851/280 818/850/280 822/849/280
f 819/851/279 824/854/279 823/2613/279 817/2614/279
f 828/853/278 821/852/278 820/2615/278 826/2616/278
f 827/856/277 825/855/277 824/854/277 828/853/277
f 825/855/484 830/858/484 829/2617/484 823/2618/484
f 834/857/275 827/856/275 826/2619/275 832/2620/275
f 833/860/274 831/859/274 830/2621/274 834/2622/274
f 831/859/485 836/862/485 835/2623/485 829/2624/485
f 840/861/272 833/860/272 832/2625/272 838/2626/272
f 839/864/271 837/863/271 836/862/271 840/861/271
f 837/863/270 842/866/270 841/2627/270 835/2628/270
f 846/865/269 839/864/269 838/2629/269 844/2630/269
f 845/868/268 843/867/268 842/866/268 846/865/268
f 843/867/267 848/870/267 847/2631/267 841/2632/267
f 852/869/266 845/868/266 844/2633/266 850/2634/266
f 851/752/265 849/751/265 848/870/265 852/869/265
f 849/751/264 662/754/264 661/2635/264 847/2636/264
f 666/753/263 851/752/263 850/2637/263 664/2638/263
f 855/1131/403 860/1134/403 859/2639/403 853/2640/403
f 864/1133/404 857/1132/404 856/2641/404 862/2642/404
f 854/946/71 858/945/71 857/1132/71 855/1131/71
f 863/1064/405 861/1063/405 860/1134/405 864/1133/405
f 861/1063/406 866/1066/406 865/2643/406 859/2644/406
f 870/1065/407 863/1064/407 862/2645/407 868/2646/407
f 869/948/408 867/947/408 866/1066/408 870/1065/408
f 867/947/409 872/950/409 871/2647/409 865/2648/409
f 876/949/410 869/948/410 868/2649/410 874/2650/410
f 875/952/411 873/951/411 872/2651/411 876/2652/411
f 873/951/486 878/954/486 877/2653/486 871/2654/486
f 882/953/487 875/952/487 874/2655/487 880/2656/487
f 881/956/414 879/955/414 878/954/414 882/953/414
f 879/955/415 884/958/415 883/2657/415 877/2658/415
f 888/957/416 881/956/416 880/2659/416 886/2660/416
f 887/960/417 885/959/417 884/958/417 888/957/417
f 885/959/488 890/962/488 889/2661/488 883/2662/488
f 894/961/419 887/960/419 886/2663/419 892/2664/419
f 893/964/420 891/963/420 890/962/420 894/961/420
f 891/963/421 896/966/421 895/2665/421 889/2666/421
f 900/965/422 893/964/422 892/2667/422 898/2668/422
f 899/968/423 897/967/423 896/966/423 900/965/423
f 897/967/424 902/970/424 901/2669/424 895/2670/424
f 906/969/425 899/968/425 898/2671/425 904/2672/425
f 905/972/286 903/971/286 902/970/286 906/969/286
f 903/971/426 908/974/426 907/2673/426 901/2674/426
f 912/973/427 905/972/427 904/2675/427 910/2676/427
f 911/976/428 909/975/428 908/974/428 912/973/428
f 909/975/489 914/978/489 913/2677/489 907/2678/489
f 918/977/430 911/976/430 910/2679/430 916/2680/430
f 917/980/431 915/979/431 914/978/431 918/977/431
f 915/979/432 920/982/432 919/2681/432 913/2682/432
f 924/981/433 917/980/433 916/2683/433 922/2684/433
f 923/984/434 921/983/434 920/982/434 924/981/434
f 921/983/490 926/986/490 925/2685/490 919/2686/490
f 930/985/491 923/984/491 922/2687/491 928/2688/491
f 929/988/437 927/987/437 926/986/437 930/985/437
f 927/987/492 932/990/492 931/2689/492 925/2690/492
f 936/989/493 929/988/493 928/2691/493 934/2692/493
f 935/992/440 933/991/440 932/2693/440 936/2694/440
f 933/991/441 938/994/441 937/2695/441 931/2696/441
f 942/993/442 935/992/442 934/2697/442 940/2698/442
f 941/996/443 939/995/443 938/994/443 942/993/443
f 939/995/444 944/998/444 943/2699/444 937/2700/444
f 948/997/445 941/996/445 940/2701/445 946/2702/445
f 947/1000/446 945/999/446 944/998/446 948/997/446
f 945/999/447 950/1002/447 949/2703/447 943/2704/447
f 954/1001/448 947/1000/448 946/2705/448 952/2706/448
f 953/1004/104 951/1003/104 950/1002/104 954/1001/104
f 951/1003/357 956/1006/357 955/2707/357 949/2708/357
f 960/1005/358 953/1004/358 952/2709/358 958/2710/358
f 959/1008/359 957/1007/359 956/1006/359 960/1005/359
f 957/1007/494 962/1010/494 961/2711/494 955/2712/494
f 966/1009/361 959/1008/361 958/2713/361 964/2714/361
f 965/1012/362 963/1011/362 962/1010/362 966/1009/362
f 963/1011/495 968/1014/495 967/2715/495 961/2716/495
f 972/1013/364 965/1012/364 964/2717/364 970/2718/364
f 971/1016/365 969/1015/365 968/2719/365 972/2720/365
f 969/1015/496 974/1018/496 973/2721/496 967/2722/496
f 978/1017/497 971/1016/497 970/2723/497 976/2724/497
f 977/1020/368 975/1019/368 974/1018/368 978/1017/368
f 975/1019/498 980/1022/498 979/2725/498 973/2726/498
f 984/1021/370 977/1020/370 976/2727/370 982/2728/370
f 983/1024/371 981/1023/371 980/1022/371 984/1021/371
f 981/1023/372 986/1026/372 985/2729/372 979/2730/372
f 990/1025/499 983/1024/499 982/2731/499 988/2732/499
f 989/1028/374 987/1027/374 986/1026/374 990/1025/374
f 987/1027/500 992/1030/500 991/2733/500 985/2734/500
f 996/1029/376 989/1028/376 988/2735/376 994/2736/376
f 995/1032/377 993/1031/377 992/1030/377 996/1029/377
f 993/1031/378 998/1034/378 997/2737/378 991/2738/378
f 1002/1033/379 995/1032/379 994/2739/379 1000/2740/379
f 1001/1036/333 999/1035/333 998/1034/333 1002/1033/333
f 999/1035/380 1004/1038/380 1003/2741/380 997/2742/380
f 1008/1037/381 1001/1036/381 1000/2743/381 1006/2744/381
f 1007/1040/382 1005/1039/382 1004/1038/382 1008/1037/382
f 1005/1039/501 1010/1042/501 1009/2745/501 1003/2746/501
f 1014/1041/384 1007/1040/384 1006/2747/384 1012/2748/384
f 1013/1044/385 1011/1043/385 1010/1042/385 1014/1041/385
f 1011/1043/386 1016/1046/386 1015/2749/386 1009/2750/386
f 1020/1045/387 1013/1044/387 1012/2751/387 1018/2752/387
f 1019/1048/388 1017/1047/388 1016/1046/388 1020/1045/388
f 1017/1047/502 1022/1050/502 1021/2753/502 1015/2754/502
f 1026/1049/503 1019/1048/503 1018/2755/503 1024/2756/503
f 1025/1052/391 1023/1051/391 1022/1050/391 1026/1049/391
f 1023/1051/504 1028/1054/504 1027/2757/504 1021/2758/504
f 1032/1053/505 1025/1052/505 1024/2759/505 1030/2760/505
f 1031/1056/394 1029/1055/394 1028/2761/394 1032/2762/394
f 1029/1055/395 1034/1058/395 1033/2763/395 1027/2764/395
f 1038/1057/396 1031/1056/396 1030/2765/396 1036/2766/396
f 1037/1060/397 1035/1059/397 1034/1058/397 1038/1057/397
f 1035/1059/398 1040/1062/398 1039/2767/398 1033/2768/398
f 1044/1061/399 1037/1060/399 1036/2769/399 1042/2770/399
f 1043/944/400 1041/943/400 1040/1062/400 1044/1061/400
f 1041/943/401 854/946/401 853/2771/401 1039/2772/401
f 858/945/402 1043/944/402 1042/2773/402 856/2774/402
f 1047/1291/481 1052/1294/481 1051/2775/481 1045/2776/481
f 1056/1293/480 1049/1292/480 1048/2777/480 1054/2778/480
f 1046/1138/70 1050/1137/70 1049/1292/70 1047/1291/70
f 1055/1256/354 1053/1255/354 1052/1294/354 1056/1293/354
f 1053/1255/353 1058/1258/353 1057/2779/353 1051/2780/353
f 1062/1257/352 1055/1256/352 1054/2781/352 1060/2782/352
f 1061/1140/351 1059/1139/351 1058/1258/351 1062/1257/351
f 1059/1139/350 1064/1142/350 1063/2783/350 1057/2784/350
f 1068/1141/349 1061/1140/349 1060/2785/349 1066/2786/349
f 1067/1144/348 1065/1143/348 1064/1142/348 1068/1141/348
f 1065/1143/347 1070/1146/347 1069/2787/347 1063/2788/347
f 1074/1145/346 1067/1144/346 1066/2789/346 1072/2790/346
f 1073/1148/345 1071/1147/345 1070/2791/345 1074/2792/345
f 1071/1147/344 1076/1150/344 1075/2793/344 1069/2794/344
f 1080/1149/476 1073/1148/476 1072/2795/476 1078/2796/476
f 1079/1152/342 1077/1151/342 1076/1150/342 1080/1149/342
f 1077/1151/341 1082/1154/341 1081/2797/341 1075/2798/341
f 1086/1153/340 1079/1152/340 1078/2799/340 1084/2800/340
f 1085/1156/339 1083/1155/339 1082/1154/339 1086/1153/339
f 1083/1155/506 1088/1158/506 1087/2801/506 1081/2802/506
f 1092/1157/337 1085/1156/337 1084/2803/337 1090/2804/337
f 1091/1160/336 1089/1159/336 1088/1158/336 1092/1157/336
f 1089/1159/475 1094/1162/475 1093/2805/475 1087/2806/475
f 1098/1161/474 1091/1160/474 1090/2807/474 1096/2808/474
f 1097/1164/333 1095/1163/333 1094/1162/333 1098/1161/333
f 1095/1163/473 1100/1166/473 1099/2809/473 1093/2810/473
f 1104/1165/472 1097/1164/472 1096/2811/472 1102/2812/472
f 1103/1168/330 1101/1167/330 1100/1166/330 1104/1165/330
f 1101/1167/507 1106/1170/507 1105/2813/507 1099/2814/507
f 1110/1169/471 1103/1168/471 1102/2815/471 1108/2816/471
f 1109/1172/327 1107/1171/327 1106/1170/327 1110/1169/327
f 1107/1171/326 1112/1174/326 1111/2817/326 1105/2818/326
f 1116/1173/325 1109/1172/325 1108/2819/325 1114/2820/325
f 1115/1176/324 1113/1175/324 1112/1174/324 1116/1173/324
f 1113/1175/323 1118/1178/323 1117/2821/323 1111/2822/323
f 1122/1177/322 1115/1176/322 1114/2823/322 1120/2824/322
f 1121/1180/321 1119/1179/321 1118/2825/321 1122/2826/321
f 1119/1179/508 1124/1182/508 1123/2827/508 1117/2828/508
f 1128/1181/319 1121/1180/319 1120/2829/319 1126/2830/319
f 1127/1184/318 1125/1183/318 1124/1182/318 1128/1181/318
f 1125/1183/469 1130/1186/469 1129/2831/469 1123/2832/469
f 1134/1185/468 1127/1184/468 1126/2833/468 1132/2834/468
f 1133/1188/315 1131/1187/315 1130/1186/315 1134/1185/315
f 1131/1187/467 1136/1190/467 1135/2835/467 1129/2836/467
f 1140/1189/466 1133/1188/466 1132/2837/466 1138/2838/466
f 1139/1192/312 1137/1191/312 1136/1190/312 1140/1189/312
f 1137/1191/311 1142/1194/311 1141/2839/311 1135/2840/311
f 1146/1193/310 1139/1192/310 1138/2841/310 1144/2842/310
f 1145/1196/105 1143/1195/105 1142/1194/105 1146/1193/105
f 1143/1195/509 1148/1198/509 1147/2843/509 1141/2844/509
f 1152/1197/308 1145/1196/308 1144/2845/308 1150/2846/308
f 1151/1200/307 1149/1199/307 1148/1198/307 1152/1197/307
f 1149/1199/306 1154/1202/306 1153/2847/306 1147/2848/306
f 1158/1201/305 1151/1200/305 1150/2849/305 1156/2850/305
f 1157/1204/304 1155/1203/304 1154/1202/304 1158/1201/304
f 1155/1203/510 1160/1206/510 1159/2851/510 1153/2852/510
f 1164/1205/511 1157/1204/511 1156/2853/511 1162/2854/511
f 1163/1208/301 1161/1207/301 1160/1206/301 1164/1205/301
f 1161/1207/463 1166/1210/463 1165/2855/463 1159/2856/463
f 1170/1209/462 1163/1208/462 1162/2857/462 1168/2858/462
f 1169/1212/298 1167/1211/298 1166/2859/298 1170/2860/298
f 1167/1211/461 1172/1214/461 1171/2861/461 1165/2862/461
f 1176/1213/460 1169/1212/460 1168/2863/460 1174/2864/460
f 1175/1216/295 1173/1215/295 1172/1214/295 1176/1213/295
f 1173/1215/294 1178/1218/294 1177/2865/294 1171/2866/294
f 1182/1217/293 1175/1216/293 1174/2867/293 1180/2868/293
f 1181/1220/292 1179/1219/292 1178/1218/292 1182/1217/292
f 1179/1219/459 1184/1222/459 1183/2869/459 1177/2870/459
f 1188/1221/458 1181/1220/458 1180/2871/458 1186/2872/458
f 1187/1224/289 1185/1223/289 1184/1222/289 1188/1221/289
f 1185/1223/457 1190/1226/457 1189/2873/457 1183/2874/457
f 1194/1225/456 1187/1224/456 1186/2875/456 1192/2876/456
f 1193/1228/286 1191/1227/286 1190/1226/286 1194/1225/286
f 1191/1227/455 1196/1230/455 1195/2877/455 1189/2878/455
f 1200/1229/284 1193/1228/284 1192/2879/284 1198/2880/284
f 1199/1232/283 1197/1231/283 1196/1230/283 1200/1229/283
f 1197/1231/282 1202/1234/282 1201/2881/282 1195/2882/282
f 1206/1233/281 1199/1232/281 1198/2883/281 1204/2884/281
f 1205/1236/280 1203/1235/280 1202/1234/280 1206/1233/280
f 1203/1235/279 1208/1238/279 1207/2885/279 1201/2886/279
f 1212/1237/278 1205/1236/278 1204/2887/278 1210/2888/278
f 1211/1240/277 1209/1239/277 1208/1238/277 1212/1237/277
f 1209/1239/276 1214/1242/276 1213/2889/276 1207/2890/276
f 1218/1241/452 1211/1240/452 1210/2891/452 1216/2892/452
f 1217/1244/274 1215/1243/274 1214/2893/274 1218/2894/274
f 1215/1243/273 1220/1246/273 1219/2895/273 1213/2896/273
f 1224/1245/451 1217/1244/451 1216/2897/451 1222/2898/451
f 1223/1248/271 1221/1247/271 1220/1246/271 1224/1245/271
f 1221/1247/270 1226/1250/270 1225/2899/270 1219/2900/270
f 1230/1249/269 1223/1248/269 1222/2901/269 1228/2902/269
f 1229/1252/268 1227/1251/268 1226/1250/268 1230/1249/268
f 1227/1251/267 1232/1254/267 1231/2903/267 1225/2904/267
f 1236/1253/266 1229/1252/266 1228/2905/266 1234/2906/266
f 1235/1136/265 1233/1135/265 1232/1254/265 1236/1253/265
f 1233/1135/450 1046/1138/450 1045/2907/450 1231/2908/450
f 1050/1137/449 1235/1136/449 1234/2909/449 1048/2910/449
f 85/1295/104 91/1300/104 97/1305/104 103/1310/104 109/1315/104 115/1320/104 121/1325/104 127/1330/104 133/1335/104 139/1340/104 145/1345/104 151/1350/104 157/1355/104 163/1360/104 169/1365/104 175/1370/104 181/1375/104 187/1380/104 193/1385/104 199/1390/104 205/1395/104 211/1400/104 217/1405/104 223/1410/104 229/1415/104 235/1420/104 241/1425/104 247/1430/104 253/1435/104 259/1440/104 265/1445/104 271/1450/104
