# Blender v2.83.20 OBJ File: 'PUERTA_PLANTILLA.blend'
# www.blender.org
mtllib ORANGE DOOR WITH GLASS IN THE MIDDLE.mtl
o BODY_Cubo.002
v -0.973238 -1.830893 -0.024457
v -0.973238 1.830893 -0.024457
v 0.950710 -1.830893 -0.023869
v 0.950710 1.830893 -0.023869
v -0.974681 -1.830893 -0.042805
v -0.974681 1.830893 -0.042805
v 0.949267 -1.830893 -0.042217
v 0.949267 1.830893 -0.042217
v -1.072856 -2.019116 0.048824
v -1.072856 2.019116 0.048824
v -1.072856 -2.019116 -0.112201
v -1.072856 2.019116 -0.112201
v 1.048885 -2.019116 0.048824
v 1.048885 2.019116 0.048824
v 1.048885 -2.019116 -0.112201
v 1.048885 2.019116 -0.112201
v -0.973831 1.830893 -0.112201
v -0.973831 -1.830893 -0.112201
v 0.950124 1.830893 -0.112201
v 0.950124 -1.830893 -0.112201
v -0.974135 1.830893 0.048824
v -0.974135 -1.830893 0.048824
v 0.949820 1.830893 0.048824
v 0.949820 1.830569 0.048824
v 0.949820 -1.830893 0.048824
v 0.215226 -1.830893 -0.024094
v 0.215226 -1.830893 -0.112201
v 0.215226 -1.830893 -0.042442
v 0.215226 -1.833198 -0.112201
v 0.215226 -1.830893 0.048824
v 0.215226 -1.833198 0.048824
v 0.215226 1.833198 -0.112201
v 0.215226 1.830893 -0.112201
v 0.215226 1.830893 -0.024094
v 0.215226 1.833198 0.048824
v 0.215226 1.830893 0.048824
v 0.215226 1.830893 -0.042442
v -0.239197 1.833198 -0.112201
v -0.239197 1.830893 -0.112201
v -0.239197 1.830893 -0.024233
v -0.239197 1.833198 0.048824
v -0.239197 1.830893 0.048824
v -0.239197 1.830893 -0.042580
v -0.239197 -1.830893 -0.024233
v -0.239197 -1.830893 -0.112201
v -0.239197 -1.830893 -0.042580
v -0.239197 -1.833198 -0.112201
v -0.239197 -1.830893 0.048824
v -0.239197 -1.833198 0.048824
vt 0.375000 0.250000
vt 0.375000 0.345382
vt 0.625000 0.345382
vt 0.625000 0.250000
vt 0.375000 0.500000
vt 0.375000 0.654203
vt 0.624978 0.654203
vt 0.625000 0.654203
vt 0.625000 0.500000
vt 0.125000 0.500000
vt 0.125000 0.655450
vt 0.220498 0.654974
vt 0.220382 0.500000
vt 0.720454 0.654679
vt 0.720570 0.500000
vt 0.375000 0.000000
vt 0.375000 0.147209
vt 0.625000 0.147209
vt 0.625000 0.000000
vt 0.375000 0.750000
vt 0.375000 0.845382
vt 0.625000 0.845382
vt 0.625000 0.750000
vt 0.375000 0.000000
vt 0.625000 0.000000
vt 0.625000 0.250000
vt 0.375000 0.250000
vt 0.613347 0.261668
vt 0.386653 0.261668
vt 0.386653 0.348228
vt 0.386510 0.348228
vt 0.386510 0.401772
vt 0.386653 0.401772
vt 0.386653 0.488363
vt 0.375000 0.500000
vt 0.625000 0.500000
vt 0.625000 0.750000
vt 0.375000 0.750000
vt 0.613327 0.761673
vt 0.386653 0.761673
vt 0.386653 0.848228
vt 0.386510 0.848228
vt 0.386510 0.901772
vt 0.386653 0.901772
vt 0.386653 0.988368
vt 0.375000 1.000000
vt 0.125000 0.500000
vt 0.125000 0.750000
vt 0.875000 0.500000
vt 0.875000 0.750000
vt 0.613347 0.988368
vt 0.613347 0.901772
vt 0.613490 0.901772
vt 0.613490 0.848228
vt 0.613347 0.848228
vt 0.613347 0.761673
vt 0.625000 1.000000
vt 0.625000 0.601544
vt 0.720382 0.750000
vt 0.720493 0.602020
vt 0.375000 0.601544
vt 0.125000 0.602791
vt 0.125000 0.750000
vt 0.220570 0.750000
vt 0.220459 0.602315
vt 0.375000 0.094550
vt 0.625000 0.094550
vt 0.613347 0.488363
vt 0.613347 0.401772
vt 0.613490 0.401772
vt 0.613490 0.348228
vt 0.613347 0.348228
vt 0.625000 0.404430
vt 0.375000 0.404430
vt 0.375000 0.605256
vt 0.375000 0.644744
vt 0.375157 0.644744
vt 0.375157 0.626862
vt 0.624843 0.626862
vt 0.624843 0.644744
vt 0.625000 0.644744
vt 0.625000 0.605256
vt 0.624843 0.605256
vt 0.624843 0.622363
vt 0.375157 0.622363
vt 0.375157 0.605256
vt 0.875000 0.644744
vt 0.875000 0.605256
vt 0.279430 0.500000
vt 0.279546 0.654679
vt 0.779618 0.500000
vt 0.779502 0.654974
vt 0.875000 0.655450
vt 0.875000 0.500000
vt 0.625000 0.904430
vt 0.375000 0.904430
vt 0.375000 1.000000
vt 0.625000 1.000000
vt 0.779541 0.602315
vt 0.779430 0.750000
vt 0.875000 0.750000
vt 0.875000 0.602791
vt 0.375000 0.105256
vt 0.375000 0.144744
vt 0.375157 0.144744
vt 0.375157 0.127671
vt 0.624843 0.127671
vt 0.624843 0.144744
vt 0.625000 0.144744
vt 0.625000 0.105256
vt 0.624843 0.105256
vt 0.624843 0.123172
vt 0.375157 0.123172
vt 0.375157 0.105256
vt 0.279507 0.602020
vt 0.279618 0.750000
vt 0.125000 0.605256
vt 0.125000 0.644744
vn -0.0003 0.0000 1.0000
vn -0.9999 0.0000 -0.0122
vn -0.0000 1.0000 0.0000
vn 0.0000 -1.0000 0.0000
vn 0.9999 0.0000 0.0122
vn 0.0003 0.0000 -1.0000
vn -1.0000 0.0000 0.0000
vn -0.0000 -0.0000 -1.0000
vn 1.0000 0.0000 0.0000
vn -0.0000 0.0000 1.0000
usemtl Material.001
s off
f 1/1/1 44/2/1 40/3/1 2/4/1
f 3/5/2 25/6/2 24/7/2 23/8/2 4/9/2
f 1/10/3 22/11/3 48/12/3 44/13/3
f 4/9/4 23/8/4 36/14/4 34/15/4
f 5/16/5 18/17/5 17/18/5 6/19/5
f 7/20/6 28/21/6 37/22/6 8/23/6
f 9/24/7 10/25/7 12/26/7 11/27/7
f 11/27/8 12/26/8 17/28/8 18/29/8 45/30/8 47/31/8 29/32/8 27/33/8 20/34/8 15/35/8
f 15/35/9 16/36/9 14/37/9 13/38/9
f 13/38/10 14/37/10 24/39/10 25/40/10 30/41/10 31/42/10 49/43/10 48/44/10 22/45/10 9/46/10
f 11/47/4 15/35/4 13/38/4 9/48/4
f 16/36/3 12/49/3 10/50/3 14/37/3
f 9/46/10 22/45/10 21/51/10 42/52/10 41/53/10 35/54/10 36/55/10 23/56/10 24/39/10 14/37/10 10/57/10
f 19/58/4 8/23/4 37/59/4 33/60/4
f 20/61/2 7/20/2 8/23/2 19/58/2
f 18/62/3 5/63/3 46/64/3 45/65/3
f 22/66/5 1/1/5 2/4/5 21/67/5
f 15/35/8 20/34/8 19/68/8 33/69/8 32/70/8 38/71/8 39/72/8 17/28/8 12/26/8 16/36/8
f 34/73/1 26/74/1 3/5/1 4/9/1
f 29/75/7 31/76/7 30/77/7 26/78/7 34/79/7 36/80/7 35/81/7 32/82/7 33/83/7 37/84/7 28/85/7 27/86/7
f 32/82/4 35/81/4 41/87/4 38/88/4
f 26/89/3 30/90/3 25/6/3 3/5/3
f 40/91/4 42/92/4 21/93/4 2/94/4
f 43/95/6 46/96/6 5/97/6 6/98/6
f 39/99/4 43/100/4 6/101/4 17/102/4
f 49/103/9 47/104/9 45/105/9 46/106/9 43/107/9 39/108/9 38/109/9 41/110/9 42/111/9 40/112/9 44/113/9 48/114/9
f 27/115/3 28/116/3 7/20/3 20/61/3
f 47/117/3 49/118/3 31/76/3 29/75/3
o SHEET_METAL_Esfera
v -0.782930 0.095365 -0.149501
v -0.782930 0.089832 -0.167742
v -0.782930 0.080846 -0.184552
v -0.782930 0.068754 -0.199286
v -0.782930 0.054020 -0.211379
v -0.782930 0.037210 -0.220364
v -0.782930 0.018969 -0.225897
v -0.782930 0.000000 -0.227765
v -0.782930 -0.018969 -0.225897
v -0.782930 -0.080846 -0.184552
v -0.779229 0.095365 -0.149137
v -0.775671 0.089832 -0.167027
v -0.772391 0.080846 -0.183514
v -0.769517 0.068754 -0.197965
v -0.767158 0.054020 -0.209825
v -0.765405 0.037210 -0.218638
v -0.764325 0.018969 -0.224065
v -0.763961 0.000000 -0.225897
v -0.764325 -0.018969 -0.224065
v -0.765405 -0.037209 -0.218638
v -0.767158 -0.054020 -0.209825
v -0.769517 -0.068754 -0.197965
v -0.772391 -0.080846 -0.183514
v -0.775671 -0.089832 -0.167027
v -0.779229 -0.095365 -0.149137
v -0.775671 0.095365 -0.148057
v -0.768691 0.089832 -0.164909
v -0.762258 0.080846 -0.180440
v -0.756619 0.068754 -0.194053
v -0.751992 0.054020 -0.205224
v -0.748553 0.037210 -0.213526
v -0.746436 0.018969 -0.218638
v -0.745721 0.000000 -0.220364
v -0.746436 -0.018969 -0.218638
v -0.748553 -0.037209 -0.213526
v -0.751992 -0.054020 -0.205224
v -0.756619 -0.068754 -0.194053
v -0.762258 -0.080846 -0.180440
v -0.768691 -0.089832 -0.164909
v -0.775671 -0.095365 -0.148057
v -0.772391 0.095365 -0.146304
v -0.762258 0.089832 -0.161471
v -0.752918 0.080846 -0.175448
v -0.744732 0.068754 -0.187699
v -0.738014 0.054020 -0.197753
v -0.733022 0.037210 -0.205224
v -0.729948 0.018969 -0.209825
v -0.728910 0.000000 -0.211378
v -0.729948 -0.018969 -0.209825
v -0.733022 -0.037209 -0.205224
v -0.738014 -0.054020 -0.197753
v -0.744732 -0.068754 -0.187699
v -0.752918 -0.080846 -0.175448
v -0.762258 -0.089832 -0.161471
v -0.772391 -0.095365 -0.146304
v -0.769517 0.095365 -0.143945
v -0.756619 0.089832 -0.156843
v -0.744732 0.080846 -0.168730
v -0.734314 0.068754 -0.179149
v -0.725763 0.054020 -0.187699
v -0.719410 0.037210 -0.194053
v -0.715497 0.018969 -0.197965
v -0.714176 0.000000 -0.199286
v -0.715497 -0.018969 -0.197965
v -0.719410 -0.037209 -0.194053
v -0.725763 -0.054020 -0.187699
v -0.734314 -0.068754 -0.179149
v -0.744732 -0.080846 -0.168730
v -0.756619 -0.089832 -0.156843
v -0.769517 -0.095365 -0.143945
v -0.767158 0.095365 -0.141071
v -0.751992 0.089832 -0.151205
v -0.738014 0.080846 -0.160544
v -0.725763 0.068754 -0.168730
v -0.715709 0.054020 -0.175448
v -0.708238 0.037210 -0.180440
v -0.703637 0.018969 -0.183514
v -0.702084 0.000000 -0.184552
v -0.703637 -0.018969 -0.183514
v -0.708238 -0.037209 -0.180440
v -0.715709 -0.054020 -0.175448
v -0.725763 -0.068754 -0.168730
v -0.738014 -0.080846 -0.160544
v -0.751992 -0.089832 -0.151205
v -0.767158 -0.095365 -0.141071
v -0.765405 0.095365 -0.137791
v -0.748553 0.089832 -0.144772
v -0.733022 0.080846 -0.151205
v -0.719410 0.068754 -0.156843
v -0.708238 0.054020 -0.161471
v -0.699936 0.037210 -0.164909
v -0.694825 0.018969 -0.167027
v -0.693098 0.000000 -0.167742
v -0.694825 -0.018969 -0.167027
v -0.699936 -0.037209 -0.164909
v -0.708238 -0.054020 -0.161471
v -0.719410 -0.068754 -0.156843
v -0.733022 -0.080846 -0.151205
v -0.748553 -0.089832 -0.144772
v -0.765405 -0.095365 -0.137791
v -0.764325 0.095365 -0.134233
v -0.746436 0.089832 -0.137791
v -0.729948 0.080846 -0.141071
v -0.715497 0.068754 -0.143945
v -0.703637 0.054020 -0.146304
v -0.694825 0.037210 -0.148057
v -0.689398 0.018969 -0.149137
v -0.687565 0.000000 -0.149501
v -0.689398 -0.018969 -0.149137
v -0.694825 -0.037209 -0.148057
v -0.703637 -0.054020 -0.146304
v -0.715497 -0.068754 -0.143945
v -0.729948 -0.080846 -0.141071
v -0.746436 -0.089832 -0.137791
v -0.764325 -0.095365 -0.134233
v -0.763961 0.095365 -0.130532
v -0.745721 0.089832 -0.130532
v -0.728910 0.080846 -0.130532
v -0.714176 0.068754 -0.130532
v -0.702084 0.054020 -0.130532
v -0.693098 0.037210 -0.130532
v -0.687565 0.018969 -0.130532
v -0.685697 0.000000 -0.130532
v -0.687565 -0.018969 -0.130532
v -0.693098 -0.037209 -0.130532
v -0.702084 -0.054020 -0.130532
v -0.714176 -0.068754 -0.130532
v -0.728910 -0.080846 -0.130532
v -0.745721 -0.089832 -0.130532
v -0.763961 -0.095365 -0.130532
v -0.764325 0.095365 -0.126831
v -0.746436 0.089832 -0.123273
v -0.729948 0.080846 -0.119993
v -0.715497 0.068754 -0.117119
v -0.703637 0.054020 -0.114760
v -0.694825 0.037210 -0.113007
v -0.689398 0.018969 -0.111927
v -0.687565 0.000000 -0.111563
v -0.689398 -0.018969 -0.111927
v -0.694825 -0.037209 -0.113007
v -0.703637 -0.054020 -0.114760
v -0.715497 -0.068754 -0.117119
v -0.729948 -0.080846 -0.119993
v -0.746436 -0.089832 -0.123273
v -0.764325 -0.095365 -0.126831
v -0.765405 0.095365 -0.123273
v -0.748553 0.089832 -0.116293
v -0.733022 0.080846 -0.109860
v -0.719410 0.068754 -0.104221
v -0.708238 0.054020 -0.099594
v -0.699936 0.037210 -0.096155
v -0.694825 0.018969 -0.094038
v -0.693098 0.000000 -0.093323
v -0.694825 -0.018969 -0.094038
v -0.699936 -0.037209 -0.096155
v -0.708238 -0.054020 -0.099594
v -0.719410 -0.068754 -0.104221
v -0.733022 -0.080846 -0.109860
v -0.748553 -0.089832 -0.116293
v -0.765405 -0.095365 -0.123273
v -0.767158 0.095365 -0.119993
v -0.751992 0.089832 -0.109860
v -0.738014 0.080846 -0.100520
v -0.725763 0.068754 -0.092334
v -0.715709 0.054020 -0.085616
v -0.708238 0.037210 -0.080624
v -0.703637 0.018969 -0.077550
v -0.702084 0.000000 -0.076512
v -0.703637 -0.018969 -0.077550
v -0.708238 -0.037209 -0.080624
v -0.715709 -0.054020 -0.085616
v -0.725763 -0.068754 -0.092334
v -0.738014 -0.080846 -0.100520
v -0.751992 -0.089832 -0.109860
v -0.767158 -0.095365 -0.119993
v -0.769517 0.095365 -0.117119
v -0.756619 0.089832 -0.104221
v -0.744732 0.080846 -0.092334
v -0.734314 0.068754 -0.081916
v -0.725763 0.054020 -0.073365
v -0.719410 0.037210 -0.067011
v -0.715497 0.018969 -0.063099
v -0.714176 0.000000 -0.061778
v -0.715497 -0.018969 -0.063099
v -0.719410 -0.037209 -0.067011
v -0.725763 -0.054020 -0.073365
v -0.734314 -0.068754 -0.081916
v -0.744732 -0.080846 -0.092334
v -0.756619 -0.089832 -0.104221
v -0.769517 -0.095365 -0.117119
v -0.772391 0.095365 -0.114760
v -0.762258 0.089832 -0.099593
v -0.752918 0.080846 -0.085616
v -0.744732 0.068754 -0.073365
v -0.738014 0.054020 -0.063311
v -0.733022 0.037210 -0.055840
v -0.729948 0.018969 -0.051239
v -0.728910 0.000000 -0.049686
v -0.729948 -0.018969 -0.051239
v -0.733022 -0.037209 -0.055840
v -0.738014 -0.054020 -0.063311
v -0.744732 -0.068754 -0.073365
v -0.752918 -0.080846 -0.085616
v -0.762258 -0.089832 -0.099594
v -0.772391 -0.095365 -0.114760
v -0.782930 -0.097233 -0.130532
v -0.775671 0.095365 -0.113007
v -0.768691 0.089832 -0.096155
v -0.762258 0.080846 -0.080624
v -0.756619 0.068754 -0.067011
v -0.751992 0.054020 -0.055840
v -0.748553 0.037210 -0.047538
v -0.746436 0.018969 -0.042426
v -0.745721 0.000000 -0.040700
v -0.746436 -0.018969 -0.042426
v -0.748553 -0.037209 -0.047538
v -0.751992 -0.054020 -0.055840
v -0.756619 -0.068754 -0.067011
v -0.762258 -0.080846 -0.080624
v -0.768691 -0.089832 -0.096155
v -0.775671 -0.095365 -0.113007
v -0.779229 0.095365 -0.111927
v -0.775671 0.089832 -0.094038
v -0.772391 0.080846 -0.077550
v -0.769517 0.068754 -0.063099
v -0.767158 0.054020 -0.051239
v -0.765405 0.037210 -0.042426
v -0.764325 0.018969 -0.037000
v -0.763961 0.000000 -0.035167
v -0.764325 -0.018969 -0.037000
v -0.765405 -0.037209 -0.042426
v -0.767158 -0.054020 -0.051239
v -0.769517 -0.068754 -0.063099
v -0.772391 -0.080846 -0.077550
v -0.775671 -0.089832 -0.094038
v -0.779229 -0.095365 -0.111927
v -0.782930 0.095365 -0.111563
v -0.782930 0.089832 -0.093323
v -0.782930 0.080846 -0.076512
v -0.782930 0.068754 -0.061778
v -0.782930 0.054020 -0.049686
v -0.782930 0.037210 -0.040700
v -0.782930 0.018969 -0.035167
v -0.782930 0.000000 -0.033299
v -0.782930 -0.018969 -0.035167
v -0.782930 -0.037209 -0.040700
v -0.782930 -0.054020 -0.049686
v -0.782930 -0.068754 -0.061778
v -0.782930 -0.080846 -0.076512
v -0.782930 -0.089832 -0.093323
v -0.782930 -0.095365 -0.111563
v -0.786631 0.095365 -0.111927
v -0.790189 0.089832 -0.094038
v -0.793469 0.080846 -0.077550
v -0.796343 0.068754 -0.063099
v -0.798702 0.054020 -0.051239
v -0.800455 0.037210 -0.042426
v -0.801535 0.018969 -0.037000
v -0.801899 0.000000 -0.035167
v -0.801535 -0.018969 -0.037000
v -0.800455 -0.037209 -0.042426
v -0.798702 -0.054020 -0.051239
v -0.796343 -0.068754 -0.063099
v -0.793469 -0.080846 -0.077550
v -0.790189 -0.089832 -0.094038
v -0.786631 -0.095365 -0.111927
v -0.790189 0.095365 -0.113007
v -0.797170 0.089832 -0.096155
v -0.803603 0.080846 -0.080624
v -0.809241 0.068754 -0.067011
v -0.813869 0.054020 -0.055840
v -0.817307 0.037210 -0.047538
v -0.819425 0.018969 -0.042427
v -0.820140 0.000000 -0.040700
v -0.819425 -0.018969 -0.042427
v -0.817307 -0.037209 -0.047538
v -0.813869 -0.054020 -0.055840
v -0.809241 -0.068754 -0.067011
v -0.803603 -0.080846 -0.080624
v -0.797170 -0.089832 -0.096155
v -0.790189 -0.095365 -0.113007
v -0.793469 0.095365 -0.114760
v -0.803603 0.089832 -0.099594
v -0.812942 0.080846 -0.085616
v -0.821128 0.068754 -0.073365
v -0.827846 0.054020 -0.063311
v -0.832838 0.037210 -0.055840
v -0.835912 0.018969 -0.051239
v -0.836950 0.000000 -0.049686
v -0.835912 -0.018969 -0.051239
v -0.832838 -0.037209 -0.055840
v -0.827846 -0.054020 -0.063311
v -0.821128 -0.068754 -0.073365
v -0.812942 -0.080846 -0.085616
v -0.803603 -0.089832 -0.099594
v -0.793469 -0.095365 -0.114760
v -0.782930 0.097233 -0.130532
v -0.796343 0.095365 -0.117119
v -0.809241 0.089832 -0.104221
v -0.821128 0.080846 -0.092334
v -0.831547 0.068754 -0.081916
v -0.840097 0.054020 -0.073365
v -0.846451 0.037210 -0.067011
v -0.850363 0.018969 -0.063099
v -0.851684 0.000000 -0.061778
v -0.850363 -0.018969 -0.063099
v -0.846451 -0.037209 -0.067011
v -0.840097 -0.054020 -0.073365
v -0.831547 -0.068754 -0.081916
v -0.821128 -0.080846 -0.092334
v -0.809241 -0.089832 -0.104221
v -0.796343 -0.095365 -0.117119
v -0.798702 0.095365 -0.119993
v -0.813869 0.089832 -0.109860
v -0.827846 0.080846 -0.100520
v -0.840097 0.068754 -0.092334
v -0.850151 0.054020 -0.085616
v -0.857622 0.037210 -0.080624
v -0.862223 0.018969 -0.077550
v -0.863777 0.000000 -0.076512
v -0.862223 -0.018969 -0.077550
v -0.857622 -0.037209 -0.080624
v -0.850151 -0.054020 -0.085616
v -0.840097 -0.068754 -0.092334
v -0.827846 -0.080846 -0.100520
v -0.813869 -0.089832 -0.109860
v -0.798702 -0.095365 -0.119993
v -0.800455 0.095365 -0.123273
v -0.817307 0.089832 -0.116293
v -0.832838 0.080846 -0.109860
v -0.846451 0.068754 -0.104221
v -0.857622 0.054020 -0.099594
v -0.865924 0.037210 -0.096155
v -0.871036 0.018969 -0.094038
v -0.872762 0.000000 -0.093323
v -0.871036 -0.018969 -0.094038
v -0.865924 -0.037209 -0.096155
v -0.857622 -0.054020 -0.099594
v -0.846451 -0.068754 -0.104221
v -0.832838 -0.080846 -0.109860
v -0.817307 -0.089832 -0.116293
v -0.800455 -0.095365 -0.123273
v -0.801535 0.095365 -0.126831
v -0.819425 0.089832 -0.123273
v -0.835912 0.080846 -0.119993
v -0.850363 0.068754 -0.117119
v -0.862223 0.054020 -0.114760
v -0.871036 0.037210 -0.113007
v -0.876463 0.018969 -0.111927
v -0.878295 0.000000 -0.111563
v -0.876463 -0.018969 -0.111927
v -0.871036 -0.037209 -0.113007
v -0.862223 -0.054020 -0.114760
v -0.850363 -0.068754 -0.117119
v -0.835912 -0.080846 -0.119993
v -0.819425 -0.089832 -0.123273
v -0.801535 -0.095365 -0.126831
v -0.801899 0.095365 -0.130532
v -0.820140 0.089832 -0.130532
v -0.836950 0.080846 -0.130532
v -0.851684 0.068754 -0.130532
v -0.863777 0.054020 -0.130532
v -0.872762 0.037210 -0.130532
v -0.878295 0.018969 -0.130532
v -0.880163 0.000000 -0.130532
v -0.878295 -0.018969 -0.130532
v -0.872762 -0.037209 -0.130532
v -0.863777 -0.054020 -0.130532
v -0.851684 -0.068754 -0.130532
v -0.836950 -0.080846 -0.130532
v -0.820140 -0.089832 -0.130532
v -0.801899 -0.095365 -0.130532
v -0.801535 0.095365 -0.134233
v -0.819425 0.089832 -0.137791
v -0.835912 0.080846 -0.141071
v -0.850363 0.068754 -0.143945
v -0.862223 0.054020 -0.146304
v -0.871036 0.037210 -0.148057
v -0.876462 0.018969 -0.149137
v -0.878295 0.000000 -0.149501
v -0.876462 -0.018969 -0.149137
v -0.871036 -0.037209 -0.148057
v -0.862223 -0.054020 -0.146304
v -0.850363 -0.068754 -0.143945
v -0.835912 -0.080846 -0.141071
v -0.819425 -0.089832 -0.137791
v -0.801535 -0.095365 -0.134233
v -0.800455 0.095365 -0.137791
v -0.817307 0.089832 -0.144772
v -0.832838 0.080846 -0.151205
v -0.846451 0.068754 -0.156843
v -0.857622 0.054020 -0.161471
v -0.865924 0.037210 -0.164909
v -0.871036 0.018969 -0.167027
v -0.872762 0.000000 -0.167742
v -0.871036 -0.018969 -0.167027
v -0.865924 -0.037209 -0.164909
v -0.857622 -0.054020 -0.161471
v -0.846451 -0.068754 -0.156843
v -0.832838 -0.080846 -0.151205
v -0.817307 -0.089832 -0.144772
v -0.800455 -0.095365 -0.137791
v -0.798702 0.095365 -0.141071
v -0.813869 0.089832 -0.151205
v -0.827846 0.080846 -0.160544
v -0.840097 0.068754 -0.168730
v -0.850151 0.054020 -0.175448
v -0.857622 0.037210 -0.180440
v -0.862223 0.018969 -0.183514
v -0.863777 0.000000 -0.184552
v -0.862223 -0.018969 -0.183514
v -0.857622 -0.037209 -0.180440
v -0.850151 -0.054020 -0.175448
v -0.840097 -0.068754 -0.168730
v -0.827846 -0.080846 -0.160544
v -0.813869 -0.089832 -0.151205
v -0.798702 -0.095365 -0.141071
v -0.796343 0.095365 -0.143945
v -0.809241 0.089832 -0.156843
v -0.821128 0.080846 -0.168730
v -0.831547 0.068754 -0.179149
v -0.840097 0.054020 -0.187699
v -0.846451 0.037210 -0.194053
v -0.850363 0.018969 -0.197965
v -0.851684 0.000000 -0.199286
v -0.850363 -0.018969 -0.197965
v -0.846451 -0.037209 -0.194053
v -0.840097 -0.054020 -0.187699
v -0.831547 -0.068754 -0.179149
v -0.821128 -0.080846 -0.168730
v -0.809241 -0.089832 -0.156843
v -0.796343 -0.095365 -0.143945
v -0.793469 0.095365 -0.146304
v -0.803603 0.089832 -0.161471
v -0.812942 0.080846 -0.175448
v -0.821128 0.068754 -0.187699
v -0.827846 0.054020 -0.197753
v -0.832838 0.037210 -0.205224
v -0.835912 0.018969 -0.209825
v -0.836950 0.000000 -0.211378
v -0.835912 -0.018969 -0.209825
v -0.832838 -0.037209 -0.205224
v -0.827846 -0.054020 -0.197753
v -0.821128 -0.068754 -0.187699
v -0.812942 -0.080846 -0.175448
v -0.803603 -0.089832 -0.161471
v -0.793469 -0.095365 -0.146304
v -0.790189 0.095365 -0.148057
v -0.797170 0.089832 -0.164909
v -0.803603 0.080846 -0.180440
v -0.809241 0.068754 -0.194053
v -0.813869 0.054020 -0.205224
v -0.817307 0.037210 -0.213526
v -0.819425 0.018969 -0.218638
v -0.820140 0.000000 -0.220364
v -0.819425 -0.018969 -0.218638
v -0.817307 -0.037209 -0.213526
v -0.813869 -0.054020 -0.205224
v -0.809241 -0.068754 -0.194053
v -0.803603 -0.080846 -0.180440
v -0.797170 -0.089832 -0.164909
v -0.790189 -0.095365 -0.148057
v -0.786631 0.095365 -0.149137
v -0.790189 0.089832 -0.167027
v -0.793469 0.080846 -0.183514
v -0.796343 0.068754 -0.197965
v -0.798702 0.054020 -0.209825
v -0.800455 0.037210 -0.218638
v -0.801535 0.018969 -0.224064
v -0.801899 0.000000 -0.225897
v -0.801535 -0.018969 -0.224064
v -0.800455 -0.037209 -0.218638
v -0.798702 -0.054020 -0.209825
v -0.796343 -0.068754 -0.197965
v -0.793469 -0.080846 -0.183514
v -0.790189 -0.089832 -0.167027
v -0.786631 -0.095365 -0.149137
v -0.782930 -0.037209 -0.220364
v -0.782930 -0.054020 -0.211378
v -0.782930 -0.068754 -0.199286
v -0.782930 -0.089832 -0.167742
v -0.782930 -0.095365 -0.149501
v -0.782930 0.095365 0.044330
v -0.782930 0.089832 0.026090
v -0.782930 0.080846 0.009280
v -0.782930 0.068754 -0.005455
v -0.782930 0.054020 -0.017547
v -0.782930 0.037210 -0.026532
v -0.782930 0.018969 -0.032065
v -0.782930 0.000000 -0.033934
v -0.782930 -0.018969 -0.032065
v -0.782930 -0.080846 0.009280
v -0.779229 0.095365 0.044695
v -0.775671 0.089832 0.026805
v -0.772391 0.080846 0.010318
v -0.769517 0.068754 -0.004134
v -0.767158 0.054020 -0.015994
v -0.765405 0.037210 -0.024806
v -0.764325 0.018969 -0.030233
v -0.763961 0.000000 -0.032065
v -0.764325 -0.018969 -0.030233
v -0.765405 -0.037209 -0.024806
v -0.767158 -0.054020 -0.015994
v -0.769517 -0.068754 -0.004134
v -0.772391 -0.080846 0.010318
v -0.775671 -0.089832 0.026805
v -0.779229 -0.095365 0.044695
v -0.775671 0.095365 0.045774
v -0.768691 0.089832 0.028922
v -0.762258 0.080846 0.013392
v -0.756619 0.068754 -0.000221
v -0.751992 0.054020 -0.011393
v -0.748553 0.037210 -0.019694
v -0.746436 0.018969 -0.024806
v -0.745721 0.000000 -0.026532
v -0.746436 -0.018969 -0.024806
v -0.748553 -0.037209 -0.019694
v -0.751992 -0.054020 -0.011393
v -0.756619 -0.068754 -0.000221
v -0.762258 -0.080846 0.013392
v -0.768691 -0.089832 0.028922
v -0.775671 -0.095365 0.045774
v -0.772391 0.095365 0.047527
v -0.762258 0.089832 0.032361
v -0.752918 0.080846 0.018384
v -0.744732 0.068754 0.006132
v -0.738014 0.054020 -0.003922
v -0.733022 0.037210 -0.011393
v -0.729948 0.018969 -0.015994
v -0.728910 0.000000 -0.017547
v -0.729948 -0.018969 -0.015994
v -0.733022 -0.037209 -0.011393
v -0.738014 -0.054020 -0.003922
v -0.744732 -0.068754 0.006132
v -0.752918 -0.080846 0.018384
v -0.762258 -0.089832 0.032361
v -0.772391 -0.095365 0.047527
v -0.769517 0.095365 0.049886
v -0.756619 0.089832 0.036988
v -0.744732 0.080846 0.025102
v -0.734313 0.068754 0.014683
v -0.725763 0.054020 0.006132
v -0.719409 0.037210 -0.000221
v -0.715497 0.018969 -0.004134
v -0.714176 0.000000 -0.005455
v -0.715497 -0.018969 -0.004134
v -0.719409 -0.037209 -0.000221
v -0.725763 -0.054020 0.006132
v -0.734313 -0.068754 0.014683
v -0.744732 -0.080846 0.025102
v -0.756619 -0.089832 0.036988
v -0.769517 -0.095365 0.049886
v -0.767158 0.095365 0.052761
v -0.751992 0.089832 0.042627
v -0.738014 0.080846 0.033288
v -0.725763 0.068754 0.025102
v -0.715709 0.054020 0.018384
v -0.708238 0.037210 0.013392
v -0.703637 0.018969 0.010318
v -0.702084 0.000000 0.009280
v -0.703637 -0.018969 0.010318
v -0.708238 -0.037209 0.013392
v -0.715709 -0.054020 0.018384
v -0.725763 -0.068754 0.025102
v -0.738014 -0.080846 0.033288
v -0.751992 -0.089832 0.042627
v -0.767158 -0.095365 0.052761
v -0.765405 0.095365 0.056040
v -0.748553 0.089832 0.049060
v -0.733022 0.080846 0.042627
v -0.719409 0.068754 0.036988
v -0.708238 0.054020 0.032361
v -0.699936 0.037210 0.028922
v -0.694824 0.018969 0.026805
v -0.693098 0.000000 0.026090
v -0.694824 -0.018969 0.026805
v -0.699936 -0.037209 0.028922
v -0.708238 -0.054020 0.032361
v -0.719409 -0.068754 0.036988
v -0.733022 -0.080846 0.042627
v -0.748553 -0.089832 0.049060
v -0.765405 -0.095365 0.056040
v -0.764325 0.095365 0.059599
v -0.746436 0.089832 0.056040
v -0.729948 0.080846 0.052761
v -0.715497 0.068754 0.049886
v -0.703637 0.054020 0.047527
v -0.694824 0.037210 0.045774
v -0.689398 0.018969 0.044695
v -0.687565 0.000000 0.044330
v -0.689398 -0.018969 0.044695
v -0.694824 -0.037209 0.045774
v -0.703637 -0.054020 0.047527
v -0.715497 -0.068754 0.049886
v -0.729948 -0.080846 0.052761
v -0.746436 -0.089832 0.056040
v -0.764325 -0.095365 0.059599
v -0.763961 0.095365 0.063299
v -0.745721 0.089832 0.063299
v -0.728910 0.080846 0.063299
v -0.714176 0.068754 0.063299
v -0.702084 0.054020 0.063299
v -0.693098 0.037210 0.063299
v -0.687565 0.018969 0.063299
v -0.685697 0.000000 0.063299
v -0.687565 -0.018969 0.063299
v -0.693098 -0.037209 0.063299
v -0.702084 -0.054020 0.063299
v -0.714176 -0.068754 0.063299
v -0.728910 -0.080846 0.063299
v -0.745721 -0.089832 0.063299
v -0.763961 -0.095365 0.063299
v -0.764325 0.095365 0.067000
v -0.746436 0.089832 0.070559
v -0.729948 0.080846 0.073838
v -0.715497 0.068754 0.076713
v -0.703637 0.054020 0.079072
v -0.694824 0.037210 0.080825
v -0.689398 0.018969 0.081904
v -0.687565 0.000000 0.082269
v -0.689398 -0.018969 0.081904
v -0.694824 -0.037209 0.080825
v -0.703637 -0.054020 0.079072
v -0.715497 -0.068754 0.076713
v -0.729948 -0.080846 0.073838
v -0.746436 -0.089832 0.070559
v -0.764325 -0.095365 0.067000
v -0.765405 0.095365 0.070559
v -0.748553 0.089832 0.077539
v -0.733022 0.080846 0.083972
v -0.719409 0.068754 0.089611
v -0.708238 0.054020 0.094238
v -0.699936 0.037210 0.097677
v -0.694825 0.018969 0.099794
v -0.693098 0.000000 0.100509
v -0.694825 -0.018969 0.099794
v -0.699936 -0.037209 0.097677
v -0.708238 -0.054020 0.094238
v -0.719409 -0.068754 0.089611
v -0.733022 -0.080846 0.083972
v -0.748553 -0.089832 0.077539
v -0.765405 -0.095365 0.070559
v -0.767158 0.095365 0.073838
v -0.751992 0.089832 0.083972
v -0.738014 0.080846 0.093311
v -0.725763 0.068754 0.101497
v -0.715709 0.054020 0.108215
v -0.708238 0.037210 0.113207
v -0.703637 0.018969 0.116281
v -0.702084 0.000000 0.117319
v -0.703637 -0.018969 0.116281
v -0.708238 -0.037209 0.113207
v -0.715709 -0.054020 0.108215
v -0.725763 -0.068754 0.101497
v -0.738014 -0.080846 0.093311
v -0.751992 -0.089832 0.083972
v -0.767158 -0.095365 0.073838
v -0.769517 0.095365 0.076713
v -0.756619 0.089832 0.089611
v -0.744732 0.080846 0.101497
v -0.734314 0.068754 0.111916
v -0.725763 0.054020 0.120466
v -0.719409 0.037210 0.126820
v -0.715497 0.018969 0.130733
v -0.714176 0.000000 0.132054
v -0.715497 -0.018969 0.130733
v -0.719409 -0.037209 0.126820
v -0.725763 -0.054020 0.120466
v -0.734314 -0.068754 0.111916
v -0.744732 -0.080846 0.101497
v -0.756619 -0.089832 0.089611
v -0.769517 -0.095365 0.076713
v -0.772391 0.095365 0.079072
v -0.762258 0.089832 0.094238
v -0.752918 0.080846 0.108215
v -0.744732 0.068754 0.120466
v -0.738014 0.054020 0.130521
v -0.733022 0.037210 0.137992
v -0.729948 0.018969 0.142592
v -0.728910 0.000000 0.144146
v -0.729948 -0.018969 0.142592
v -0.733022 -0.037209 0.137992
v -0.738014 -0.054020 0.130521
v -0.744732 -0.068754 0.120466
v -0.752918 -0.080846 0.108215
v -0.762258 -0.089832 0.094238
v -0.772391 -0.095365 0.079072
v -0.782930 -0.097233 0.063299
v -0.775671 0.095365 0.080825
v -0.768691 0.089832 0.097677
v -0.762258 0.080846 0.113207
v -0.756619 0.068754 0.126820
v -0.751992 0.054020 0.137992
v -0.748553 0.037210 0.146293
v -0.746436 0.018969 0.151405
v -0.745721 0.000000 0.153131
v -0.746436 -0.018969 0.151405
v -0.748553 -0.037209 0.146293
v -0.751992 -0.054020 0.137992
v -0.756619 -0.068754 0.126820
v -0.762258 -0.080846 0.113207
v -0.768691 -0.089832 0.097677
v -0.775671 -0.095365 0.080825
v -0.779229 0.095365 0.081904
v -0.775671 0.089832 0.099794
v -0.772391 0.080846 0.116281
v -0.769517 0.068754 0.130733
v -0.767158 0.054020 0.142592
v -0.765405 0.037210 0.151405
v -0.764325 0.018969 0.156832
v -0.763961 0.000000 0.158664
v -0.764325 -0.018969 0.156832
v -0.765405 -0.037209 0.151405
v -0.767158 -0.054020 0.142592
v -0.769517 -0.068754 0.130733
v -0.772391 -0.080846 0.116281
v -0.775671 -0.089832 0.099794
v -0.779229 -0.095365 0.081904
v -0.782930 0.095365 0.082269
v -0.782930 0.089832 0.100509
v -0.782930 0.080846 0.117319
v -0.782930 0.068754 0.132054
v -0.782930 0.054020 0.144146
v -0.782930 0.037210 0.153131
v -0.782930 0.018969 0.158664
v -0.782930 0.000000 0.160533
v -0.782930 -0.018969 0.158664
v -0.782930 -0.037209 0.153131
v -0.782930 -0.054020 0.144146
v -0.782930 -0.068754 0.132054
v -0.782930 -0.080846 0.117319
v -0.782930 -0.089832 0.100509
v -0.782930 -0.095365 0.082269
v -0.786631 0.095365 0.081904
v -0.790189 0.089832 0.099794
v -0.793469 0.080846 0.116281
v -0.796343 0.068754 0.130733
v -0.798702 0.054020 0.142592
v -0.800455 0.037210 0.151405
v -0.801535 0.018969 0.156832
v -0.801899 0.000000 0.158664
v -0.801535 -0.018969 0.156832
v -0.800455 -0.037209 0.151405
v -0.798702 -0.054020 0.142592
v -0.796343 -0.068754 0.130733
v -0.793469 -0.080846 0.116281
v -0.790189 -0.089832 0.099794
v -0.786631 -0.095365 0.081904
v -0.790189 0.095365 0.080825
v -0.797170 0.089832 0.097677
v -0.803603 0.080846 0.113207
v -0.809241 0.068754 0.126820
v -0.813869 0.054020 0.137992
v -0.817307 0.037210 0.146293
v -0.819425 0.018969 0.151405
v -0.820140 0.000000 0.153131
v -0.819425 -0.018969 0.151405
v -0.817307 -0.037209 0.146293
v -0.813869 -0.054020 0.137992
v -0.809241 -0.068754 0.126820
v -0.803603 -0.080846 0.113207
v -0.797170 -0.089832 0.097677
v -0.790189 -0.095365 0.080825
v -0.793469 0.095365 0.079072
v -0.803603 0.089832 0.094238
v -0.812942 0.080846 0.108215
v -0.821128 0.068754 0.120466
v -0.827846 0.054020 0.130521
v -0.832838 0.037210 0.137992
v -0.835912 0.018969 0.142592
v -0.836950 0.000000 0.144146
v -0.835912 -0.018969 0.142592
v -0.832838 -0.037209 0.137992
v -0.827846 -0.054020 0.130521
v -0.821128 -0.068754 0.120466
v -0.812942 -0.080846 0.108215
v -0.803603 -0.089832 0.094238
v -0.793469 -0.095365 0.079072
v -0.782930 0.097233 0.063299
v -0.796343 0.095365 0.076713
v -0.809241 0.089832 0.089611
v -0.821128 0.080846 0.101497
v -0.831547 0.068754 0.111916
v -0.840097 0.054020 0.120466
v -0.846451 0.037210 0.126820
v -0.850363 0.018969 0.130732
v -0.851684 0.000000 0.132054
v -0.850363 -0.018969 0.130732
v -0.846451 -0.037209 0.126820
v -0.840097 -0.054020 0.120466
v -0.831547 -0.068754 0.111916
v -0.821128 -0.080846 0.101497
v -0.809241 -0.089832 0.089610
v -0.796343 -0.095365 0.076713
v -0.798702 0.095365 0.073838
v -0.813869 0.089832 0.083972
v -0.827846 0.080846 0.093311
v -0.840097 0.068754 0.101497
v -0.850151 0.054020 0.108215
v -0.857622 0.037210 0.113207
v -0.862223 0.018969 0.116281
v -0.863777 0.000000 0.117319
v -0.862223 -0.018969 0.116281
v -0.857622 -0.037209 0.113207
v -0.850151 -0.054020 0.108215
v -0.840097 -0.068754 0.101497
v -0.827846 -0.080846 0.093311
v -0.813869 -0.089832 0.083972
v -0.798702 -0.095365 0.073838
v -0.800455 0.095365 0.070559
v -0.817307 0.089832 0.077539
v -0.832838 0.080846 0.083972
v -0.846451 0.068754 0.089610
v -0.857622 0.054020 0.094238
v -0.865924 0.037210 0.097677
v -0.871036 0.018969 0.099794
v -0.872762 0.000000 0.100509
v -0.871036 -0.018969 0.099794
v -0.865924 -0.037209 0.097677
v -0.857622 -0.054020 0.094238
v -0.846451 -0.068754 0.089610
v -0.832838 -0.080846 0.083972
v -0.817307 -0.089832 0.077539
v -0.800455 -0.095365 0.070559
v -0.801535 0.095365 0.067000
v -0.819425 0.089832 0.070559
v -0.835912 0.080846 0.073838
v -0.850363 0.068754 0.076713
v -0.862223 0.054020 0.079072
v -0.871036 0.037210 0.080825
v -0.876462 0.018969 0.081904
v -0.878295 0.000000 0.082269
v -0.876462 -0.018969 0.081904
v -0.871036 -0.037209 0.080825
v -0.862223 -0.054020 0.079072
v -0.850363 -0.068754 0.076713
v -0.835912 -0.080846 0.073838
v -0.819425 -0.089832 0.070559
v -0.801535 -0.095365 0.067000
v -0.801899 0.095365 0.063299
v -0.820140 0.089832 0.063299
v -0.836950 0.080846 0.063299
v -0.851684 0.068754 0.063299
v -0.863776 0.054020 0.063299
v -0.872762 0.037210 0.063299
v -0.878295 0.018969 0.063299
v -0.880163 0.000000 0.063299
v -0.878295 -0.018969 0.063299
v -0.872762 -0.037209 0.063299
v -0.863776 -0.054020 0.063299
v -0.851684 -0.068754 0.063299
v -0.836950 -0.080846 0.063299
v -0.820140 -0.089832 0.063299
v -0.801899 -0.095365 0.063299
v -0.801535 0.095365 0.059599
v -0.819425 0.089832 0.056040
v -0.835912 0.080846 0.052761
v -0.850363 0.068754 0.049886
v -0.862223 0.054020 0.047527
v -0.871036 0.037210 0.045774
v -0.876462 0.018969 0.044695
v -0.878295 0.000000 0.044330
v -0.876462 -0.018969 0.044695
v -0.871036 -0.037209 0.045774
v -0.862223 -0.054020 0.047527
v -0.850363 -0.068754 0.049886
v -0.835912 -0.080846 0.052761
v -0.819425 -0.089832 0.056040
v -0.801535 -0.095365 0.059599
v -0.800455 0.095365 0.056040
v -0.817307 0.089832 0.049060
v -0.832838 0.080846 0.042627
v -0.846451 0.068754 0.036988
v -0.857622 0.054020 0.032361
v -0.865924 0.037210 0.028922
v -0.871036 0.018969 0.026805
v -0.872762 0.000000 0.026090
v -0.871036 -0.018969 0.026805
v -0.865924 -0.037209 0.028922
v -0.857622 -0.054020 0.032361
v -0.846451 -0.068754 0.036988
v -0.832838 -0.080846 0.042627
v -0.817307 -0.089832 0.049060
v -0.800455 -0.095365 0.056040
v -0.798702 0.095365 0.052761
v -0.813869 0.089832 0.042627
v -0.827846 0.080846 0.033288
v -0.840097 0.068754 0.025102
v -0.850151 0.054020 0.018384
v -0.857622 0.037210 0.013392
v -0.862223 0.018969 0.010318
v -0.863776 0.000000 0.009280
v -0.862223 -0.018969 0.010318
v -0.857622 -0.037209 0.013392
v -0.850151 -0.054020 0.018384
v -0.840097 -0.068754 0.025102
v -0.827846 -0.080846 0.033288
v -0.813869 -0.089832 0.042627
v -0.798702 -0.095365 0.052761
v -0.796343 0.095365 0.049886
v -0.809241 0.089832 0.036988
v -0.821128 0.080846 0.025102
v -0.831547 0.068754 0.014683
v -0.840097 0.054020 0.006132
v -0.846451 0.037210 -0.000221
v -0.850363 0.018969 -0.004134
v -0.851684 0.000000 -0.005455
v -0.850363 -0.018969 -0.004134
v -0.846451 -0.037209 -0.000221
v -0.840097 -0.054020 0.006132
v -0.831547 -0.068754 0.014683
v -0.821128 -0.080846 0.025102
v -0.809241 -0.089832 0.036988
v -0.796343 -0.095365 0.049886
v -0.793469 0.095365 0.047527
v -0.803603 0.089832 0.032361
v -0.812942 0.080846 0.018384
v -0.821128 0.068754 0.006132
v -0.827846 0.054020 -0.003922
v -0.832838 0.037210 -0.011393
v -0.835912 0.018969 -0.015993
v -0.836950 0.000000 -0.017547
v -0.835912 -0.018969 -0.015993
v -0.832838 -0.037209 -0.011393
v -0.827846 -0.054020 -0.003922
v -0.821128 -0.068754 0.006132
v -0.812942 -0.080846 0.018384
v -0.803603 -0.089832 0.032361
v -0.793469 -0.095365 0.047527
v -0.790189 0.095365 0.045774
v -0.797170 0.089832 0.028922
v -0.803603 0.080846 0.013392
v -0.809241 0.068754 -0.000221
v -0.813869 0.054020 -0.011393
v -0.817307 0.037210 -0.019694
v -0.819425 0.018969 -0.024806
v -0.820140 0.000000 -0.026532
v -0.819425 -0.018969 -0.024806
v -0.817307 -0.037209 -0.019694
v -0.813869 -0.054020 -0.011393
v -0.809241 -0.068754 -0.000221
v -0.803603 -0.080846 0.013392
v -0.797170 -0.089832 0.028922
v -0.790189 -0.095365 0.045774
v -0.786631 0.095365 0.044695
v -0.790189 0.089832 0.026805
v -0.793469 0.080846 0.010318
v -0.796343 0.068754 -0.004134
v -0.798702 0.054020 -0.015993
v -0.800455 0.037210 -0.024806
v -0.801535 0.018969 -0.030233
v -0.801899 0.000000 -0.032065
v -0.801535 -0.018969 -0.030233
v -0.800455 -0.037209 -0.024806
v -0.798702 -0.054020 -0.015993
v -0.796343 -0.068754 -0.004134
v -0.793469 -0.080846 0.010318
v -0.790189 -0.089832 0.026805
v -0.786631 -0.095365 0.044695
v -0.782930 -0.037209 -0.026532
v -0.782930 -0.054020 -0.017547
v -0.782930 -0.068754 -0.005455
v -0.782930 -0.089832 0.026090
v -0.782930 -0.095365 0.044330
vt 0.750000 0.312500
vt 0.750000 0.375000
vt 0.718750 0.375000
vt 0.718750 0.312500
vt 0.750000 0.750000
vt 0.750000 0.812500
vt 0.718750 0.812500
vt 0.718750 0.750000
vt 0.750000 0.250000
vt 0.718750 0.250000
vt 0.750000 0.687500
vt 0.718750 0.687500
vt 0.750000 0.187500
vt 0.718750 0.187500
vt 0.750000 0.625000
vt 0.718750 0.625000
vt 0.750000 0.125000
vt 0.718750 0.125000
vt 0.750000 0.562500
vt 0.718750 0.562500
vt 0.750000 0.062500
vt 0.718750 0.062500
vt 0.750000 0.500000
vt 0.718750 0.500000
vt 0.750000 0.937500
vt 0.734375 1.000000
vt 0.718750 0.937500
vt 0.734375 0.000000
vt 0.750000 0.437500
vt 0.718750 0.437500
vt 0.750000 0.875000
vt 0.718750 0.875000
vt 0.687500 0.437500
vt 0.687500 0.375000
vt 0.687500 0.875000
vt 0.687500 0.812500
vt 0.687500 0.312500
vt 0.687500 0.750000
vt 0.687500 0.250000
vt 0.687500 0.687500
vt 0.687500 0.187500
vt 0.687500 0.625000
vt 0.687500 0.125000
vt 0.687500 0.562500
vt 0.687500 0.062500
vt 0.687500 0.500000
vt 0.703125 1.000000
vt 0.687500 0.937500
vt 0.703125 0.000000
vt 0.656250 0.187500
vt 0.656250 0.125000
vt 0.656250 0.625000
vt 0.656250 0.562500
vt 0.656250 0.062500
vt 0.656250 0.500000
vt 0.671875 1.000000
vt 0.656250 0.937500
vt 0.671875 0.000000
vt 0.656250 0.437500
vt 0.656250 0.875000
vt 0.656250 0.375000
vt 0.656250 0.812500
vt 0.656250 0.312500
vt 0.656250 0.750000
vt 0.656250 0.250000
vt 0.656250 0.687500
vt 0.625000 0.875000
vt 0.625000 0.812500
vt 0.625000 0.375000
vt 0.625000 0.312500
vt 0.625000 0.750000
vt 0.625000 0.250000
vt 0.625000 0.687500
vt 0.625000 0.187500
vt 0.625000 0.625000
vt 0.625000 0.125000
vt 0.625000 0.562500
vt 0.625000 0.062500
vt 0.625000 0.500000
vt 0.640625 1.000000
vt 0.625000 0.937500
vt 0.640625 0.000000
vt 0.625000 0.437500
vt 0.593750 0.625000
vt 0.593750 0.562500
vt 0.593750 0.125000
vt 0.593750 0.062500
vt 0.593750 0.500000
vt 0.609375 1.000000
vt 0.593750 0.937500
vt 0.609375 0.000000
vt 0.593750 0.437500
vt 0.593750 0.875000
vt 0.593750 0.375000
vt 0.593750 0.812500
vt 0.593750 0.312500
vt 0.593750 0.750000
vt 0.593750 0.250000
vt 0.593750 0.687500
vt 0.593750 0.187500
vt 0.562500 0.375000
vt 0.562500 0.312500
vt 0.562500 0.812500
vt 0.562500 0.750000
vt 0.562500 0.250000
vt 0.562500 0.687500
vt 0.562500 0.187500
vt 0.562500 0.625000
vt 0.562500 0.125000
vt 0.562500 0.562500
vt 0.562500 0.062500
vt 0.562500 0.500000
vt 0.578125 1.000000
vt 0.562500 0.937500
vt 0.578125 0.000000
vt 0.562500 0.437500
vt 0.562500 0.875000
vt 0.531250 0.125000
vt 0.531250 0.062500
vt 0.531250 0.562500
vt 0.531250 0.500000
vt 0.546875 1.000000
vt 0.531250 0.937500
vt 0.546875 0.000000
vt 0.531250 0.437500
vt 0.531250 0.875000
vt 0.531250 0.375000
vt 0.531250 0.812500
vt 0.531250 0.312500
vt 0.531250 0.750000
vt 0.531250 0.250000
vt 0.531250 0.687500
vt 0.531250 0.187500
vt 0.531250 0.625000
vt 0.500000 0.812500
vt 0.500000 0.750000
vt 0.500000 0.312500
vt 0.500000 0.250000
vt 0.500000 0.687500
vt 0.500000 0.187500
vt 0.500000 0.625000
vt 0.500000 0.125000
vt 0.500000 0.562500
vt 0.500000 0.062500
vt 0.500000 0.500000
vt 0.515625 1.000000
vt 0.500000 0.937500
vt 0.515625 0.000000
vt 0.500000 0.437500
vt 0.500000 0.875000
vt 0.500000 0.375000
vt 0.468750 0.562500
vt 0.468750 0.500000
vt 0.484374 1.000000
vt 0.468750 0.937500
vt 0.484375 0.000000
vt 0.468750 0.062500
vt 0.468750 0.437500
vt 0.468750 0.875000
vt 0.468750 0.375000
vt 0.468750 0.812500
vt 0.468750 0.312500
vt 0.468750 0.750000
vt 0.468750 0.250000
vt 0.468750 0.687500
vt 0.468750 0.187500
vt 0.468750 0.625000
vt 0.468750 0.125000
vt 0.437500 0.312500
vt 0.437500 0.250000
vt 0.437500 0.750000
vt 0.437500 0.687500
vt 0.437500 0.187500
vt 0.437500 0.625000
vt 0.437500 0.125000
vt 0.437500 0.562500
vt 0.437500 0.062500
vt 0.437500 0.500000
vt 0.453124 1.000000
vt 0.437500 0.937500
vt 0.453125 0.000000
vt 0.437500 0.437500
vt 0.437500 0.875000
vt 0.437500 0.375000
vt 0.437500 0.812500
vt 0.421875 0.000000
vt 0.406250 0.062500
vt 0.406250 0.500000
vt 0.406250 0.437500
vt 0.406250 0.937500
vt 0.406250 0.875000
vt 0.406250 0.375000
vt 0.406250 0.812500
vt 0.406250 0.312500
vt 0.406250 0.750000
vt 0.406250 0.250000
vt 0.406250 0.687500
vt 0.406250 0.187500
vt 0.406250 0.625000
vt 0.406250 0.125000
vt 0.406250 0.562500
vt 0.421874 1.000000
vt 0.375000 0.250000
vt 0.375000 0.187500
vt 0.375000 0.687500
vt 0.375000 0.625000
vt 0.375000 0.125000
vt 0.375000 0.562500
vt 0.375000 0.062500
vt 0.375000 0.500000
vt 0.390625 1.000000
vt 0.375000 0.937500
vt 0.390625 0.000000
vt 0.375000 0.437500
vt 0.375000 0.875000
vt 0.375000 0.375000
vt 0.375000 0.812500
vt 0.375000 0.312500
vt 0.375000 0.750000
vt 0.343750 0.937500
vt 0.343750 0.875000
vt 0.343750 0.437500
vt 0.343750 0.375000
vt 0.343750 0.812500
vt 0.343750 0.312500
vt 0.343750 0.750000
vt 0.343750 0.250000
vt 0.343750 0.687500
vt 0.343750 0.187500
vt 0.343750 0.625000
vt 0.343750 0.125000
vt 0.343750 0.562500
vt 0.343750 0.062500
vt 0.343750 0.500000
vt 0.359375 1.000000
vt 0.359375 0.000000
vt 0.312500 0.687500
vt 0.312500 0.625000
vt 0.312500 0.187500
vt 0.312500 0.125000
vt 0.312500 0.562500
vt 0.312500 0.062500
vt 0.312500 0.500000
vt 0.328125 1.000000
vt 0.312500 0.937500
vt 0.328125 0.000000
vt 0.312500 0.437500
vt 0.312500 0.875000
vt 0.312500 0.375000
vt 0.312500 0.812500
vt 0.312500 0.312500
vt 0.312500 0.750000
vt 0.312500 0.250000
vt 0.281250 0.437500
vt 0.281250 0.375000
vt 0.281250 0.875000
vt 0.281250 0.812500
vt 0.281250 0.312500
vt 0.281250 0.750000
vt 0.281250 0.250000
vt 0.281250 0.687500
vt 0.281250 0.187500
vt 0.281250 0.625000
vt 0.281250 0.125000
vt 0.281250 0.562500
vt 0.281250 0.062500
vt 0.281250 0.500000
vt 0.296875 1.000000
vt 0.281250 0.937500
vt 0.296875 0.000000
vt 0.250000 0.187500
vt 0.250000 0.125000
vt 0.250000 0.625000
vt 0.250000 0.562500
vt 0.250000 0.062500
vt 0.250000 0.500000
vt 0.265625 1.000000
vt 0.250000 0.937500
vt 0.265625 0.000000
vt 0.250000 0.437500
vt 0.250000 0.875000
vt 0.250000 0.375000
vt 0.250000 0.812500
vt 0.250000 0.312500
vt 0.250000 0.750000
vt 0.250000 0.250000
vt 0.250000 0.687500
vt 0.218750 0.875000
vt 0.218750 0.812500
vt 0.218750 0.375000
vt 0.218750 0.312500
vt 0.218750 0.750000
vt 0.218750 0.250000
vt 0.218750 0.687500
vt 0.218750 0.187500
vt 0.218750 0.625000
vt 0.218750 0.125000
vt 0.218750 0.562500
vt 0.218750 0.062500
vt 0.218750 0.500000
vt 0.234375 1.000000
vt 0.218750 0.937500
vt 0.234375 0.000000
vt 0.218750 0.437500
vt 0.187500 0.625000
vt 0.187500 0.562500
vt 0.187500 0.125000
vt 0.187500 0.062500
vt 0.187500 0.500000
vt 0.203125 1.000000
vt 0.187500 0.937500
vt 0.203125 0.000000
vt 0.187500 0.437500
vt 0.187500 0.875000
vt 0.187500 0.375000
vt 0.187500 0.812500
vt 0.187500 0.312500
vt 0.187500 0.750000
vt 0.187500 0.250000
vt 0.187500 0.687500
vt 0.187500 0.187500
vt 0.156250 0.375000
vt 0.156250 0.312500
vt 0.156250 0.812500
vt 0.156250 0.750000
vt 0.156250 0.250000
vt 0.156250 0.687500
vt 0.156250 0.187500
vt 0.156250 0.625000
vt 0.156250 0.125000
vt 0.156250 0.562500
vt 0.156250 0.062500
vt 0.156250 0.500000
vt 0.171875 1.000000
vt 0.156250 0.937500
vt 0.171875 0.000000
vt 0.156250 0.437500
vt 0.156250 0.875000
vt 0.125000 0.125000
vt 0.125000 0.062500
vt 0.125000 0.562500
vt 0.125000 0.500000
vt 0.140625 1.000000
vt 0.125000 0.937500
vt 0.140625 0.000000
vt 0.125000 0.437500
vt 0.125000 0.875000
vt 0.125000 0.375000
vt 0.125000 0.812500
vt 0.125000 0.312500
vt 0.125000 0.750000
vt 0.125000 0.250000
vt 0.125000 0.687500
vt 0.125000 0.187500
vt 0.125000 0.625000
vt 0.093750 0.312500
vt 0.093750 0.250000
vt 0.093750 0.750000
vt 0.093750 0.687500
vt 0.093750 0.187500
vt 0.093750 0.625000
vt 0.093750 0.125000
vt 0.093750 0.562500
vt 0.093750 0.062500
vt 0.093750 0.500000
vt 0.109375 1.000000
vt 0.093750 0.937500
vt 0.109375 0.000000
vt 0.093750 0.437500
vt 0.093750 0.875000
vt 0.093750 0.375000
vt 0.093750 0.812500
vt 0.078125 1.000000
vt 0.062500 0.937500
vt 0.078125 0.000000
vt 0.062500 0.062500
vt 0.062500 0.500000
vt 0.062500 0.437500
vt 0.062500 0.875000
vt 0.062500 0.375000
vt 0.062500 0.812500
vt 0.062500 0.312500
vt 0.062500 0.750000
vt 0.062500 0.250000
vt 0.062500 0.687500
vt 0.062500 0.187500
vt 0.062500 0.625000
vt 0.062500 0.125000
vt 0.062500 0.562500
vt 0.031250 0.750000
vt 0.031250 0.687500
vt 0.031250 0.250000
vt 0.031250 0.187500
vt 0.031250 0.625000
vt 0.031250 0.125000
vt 0.031250 0.562500
vt 0.031250 0.062500
vt 0.031250 0.500000
vt 0.046875 1.000000
vt 0.031250 0.937500
vt 0.046875 0.000000
vt 0.031250 0.437500
vt 0.031250 0.875000
vt 0.031250 0.375000
vt 0.031250 0.812500
vt 0.031250 0.312500
vt 0.000000 0.500000
vt 0.000000 0.437500
vt 0.000000 0.937500
vt 0.000000 0.875000
vt 0.000000 0.375000
vt 0.000000 0.812500
vt 0.000000 0.312500
vt 0.000000 0.750000
vt 0.000000 0.250000
vt 0.000000 0.687500
vt 0.000000 0.187500
vt 0.000000 0.625000
vt 0.000000 0.125000
vt 0.000000 0.562500
vt 0.000000 0.062500
vt 0.015625 1.000000
vt 0.015625 0.000000
vt 1.000000 0.187500
vt 1.000000 0.250000
vt 0.968750 0.250000
vt 0.968750 0.187500
vt 1.000000 0.625000
vt 1.000000 0.687500
vt 0.968750 0.687500
vt 0.968750 0.625000
vt 1.000000 0.125000
vt 0.968750 0.125000
vt 1.000000 0.562500
vt 0.968750 0.562500
vt 1.000000 0.062500
vt 0.968750 0.062500
vt 1.000000 0.500000
vt 0.968750 0.500000
vt 1.000000 0.937500
vt 0.984375 1.000000
vt 0.968750 0.937500
vt 0.984375 0.000000
vt 1.000000 0.437500
vt 0.968750 0.437500
vt 1.000000 0.875000
vt 0.968750 0.875000
vt 1.000000 0.375000
vt 0.968750 0.375000
vt 1.000000 0.812500
vt 0.968750 0.812500
vt 1.000000 0.312500
vt 0.968750 0.312500
vt 1.000000 0.750000
vt 0.968750 0.750000
vt 0.937500 0.937500
vt 0.937500 0.875000
vt 0.937500 0.437500
vt 0.937500 0.375000
vt 0.937500 0.812500
vt 0.937500 0.312500
vt 0.937500 0.750000
vt 0.937500 0.250000
vt 0.937500 0.687500
vt 0.937500 0.187500
vt 0.937500 0.625000
vt 0.937500 0.125000
vt 0.937500 0.562500
vt 0.937500 0.062500
vt 0.937500 0.500000
vt 0.953125 1.000000
vt 0.953125 0.000000
vt 0.906250 0.687500
vt 0.906250 0.625000
vt 0.906250 0.187500
vt 0.906250 0.125000
vt 0.906250 0.562500
vt 0.906250 0.062500
vt 0.906250 0.500000
vt 0.921875 1.000000
vt 0.906250 0.937500
vt 0.921875 0.000000
vt 0.906250 0.437500
vt 0.906250 0.875000
vt 0.906250 0.375000
vt 0.906250 0.812500
vt 0.906250 0.312500
vt 0.906250 0.750000
vt 0.906250 0.250000
vt 0.875000 0.437500
vt 0.875000 0.375000
vt 0.875000 0.875000
vt 0.875000 0.812500
vt 0.875000 0.312500
vt 0.875000 0.750000
vt 0.875000 0.250000
vt 0.875000 0.687500
vt 0.875000 0.187500
vt 0.875000 0.625000
vt 0.875000 0.125000
vt 0.875000 0.562500
vt 0.875000 0.062500
vt 0.875000 0.500000
vt 0.890625 1.000000
vt 0.875000 0.937500
vt 0.890625 0.000000
vt 0.843750 0.187500
vt 0.843750 0.125000
vt 0.843750 0.625000
vt 0.843750 0.562500
vt 0.843750 0.062500
vt 0.843750 0.500000
vt 0.859375 1.000000
vt 0.843750 0.937500
vt 0.859375 0.000000
vt 0.843750 0.437500
vt 0.843750 0.875000
vt 0.843750 0.375000
vt 0.843750 0.812500
vt 0.843750 0.312500
vt 0.843750 0.750000
vt 0.843750 0.250000
vt 0.843750 0.687500
vt 0.812500 0.375000
vt 0.812500 0.312500
vt 0.812500 0.812500
vt 0.812500 0.750000
vt 0.812500 0.250000
vt 0.812500 0.687500
vt 0.812500 0.187500
vt 0.812500 0.625000
vt 0.812500 0.125000
vt 0.812500 0.562500
vt 0.812500 0.062500
vt 0.812500 0.500000
vt 0.828125 1.000000
vt 0.812500 0.937500
vt 0.828125 0.000000
vt 0.812500 0.437500
vt 0.812500 0.875000
vt 0.781250 0.125000
vt 0.781250 0.062500
vt 0.781250 0.562500
vt 0.781250 0.500000
vt 0.796875 1.000000
vt 0.781250 0.937500
vt 0.796875 0.000000
vt 0.781250 0.437500
vt 0.781250 0.875000
vt 0.781250 0.375000
vt 0.781250 0.812500
vt 0.781250 0.312500
vt 0.781250 0.750000
vt 0.781250 0.250000
vt 0.781250 0.687500
vt 0.781250 0.187500
vt 0.781250 0.625000
vt 0.765625 1.000000
vt 0.765625 0.000000
vt 0.750000 0.312500
vt 0.750000 0.375000
vt 0.718750 0.375000
vt 0.718750 0.312500
vt 0.750000 0.750000
vt 0.750000 0.812500
vt 0.718750 0.812500
vt 0.718750 0.750000
vt 0.750000 0.250000
vt 0.718750 0.250000
vt 0.750000 0.687500
vt 0.718750 0.687500
vt 0.750000 0.187500
vt 0.718750 0.187500
vt 0.750000 0.625000
vt 0.718750 0.625000
vt 0.750000 0.125000
vt 0.718750 0.125000
vt 0.750000 0.562500
vt 0.718750 0.562500
vt 0.750000 0.062500
vt 0.718750 0.062500
vt 0.750000 0.500000
vt 0.718750 0.500000
vt 0.750000 0.937500
vt 0.734375 1.000000
vt 0.718750 0.937500
vt 0.734375 0.000000
vt 0.750000 0.437500
vt 0.718750 0.437500
vt 0.750000 0.875000
vt 0.718750 0.875000
vt 0.687500 0.437500
vt 0.687500 0.375000
vt 0.687500 0.875000
vt 0.687500 0.812500
vt 0.687500 0.312500
vt 0.687500 0.750000
vt 0.687500 0.250000
vt 0.687500 0.687500
vt 0.687500 0.187500
vt 0.687500 0.625000
vt 0.687500 0.125000
vt 0.687500 0.562500
vt 0.687500 0.062500
vt 0.687500 0.500000
vt 0.703125 1.000000
vt 0.687500 0.937500
vt 0.703125 0.000000
vt 0.656250 0.187500
vt 0.656250 0.125000
vt 0.656250 0.625000
vt 0.656250 0.562500
vt 0.656250 0.062500
vt 0.656250 0.500000
vt 0.671875 1.000000
vt 0.656250 0.937500
vt 0.671875 0.000000
vt 0.656250 0.437500
vt 0.656250 0.875000
vt 0.656250 0.375000
vt 0.656250 0.812500
vt 0.656250 0.312500
vt 0.656250 0.750000
vt 0.656250 0.250000
vt 0.656250 0.687500
vt 0.625000 0.875000
vt 0.625000 0.812500
vt 0.625000 0.375000
vt 0.625000 0.312500
vt 0.625000 0.750000
vt 0.625000 0.250000
vt 0.625000 0.687500
vt 0.625000 0.187500
vt 0.625000 0.625000
vt 0.625000 0.125000
vt 0.625000 0.562500
vt 0.625000 0.062500
vt 0.625000 0.500000
vt 0.640625 1.000000
vt 0.625000 0.937500
vt 0.640625 0.000000
vt 0.625000 0.437500
vt 0.593750 0.625000
vt 0.593750 0.562500
vt 0.593750 0.125000
vt 0.593750 0.062500
vt 0.593750 0.500000
vt 0.609375 1.000000
vt 0.593750 0.937500
vt 0.609375 0.000000
vt 0.593750 0.437500
vt 0.593750 0.875000
vt 0.593750 0.375000
vt 0.593750 0.812500
vt 0.593750 0.312500
vt 0.593750 0.750000
vt 0.593750 0.250000
vt 0.593750 0.687500
vt 0.593750 0.187500
vt 0.562500 0.375000
vt 0.562500 0.312500
vt 0.562500 0.812500
vt 0.562500 0.750000
vt 0.562500 0.250000
vt 0.562500 0.687500
vt 0.562500 0.187500
vt 0.562500 0.625000
vt 0.562500 0.125000
vt 0.562500 0.562500
vt 0.562500 0.062500
vt 0.562500 0.500000
vt 0.578125 1.000000
vt 0.562500 0.937500
vt 0.578125 0.000000
vt 0.562500 0.437500
vt 0.562500 0.875000
vt 0.531250 0.125000
vt 0.531250 0.062500
vt 0.531250 0.562500
vt 0.531250 0.500000
vt 0.546875 1.000000
vt 0.531250 0.937500
vt 0.546875 0.000000
vt 0.531250 0.437500
vt 0.531250 0.875000
vt 0.531250 0.375000
vt 0.531250 0.812500
vt 0.531250 0.312500
vt 0.531250 0.750000
vt 0.531250 0.250000
vt 0.531250 0.687500
vt 0.531250 0.187500
vt 0.531250 0.625000
vt 0.500000 0.812500
vt 0.500000 0.750000
vt 0.500000 0.312500
vt 0.500000 0.250000
vt 0.500000 0.687500
vt 0.500000 0.187500
vt 0.500000 0.625000
vt 0.500000 0.125000
vt 0.500000 0.562500
vt 0.500000 0.062500
vt 0.500000 0.500000
vt 0.515625 1.000000
vt 0.500000 0.937500
vt 0.515625 0.000000
vt 0.500000 0.437500
vt 0.500000 0.875000
vt 0.500000 0.375000
vt 0.468750 0.562500
vt 0.468750 0.500000
vt 0.484374 1.000000
vt 0.468750 0.937500
vt 0.484375 0.000000
vt 0.468750 0.062500
vt 0.468750 0.437500
vt 0.468750 0.875000
vt 0.468750 0.375000
vt 0.468750 0.812500
vt 0.468750 0.312500
vt 0.468750 0.750000
vt 0.468750 0.250000
vt 0.468750 0.687500
vt 0.468750 0.187500
vt 0.468750 0.625000
vt 0.468750 0.125000
vt 0.437500 0.312500
vt 0.437500 0.250000
vt 0.437500 0.750000
vt 0.437500 0.687500
vt 0.437500 0.187500
vt 0.437500 0.625000
vt 0.437500 0.125000
vt 0.437500 0.562500
vt 0.437500 0.062500
vt 0.437500 0.500000
vt 0.453124 1.000000
vt 0.437500 0.937500
vt 0.453125 0.000000
vt 0.437500 0.437500
vt 0.437500 0.875000
vt 0.437500 0.375000
vt 0.437500 0.812500
vt 0.421875 0.000000
vt 0.406250 0.062500
vt 0.406250 0.500000
vt 0.406250 0.437500
vt 0.406250 0.937500
vt 0.406250 0.875000
vt 0.406250 0.375000
vt 0.406250 0.812500
vt 0.406250 0.312500
vt 0.406250 0.750000
vt 0.406250 0.250000
vt 0.406250 0.687500
vt 0.406250 0.187500
vt 0.406250 0.625000
vt 0.406250 0.125000
vt 0.406250 0.562500
vt 0.421874 1.000000
vt 0.375000 0.250000
vt 0.375000 0.187500
vt 0.375000 0.687500
vt 0.375000 0.625000
vt 0.375000 0.125000
vt 0.375000 0.562500
vt 0.375000 0.062500
vt 0.375000 0.500000
vt 0.390625 1.000000
vt 0.375000 0.937500
vt 0.390625 0.000000
vt 0.375000 0.437500
vt 0.375000 0.875000
vt 0.375000 0.375000
vt 0.375000 0.812500
vt 0.375000 0.312500
vt 0.375000 0.750000
vt 0.343750 0.937500
vt 0.343750 0.875000
vt 0.343750 0.437500
vt 0.343750 0.375000
vt 0.343750 0.812500
vt 0.343750 0.312500
vt 0.343750 0.750000
vt 0.343750 0.250000
vt 0.343750 0.687500
vt 0.343750 0.187500
vt 0.343750 0.625000
vt 0.343750 0.125000
vt 0.343750 0.562500
vt 0.343750 0.062500
vt 0.343750 0.500000
vt 0.359375 1.000000
vt 0.359375 0.000000
vt 0.312500 0.687500
vt 0.312500 0.625000
vt 0.312500 0.187500
vt 0.312500 0.125000
vt 0.312500 0.562500
vt 0.312500 0.062500
vt 0.312500 0.500000
vt 0.328125 1.000000
vt 0.312500 0.937500
vt 0.328125 0.000000
vt 0.312500 0.437500
vt 0.312500 0.875000
vt 0.312500 0.375000
vt 0.312500 0.812500
vt 0.312500 0.312500
vt 0.312500 0.750000
vt 0.312500 0.250000
vt 0.281250 0.437500
vt 0.281250 0.375000
vt 0.281250 0.875000
vt 0.281250 0.812500
vt 0.281250 0.312500
vt 0.281250 0.750000
vt 0.281250 0.250000
vt 0.281250 0.687500
vt 0.281250 0.187500
vt 0.281250 0.625000
vt 0.281250 0.125000
vt 0.281250 0.562500
vt 0.281250 0.062500
vt 0.281250 0.500000
vt 0.296875 1.000000
vt 0.281250 0.937500
vt 0.296875 0.000000
vt 0.250000 0.187500
vt 0.250000 0.125000
vt 0.250000 0.625000
vt 0.250000 0.562500
vt 0.250000 0.062500
vt 0.250000 0.500000
vt 0.265625 1.000000
vt 0.250000 0.937500
vt 0.265625 0.000000
vt 0.250000 0.437500
vt 0.250000 0.875000
vt 0.250000 0.375000
vt 0.250000 0.812500
vt 0.250000 0.312500
vt 0.250000 0.750000
vt 0.250000 0.250000
vt 0.250000 0.687500
vt 0.218750 0.875000
vt 0.218750 0.812500
vt 0.218750 0.375000
vt 0.218750 0.312500
vt 0.218750 0.750000
vt 0.218750 0.250000
vt 0.218750 0.687500
vt 0.218750 0.187500
vt 0.218750 0.625000
vt 0.218750 0.125000
vt 0.218750 0.562500
vt 0.218750 0.062500
vt 0.218750 0.500000
vt 0.234375 1.000000
vt 0.218750 0.937500
vt 0.234375 0.000000
vt 0.218750 0.437500
vt 0.187500 0.625000
vt 0.187500 0.562500
vt 0.187500 0.125000
vt 0.187500 0.062500
vt 0.187500 0.500000
vt 0.203125 1.000000
vt 0.187500 0.937500
vt 0.203125 0.000000
vt 0.187500 0.437500
vt 0.187500 0.875000
vt 0.187500 0.375000
vt 0.187500 0.812500
vt 0.187500 0.312500
vt 0.187500 0.750000
vt 0.187500 0.250000
vt 0.187500 0.687500
vt 0.187500 0.187500
vt 0.156250 0.375000
vt 0.156250 0.312500
vt 0.156250 0.812500
vt 0.156250 0.750000
vt 0.156250 0.250000
vt 0.156250 0.687500
vt 0.156250 0.187500
vt 0.156250 0.625000
vt 0.156250 0.125000
vt 0.156250 0.562500
vt 0.156250 0.062500
vt 0.156250 0.500000
vt 0.171875 1.000000
vt 0.156250 0.937500
vt 0.171875 0.000000
vt 0.156250 0.437500
vt 0.156250 0.875000
vt 0.125000 0.125000
vt 0.125000 0.062500
vt 0.125000 0.562500
vt 0.125000 0.500000
vt 0.140625 1.000000
vt 0.125000 0.937500
vt 0.140625 0.000000
vt 0.125000 0.437500
vt 0.125000 0.875000
vt 0.125000 0.375000
vt 0.125000 0.812500
vt 0.125000 0.312500
vt 0.125000 0.750000
vt 0.125000 0.250000
vt 0.125000 0.687500
vt 0.125000 0.187500
vt 0.125000 0.625000
vt 0.093750 0.312500
vt 0.093750 0.250000
vt 0.093750 0.750000
vt 0.093750 0.687500
vt 0.093750 0.187500
vt 0.093750 0.625000
vt 0.093750 0.125000
vt 0.093750 0.562500
vt 0.093750 0.062500
vt 0.093750 0.500000
vt 0.109375 1.000000
vt 0.093750 0.937500
vt 0.109375 0.000000
vt 0.093750 0.437500
vt 0.093750 0.875000
vt 0.093750 0.375000
vt 0.093750 0.812500
vt 0.078125 1.000000
vt 0.062500 0.937500
vt 0.078125 0.000000
vt 0.062500 0.062500
vt 0.062500 0.500000
vt 0.062500 0.437500
vt 0.062500 0.875000
vt 0.062500 0.375000
vt 0.062500 0.812500
vt 0.062500 0.312500
vt 0.062500 0.750000
vt 0.062500 0.250000
vt 0.062500 0.687500
vt 0.062500 0.187500
vt 0.062500 0.625000
vt 0.062500 0.125000
vt 0.062500 0.562500
vt 0.031250 0.750000
vt 0.031250 0.687500
vt 0.031250 0.250000
vt 0.031250 0.187500
vt 0.031250 0.625000
vt 0.031250 0.125000
vt 0.031250 0.562500
vt 0.031250 0.062500
vt 0.031250 0.500000
vt 0.046875 1.000000
vt 0.031250 0.937500
vt 0.046875 0.000000
vt 0.031250 0.437500
vt 0.031250 0.875000
vt 0.031250 0.375000
vt 0.031250 0.812500
vt 0.031250 0.312500
vt 0.000000 0.500000
vt 0.000000 0.437500
vt 0.000000 0.937500
vt 0.000000 0.875000
vt 0.000000 0.375000
vt 0.000000 0.812500
vt 0.000000 0.312500
vt 0.000000 0.750000
vt 0.000000 0.250000
vt 0.000000 0.687500
vt 0.000000 0.187500
vt 0.000000 0.625000
vt 0.000000 0.125000
vt 0.000000 0.562500
vt 0.000000 0.062500
vt 0.015625 1.000000
vt 0.015625 0.000000
vt 1.000000 0.187500
vt 1.000000 0.250000
vt 0.968750 0.250000
vt 0.968750 0.187500
vt 1.000000 0.625000
vt 1.000000 0.687500
vt 0.968750 0.687500
vt 0.968750 0.625000
vt 1.000000 0.125000
vt 0.968750 0.125000
vt 1.000000 0.562500
vt 0.968750 0.562500
vt 1.000000 0.062500
vt 0.968750 0.062500
vt 1.000000 0.500000
vt 0.968750 0.500000
vt 1.000000 0.937500
vt 0.984375 1.000000
vt 0.968750 0.937500
vt 0.984375 0.000000
vt 1.000000 0.437500
vt 0.968750 0.437500
vt 1.000000 0.875000
vt 0.968750 0.875000
vt 1.000000 0.375000
vt 0.968750 0.375000
vt 1.000000 0.812500
vt 0.968750 0.812500
vt 1.000000 0.312500
vt 0.968750 0.312500
vt 1.000000 0.750000
vt 0.968750 0.750000
vt 0.937500 0.937500
vt 0.937500 0.875000
vt 0.937500 0.437500
vt 0.937500 0.375000
vt 0.937500 0.812500
vt 0.937500 0.312500
vt 0.937500 0.750000
vt 0.937500 0.250000
vt 0.937500 0.687500
vt 0.937500 0.187500
vt 0.937500 0.625000
vt 0.937500 0.125000
vt 0.937500 0.562500
vt 0.937500 0.062500
vt 0.937500 0.500000
vt 0.953125 1.000000
vt 0.953125 0.000000
vt 0.906250 0.687500
vt 0.906250 0.625000
vt 0.906250 0.187500
vt 0.906250 0.125000
vt 0.906250 0.562500
vt 0.906250 0.062500
vt 0.906250 0.500000
vt 0.921875 1.000000
vt 0.906250 0.937500
vt 0.921875 0.000000
vt 0.906250 0.437500
vt 0.906250 0.875000
vt 0.906250 0.375000
vt 0.906250 0.812500
vt 0.906250 0.312500
vt 0.906250 0.750000
vt 0.906250 0.250000
vt 0.875000 0.437500
vt 0.875000 0.375000
vt 0.875000 0.875000
vt 0.875000 0.812500
vt 0.875000 0.312500
vt 0.875000 0.750000
vt 0.875000 0.250000
vt 0.875000 0.687500
vt 0.875000 0.187500
vt 0.875000 0.625000
vt 0.875000 0.125000
vt 0.875000 0.562500
vt 0.875000 0.062500
vt 0.875000 0.500000
vt 0.890625 1.000000
vt 0.875000 0.937500
vt 0.890625 0.000000
vt 0.843750 0.187500
vt 0.843750 0.125000
vt 0.843750 0.625000
vt 0.843750 0.562500
vt 0.843750 0.062500
vt 0.843750 0.500000
vt 0.859375 1.000000
vt 0.843750 0.937500
vt 0.859375 0.000000
vt 0.843750 0.437500
vt 0.843750 0.875000
vt 0.843750 0.375000
vt 0.843750 0.812500
vt 0.843750 0.312500
vt 0.843750 0.750000
vt 0.843750 0.250000
vt 0.843750 0.687500
vt 0.812500 0.375000
vt 0.812500 0.312500
vt 0.812500 0.812500
vt 0.812500 0.750000
vt 0.812500 0.250000
vt 0.812500 0.687500
vt 0.812500 0.187500
vt 0.812500 0.625000
vt 0.812500 0.125000
vt 0.812500 0.562500
vt 0.812500 0.062500
vt 0.812500 0.500000
vt 0.828125 1.000000
vt 0.812500 0.937500
vt 0.828125 0.000000
vt 0.812500 0.437500
vt 0.812500 0.875000
vt 0.781250 0.125000
vt 0.781250 0.062500
vt 0.781250 0.562500
vt 0.781250 0.500000
vt 0.796875 1.000000
vt 0.781250 0.937500
vt 0.796875 0.000000
vt 0.781250 0.437500
vt 0.781250 0.875000
vt 0.781250 0.375000
vt 0.781250 0.812500
vt 0.781250 0.312500
vt 0.781250 0.750000
vt 0.781250 0.250000
vt 0.781250 0.687500
vt 0.781250 0.187500
vt 0.781250 0.625000
vt 0.765625 1.000000
vt 0.765625 0.000000
vn 0.0000 -0.5528 -0.8333
vn 0.0000 -0.3805 -0.9247
vn 0.1804 -0.3805 -0.9070
vn 0.1626 -0.5528 -0.8173
vn 0.0000 0.7040 -0.7101
vn 0.0000 0.8286 -0.5598
vn 0.1092 0.8286 -0.5490
vn 0.1385 0.7040 -0.6965
vn 0.0000 -0.7040 -0.7101
vn 0.1385 -0.7040 -0.6965
vn 0.0000 0.5528 -0.8333
vn 0.1626 0.5528 -0.8173
vn 0.0000 -0.8286 -0.5598
vn 0.1092 -0.8286 -0.5490
vn 0.0000 0.3805 -0.9247
vn 0.1804 0.3805 -0.9070
vn 0.0000 -0.9217 -0.3879
vn 0.0757 -0.9217 -0.3804
vn 0.0000 0.1939 -0.9810
vn 0.1914 0.1939 -0.9622
vn 0.0000 -0.9796 -0.2010
vn 0.0392 -0.9796 -0.1971
vn 0.0000 0.0000 -1.0000
vn 0.1951 0.0000 -0.9808
vn 0.0000 0.9796 -0.2010
vn 0.0000 1.0000 0.0000
vn 0.0392 0.9796 -0.1971
vn 0.0000 -1.0000 0.0000
vn 0.0000 -0.1939 -0.9810
vn 0.1914 -0.1939 -0.9622
vn 0.0000 0.9217 -0.3879
vn 0.0757 0.9217 -0.3804
vn 0.3754 -0.1939 -0.9063
vn 0.3539 -0.3805 -0.8544
vn 0.1484 0.9217 -0.3583
vn 0.2142 0.8286 -0.5171
vn 0.3189 -0.5528 -0.7699
vn 0.2717 0.7040 -0.6561
vn 0.2717 -0.7040 -0.6561
vn 0.3189 0.5528 -0.7699
vn 0.2142 -0.8286 -0.5171
vn 0.3539 0.3805 -0.8544
vn 0.1484 -0.9217 -0.3583
vn 0.3754 0.1939 -0.9063
vn 0.0769 -0.9796 -0.1856
vn 0.3827 0.0000 -0.9239
vn 0.0769 0.9796 -0.1856
vn 0.3110 -0.8286 -0.4654
vn 0.2155 -0.9217 -0.3225
vn 0.5137 0.3805 -0.7689
vn 0.5450 0.1939 -0.8157
vn 0.1116 -0.9796 -0.1671
vn 0.5556 0.0000 -0.8314
vn 0.1116 0.9796 -0.1671
vn 0.5450 -0.1939 -0.8157
vn 0.2155 0.9217 -0.3225
vn 0.5137 -0.3805 -0.7689
vn 0.3110 0.8286 -0.4654
vn 0.4630 -0.5528 -0.6929
vn 0.3945 0.7040 -0.5904
vn 0.3945 -0.7040 -0.5904
vn 0.4630 0.5528 -0.6929
vn 0.2743 0.9217 -0.2743
vn 0.3958 0.8286 -0.3958
vn 0.6539 -0.3805 -0.6539
vn 0.5893 -0.5528 -0.5893
vn 0.5021 0.7040 -0.5021
vn 0.5021 -0.7040 -0.5021
vn 0.5893 0.5528 -0.5893
vn 0.3958 -0.8286 -0.3958
vn 0.6539 0.3805 -0.6539
vn 0.2743 -0.9217 -0.2743
vn 0.6937 0.1939 -0.6937
vn 0.1421 -0.9796 -0.1421
vn 0.7071 0.0000 -0.7071
vn 0.1421 0.9796 -0.1421
vn 0.6937 -0.1939 -0.6937
vn 0.7689 0.3805 -0.5137
vn 0.8157 0.1939 -0.5450
vn 0.3225 -0.9217 -0.2155
vn 0.1671 -0.9796 -0.1116
vn 0.8314 0.0000 -0.5556
vn 0.1671 0.9796 -0.1116
vn 0.8157 -0.1939 -0.5450
vn 0.3225 0.9217 -0.2155
vn 0.7689 -0.3805 -0.5137
vn 0.4654 0.8286 -0.3110
vn 0.6929 -0.5528 -0.4630
vn 0.5904 0.7040 -0.3945
vn 0.5904 -0.7040 -0.3945
vn 0.6929 0.5528 -0.4630
vn 0.4654 -0.8286 -0.3110
vn 0.8544 -0.3805 -0.3539
vn 0.7699 -0.5528 -0.3189
vn 0.5171 0.8286 -0.2142
vn 0.6561 0.7040 -0.2717
vn 0.6561 -0.7040 -0.2717
vn 0.7699 0.5528 -0.3189
vn 0.5171 -0.8286 -0.2142
vn 0.8544 0.3805 -0.3539
vn 0.3583 -0.9217 -0.1484
vn 0.9063 0.1939 -0.3754
vn 0.1856 -0.9796 -0.0769
vn 0.9239 0.0000 -0.3827
vn 0.1856 0.9796 -0.0769
vn 0.9063 -0.1939 -0.3754
vn 0.3583 0.9217 -0.1484
vn 0.3804 -0.9217 -0.0757
vn 0.1971 -0.9796 -0.0392
vn 0.9622 0.1939 -0.1914
vn 0.9808 0.0000 -0.1951
vn 0.1971 0.9796 -0.0392
vn 0.9622 -0.1939 -0.1914
vn 0.3804 0.9217 -0.0757
vn 0.9070 -0.3805 -0.1804
vn 0.5490 0.8286 -0.1092
vn 0.8173 -0.5528 -0.1626
vn 0.6965 0.7040 -0.1385
vn 0.6965 -0.7040 -0.1385
vn 0.8173 0.5528 -0.1626
vn 0.5490 -0.8286 -0.1092
vn 0.9070 0.3805 -0.1804
vn 0.5598 0.8286 0.0000
vn 0.7101 0.7040 0.0000
vn 0.8333 -0.5528 0.0000
vn 0.7101 -0.7040 0.0000
vn 0.8333 0.5528 0.0000
vn 0.5598 -0.8286 0.0000
vn 0.9247 0.3805 0.0000
vn 0.3879 -0.9217 0.0000
vn 0.9810 0.1939 0.0000
vn 0.2010 -0.9796 0.0000
vn 1.0000 0.0000 0.0000
vn 0.2010 0.9796 0.0000
vn 0.9810 -0.1939 0.0000
vn 0.3879 0.9217 0.0000
vn 0.9247 -0.3805 0.0000
vn 0.9622 0.1939 0.1914
vn 0.9808 0.0000 0.1951
vn 0.1971 0.9796 0.0392
vn 0.1971 -0.9796 0.0392
vn 0.9622 -0.1939 0.1914
vn 0.3804 0.9217 0.0757
vn 0.9070 -0.3805 0.1804
vn 0.5490 0.8286 0.1092
vn 0.8173 -0.5528 0.1626
vn 0.6965 0.7040 0.1385
vn 0.6965 -0.7040 0.1385
vn 0.8173 0.5528 0.1626
vn 0.5490 -0.8286 0.1092
vn 0.9070 0.3805 0.1804
vn 0.3804 -0.9217 0.0757
vn 0.7699 -0.5528 0.3189
vn 0.6561 -0.7040 0.2717
vn 0.6561 0.7040 0.2717
vn 0.7699 0.5528 0.3189
vn 0.5171 -0.8286 0.2142
vn 0.8544 0.3805 0.3539
vn 0.3583 -0.9217 0.1484
vn 0.9063 0.1939 0.3754
vn 0.1856 -0.9796 0.0769
vn 0.9239 0.0000 0.3827
vn 0.1856 0.9796 0.0769
vn 0.9063 -0.1939 0.3754
vn 0.3583 0.9217 0.1484
vn 0.8544 -0.3805 0.3539
vn 0.5171 0.8286 0.2142
vn 0.1671 -0.9796 0.1116
vn 0.8314 0.0000 0.5556
vn 0.8157 -0.1939 0.5450
vn 0.1671 0.9796 0.1116
vn 0.3225 0.9217 0.2155
vn 0.7689 -0.3805 0.5137
vn 0.4654 0.8286 0.3110
vn 0.6929 -0.5528 0.4630
vn 0.5904 0.7040 0.3945
vn 0.5904 -0.7040 0.3945
vn 0.6929 0.5528 0.4630
vn 0.4654 -0.8286 0.3110
vn 0.7689 0.3805 0.5137
vn 0.3225 -0.9217 0.2155
vn 0.8157 0.1939 0.5450
vn 0.5021 -0.7040 0.5021
vn 0.3958 -0.8286 0.3958
vn 0.5893 0.5528 0.5893
vn 0.6539 0.3805 0.6539
vn 0.2743 -0.9217 0.2743
vn 0.6937 0.1939 0.6937
vn 0.1421 -0.9796 0.1421
vn 0.7071 0.0000 0.7071
vn 0.1421 0.9796 0.1421
vn 0.6937 -0.1939 0.6937
vn 0.2743 0.9217 0.2743
vn 0.6539 -0.3805 0.6539
vn 0.3958 0.8286 0.3958
vn 0.5893 -0.5528 0.5893
vn 0.5021 0.7040 0.5021
vn 0.1116 0.9796 0.1671
vn 0.2155 0.9217 0.3225
vn 0.5450 -0.1939 0.8157
vn 0.5137 -0.3805 0.7689
vn 0.3110 0.8286 0.4654
vn 0.4630 -0.5528 0.6929
vn 0.3945 0.7040 0.5904
vn 0.3945 -0.7040 0.5904
vn 0.4630 0.5528 0.6929
vn 0.3110 -0.8286 0.4654
vn 0.5137 0.3805 0.7689
vn 0.2155 -0.9217 0.3225
vn 0.5450 0.1939 0.8157
vn 0.1116 -0.9796 0.1671
vn 0.5556 0.0000 0.8314
vn 0.3189 0.5528 0.7699
vn 0.3539 0.3805 0.8544
vn 0.2142 -0.8286 0.5171
vn 0.1484 -0.9217 0.3583
vn 0.3754 0.1939 0.9063
vn 0.0769 -0.9796 0.1856
vn 0.3827 0.0000 0.9239
vn 0.0769 0.9796 0.1856
vn 0.3754 -0.1939 0.9063
vn 0.1484 0.9217 0.3583
vn 0.3539 -0.3805 0.8544
vn 0.2142 0.8286 0.5171
vn 0.3189 -0.5528 0.7699
vn 0.2717 0.7040 0.6561
vn 0.2717 -0.7040 0.6561
vn 0.1914 -0.1939 0.9622
vn 0.1804 -0.3805 0.9070
vn 0.0757 0.9217 0.3804
vn 0.1092 0.8286 0.5490
vn 0.1626 -0.5528 0.8173
vn 0.1385 0.7040 0.6965
vn 0.1385 -0.7040 0.6965
vn 0.1626 0.5528 0.8173
vn 0.1092 -0.8286 0.5490
vn 0.1804 0.3805 0.9070
vn 0.0757 -0.9217 0.3804
vn 0.1914 0.1939 0.9622
vn 0.0392 -0.9796 0.1971
vn 0.1951 0.0000 0.9808
vn 0.0392 0.9796 0.1971
vn 0.0000 -0.8286 0.5598
vn 0.0000 -0.9217 0.3879
vn 0.0000 0.3805 0.9247
vn 0.0000 0.1939 0.9810
vn 0.0000 -0.9796 0.2010
vn 0.0000 0.0000 1.0000
vn 0.0000 0.9796 0.2010
vn 0.0000 -0.1939 0.9810
vn 0.0000 0.9217 0.3879
vn 0.0000 -0.3805 0.9247
vn 0.0000 0.8286 0.5598
vn 0.0000 -0.5528 0.8333
vn 0.0000 0.7040 0.7101
vn 0.0000 -0.7040 0.7101
vn 0.0000 0.5528 0.8333
vn -0.0757 0.9217 0.3804
vn -0.1092 0.8286 0.5490
vn -0.1804 -0.3805 0.9070
vn -0.1626 -0.5528 0.8173
vn -0.1385 0.7040 0.6965
vn -0.1385 -0.7040 0.6965
vn -0.1626 0.5528 0.8173
vn -0.1092 -0.8286 0.5490
vn -0.1804 0.3805 0.9070
vn -0.0757 -0.9217 0.3804
vn -0.1914 0.1939 0.9622
vn -0.0392 -0.9796 0.1971
vn -0.1951 0.0000 0.9808
vn -0.0392 0.9796 0.1971
vn -0.1914 -0.1939 0.9622
vn -0.3539 0.3805 0.8544
vn -0.3754 0.1939 0.9063
vn -0.1484 -0.9217 0.3583
vn -0.0769 -0.9796 0.1856
vn -0.3827 0.0000 0.9239
vn -0.0769 0.9796 0.1856
vn -0.3754 -0.1939 0.9063
vn -0.1484 0.9217 0.3583
vn -0.3539 -0.3805 0.8544
vn -0.2142 0.8286 0.5171
vn -0.3189 -0.5528 0.7699
vn -0.2717 0.7040 0.6561
vn -0.2717 -0.7040 0.6561
vn -0.3189 0.5528 0.7699
vn -0.2142 -0.8286 0.5171
vn -0.5137 -0.3805 0.7689
vn -0.4630 -0.5528 0.6929
vn -0.3110 0.8286 0.4654
vn -0.3945 0.7040 0.5904
vn -0.3945 -0.7040 0.5904
vn -0.4630 0.5528 0.6929
vn -0.3110 -0.8286 0.4654
vn -0.5137 0.3805 0.7689
vn -0.2155 -0.9217 0.3225
vn -0.5450 0.1939 0.8157
vn -0.1116 -0.9796 0.1671
vn -0.5556 0.0000 0.8314
vn -0.1116 0.9796 0.1671
vn -0.5450 -0.1939 0.8157
vn -0.2155 0.9217 0.3225
vn -0.2743 -0.9217 0.2743
vn -0.1421 -0.9796 0.1421
vn -0.6937 0.1939 0.6937
vn -0.7071 0.0000 0.7071
vn -0.1421 0.9796 0.1421
vn -0.6937 -0.1939 0.6937
vn -0.2743 0.9217 0.2743
vn -0.6539 -0.3805 0.6539
vn -0.3958 0.8286 0.3958
vn -0.5893 -0.5528 0.5893
vn -0.5021 0.7040 0.5021
vn -0.5021 -0.7040 0.5021
vn -0.5893 0.5528 0.5893
vn -0.3958 -0.8286 0.3958
vn -0.6539 0.3805 0.6539
vn -0.6929 -0.5528 0.4630
vn -0.5904 -0.7040 0.3945
vn -0.5904 0.7040 0.3945
vn -0.6929 0.5528 0.4630
vn -0.4654 -0.8286 0.3110
vn -0.7689 0.3805 0.5137
vn -0.3225 -0.9217 0.2155
vn -0.8157 0.1939 0.5450
vn -0.1671 -0.9796 0.1116
vn -0.8314 0.0000 0.5556
vn -0.1671 0.9796 0.1116
vn -0.8157 -0.1939 0.5450
vn -0.3225 0.9217 0.2155
vn -0.7689 -0.3805 0.5137
vn -0.4654 0.8286 0.3110
vn -0.1856 0.9796 0.0769
vn -0.1856 -0.9796 0.0769
vn -0.9239 0.0000 0.3827
vn -0.9063 -0.1939 0.3754
vn -0.3583 0.9217 0.1484
vn -0.8544 -0.3805 0.3539
vn -0.5171 0.8286 0.2142
vn -0.7699 -0.5528 0.3189
vn -0.6561 0.7040 0.2717
vn -0.6561 -0.7040 0.2717
vn -0.7699 0.5528 0.3189
vn -0.5171 -0.8286 0.2142
vn -0.8544 0.3805 0.3539
vn -0.3583 -0.9217 0.1484
vn -0.9063 0.1939 0.3754
vn -0.6965 0.7040 0.1385
vn -0.8173 0.5528 0.1626
vn -0.6965 -0.7040 0.1385
vn -0.5490 -0.8286 0.1092
vn -0.9070 0.3805 0.1804
vn -0.3804 -0.9217 0.0757
vn -0.9622 0.1939 0.1914
vn -0.1971 -0.9796 0.0392
vn -0.9808 0.0000 0.1951
vn -0.1971 0.9796 0.0392
vn -0.9622 -0.1939 0.1914
vn -0.3804 0.9217 0.0757
vn -0.9070 -0.3805 0.1804
vn -0.5490 0.8286 0.1092
vn -0.8173 -0.5528 0.1626
vn -1.0000 0.0000 0.0000
vn -0.9810 -0.1939 0.0000
vn -0.2010 0.9796 0.0000
vn -0.3879 0.9217 0.0000
vn -0.9247 -0.3805 0.0000
vn -0.5598 0.8286 0.0000
vn -0.8333 -0.5528 0.0000
vn -0.7101 0.7040 0.0000
vn -0.7101 -0.7040 0.0000
vn -0.8333 0.5528 0.0000
vn -0.5598 -0.8286 0.0000
vn -0.9247 0.3805 0.0000
vn -0.3879 -0.9217 0.0000
vn -0.9810 0.1939 0.0000
vn -0.2010 -0.9796 0.0000
vn -0.6965 -0.7040 -0.1385
vn -0.5490 -0.8286 -0.1092
vn -0.8173 0.5528 -0.1626
vn -0.9070 0.3805 -0.1804
vn -0.3804 -0.9217 -0.0757
vn -0.9622 0.1939 -0.1914
vn -0.1971 -0.9796 -0.0392
vn -0.9808 0.0000 -0.1951
vn -0.1971 0.9796 -0.0392
vn -0.9622 -0.1939 -0.1914
vn -0.3804 0.9217 -0.0757
vn -0.9070 -0.3805 -0.1804
vn -0.5490 0.8286 -0.1092
vn -0.8173 -0.5528 -0.1626
vn -0.6965 0.7040 -0.1385
vn -0.1856 0.9796 -0.0769
vn -0.3583 0.9217 -0.1484
vn -0.9063 -0.1939 -0.3754
vn -0.8544 -0.3805 -0.3539
vn -0.5171 0.8286 -0.2142
vn -0.7699 -0.5528 -0.3189
vn -0.6561 0.7040 -0.2717
vn -0.6561 -0.7040 -0.2717
vn -0.7699 0.5528 -0.3189
vn -0.5171 -0.8286 -0.2142
vn -0.8544 0.3805 -0.3539
vn -0.3583 -0.9217 -0.1484
vn -0.9063 0.1939 -0.3754
vn -0.1856 -0.9796 -0.0769
vn -0.9239 0.0000 -0.3827
vn -0.6929 0.5528 -0.4630
vn -0.7689 0.3805 -0.5137
vn -0.4654 -0.8286 -0.3110
vn -0.3225 -0.9217 -0.2155
vn -0.8157 0.1939 -0.5450
vn -0.1671 -0.9796 -0.1116
vn -0.8314 0.0000 -0.5556
vn -0.1671 0.9796 -0.1116
vn -0.8157 -0.1939 -0.5450
vn -0.3225 0.9217 -0.2155
vn -0.7689 -0.3805 -0.5137
vn -0.4654 0.8286 -0.3110
vn -0.6929 -0.5528 -0.4630
vn -0.5904 0.7040 -0.3945
vn -0.5904 -0.7040 -0.3945
vn -0.6937 -0.1939 -0.6937
vn -0.6539 -0.3805 -0.6539
vn -0.2743 0.9217 -0.2743
vn -0.3958 0.8286 -0.3958
vn -0.5893 -0.5528 -0.5893
vn -0.5021 0.7040 -0.5021
vn -0.5021 -0.7040 -0.5021
vn -0.5893 0.5528 -0.5893
vn -0.3958 -0.8286 -0.3958
vn -0.6539 0.3805 -0.6539
vn -0.2743 -0.9217 -0.2743
vn -0.6937 0.1939 -0.6937
vn -0.1421 -0.9796 -0.1421
vn -0.7071 0.0000 -0.7071
vn -0.1421 0.9796 -0.1421
vn -0.3110 -0.8286 -0.4654
vn -0.2155 -0.9217 -0.3225
vn -0.5137 0.3805 -0.7689
vn -0.5450 0.1939 -0.8157
vn -0.1116 -0.9796 -0.1671
vn -0.5556 0.0000 -0.8314
vn -0.1116 0.9796 -0.1671
vn -0.5450 -0.1939 -0.8157
vn -0.2155 0.9217 -0.3225
vn -0.5137 -0.3805 -0.7689
vn -0.3110 0.8286 -0.4654
vn -0.4630 -0.5528 -0.6929
vn -0.3945 0.7040 -0.5904
vn -0.3945 -0.7040 -0.5904
vn -0.4630 0.5528 -0.6929
vn -0.3539 -0.3805 -0.8544
vn -0.3189 -0.5528 -0.7699
vn -0.2142 0.8286 -0.5171
vn -0.2717 0.7040 -0.6561
vn -0.2717 -0.7040 -0.6561
vn -0.3189 0.5528 -0.7699
vn -0.2142 -0.8286 -0.5171
vn -0.3539 0.3805 -0.8544
vn -0.1484 -0.9217 -0.3583
vn -0.3754 0.1939 -0.9063
vn -0.0769 -0.9796 -0.1856
vn -0.3827 0.0000 -0.9239
vn -0.0769 0.9796 -0.1856
vn -0.3754 -0.1939 -0.9063
vn -0.1484 0.9217 -0.3583
vn -0.0757 -0.9217 -0.3804
vn -0.0392 -0.9796 -0.1971
vn -0.1914 0.1939 -0.9622
vn -0.1951 0.0000 -0.9808
vn -0.0392 0.9796 -0.1971
vn -0.1914 -0.1939 -0.9622
vn -0.0757 0.9217 -0.3804
vn -0.1804 -0.3805 -0.9070
vn -0.1092 0.8286 -0.5490
vn -0.1626 -0.5528 -0.8173
vn -0.1385 0.7040 -0.6965
vn -0.1385 -0.7040 -0.6965
vn -0.1626 0.5528 -0.8173
vn -0.1092 -0.8286 -0.5490
vn -0.1804 0.3805 -0.9070
usemtl Material.002
s 1
f 528/119/11 527/120/12 69/121/13 70/122/14
f 53/123/15 52/124/16 62/125/17 63/126/18
f 529/127/19 528/119/11 70/122/14 71/128/20
f 54/129/21 53/123/15 63/126/18 64/130/22
f 59/131/23 529/127/19 71/128/20 72/132/24
f 55/133/25 54/129/21 64/130/22 65/134/26
f 530/135/27 59/131/23 72/132/24 73/136/28
f 56/137/29 55/133/25 65/134/26 66/138/30
f 531/139/31 530/135/27 73/136/28 74/140/32
f 57/141/33 56/137/29 66/138/30 67/142/34
f 50/143/35 346/144/36 60/145/37
f 255/146/38 531/139/31 74/140/32
f 58/147/39 57/141/33 67/142/34 68/148/40
f 51/149/41 50/143/35 60/145/37 61/150/42
f 527/120/12 58/147/39 68/148/40 69/121/13
f 52/124/16 51/149/41 61/150/42 62/125/17
f 69/121/13 68/148/40 83/151/43 84/152/44
f 62/125/17 61/150/42 76/153/45 77/154/46
f 70/122/14 69/121/13 84/152/44 85/155/47
f 63/126/18 62/125/17 77/154/46 78/156/48
f 71/128/20 70/122/14 85/155/47 86/157/49
f 64/130/22 63/126/18 78/156/48 79/158/50
f 72/132/24 71/128/20 86/157/49 87/159/51
f 65/134/26 64/130/22 79/158/50 80/160/52
f 73/136/28 72/132/24 87/159/51 88/161/53
f 66/138/30 65/134/26 80/160/52 81/162/54
f 74/140/32 73/136/28 88/161/53 89/163/55
f 67/142/34 66/138/30 81/162/54 82/164/56
f 60/145/37 346/165/36 75/166/57
f 255/167/38 74/140/32 89/163/55
f 68/148/40 67/142/34 82/164/56 83/151/43
f 61/150/42 60/145/37 75/166/57 76/153/45
f 88/161/53 87/159/51 102/168/58 103/169/59
f 81/162/54 80/160/52 95/170/60 96/171/61
f 89/163/55 88/161/53 103/169/59 104/172/62
f 82/164/56 81/162/54 96/171/61 97/173/63
f 75/166/57 346/174/36 90/175/64
f 255/176/38 89/163/55 104/172/62
f 83/151/43 82/164/56 97/173/63 98/177/65
f 76/153/45 75/166/57 90/175/64 91/178/66
f 84/152/44 83/151/43 98/177/65 99/179/67
f 77/154/46 76/153/45 91/178/66 92/180/68
f 85/155/47 84/152/44 99/179/67 100/181/69
f 78/156/48 77/154/46 92/180/68 93/182/70
f 86/157/49 85/155/47 100/181/69 101/183/71
f 79/158/50 78/156/48 93/182/70 94/184/72
f 87/159/51 86/157/49 101/183/71 102/168/58
f 80/160/52 79/158/50 94/184/72 95/170/60
f 92/180/68 91/178/66 106/185/73 107/186/74
f 100/181/69 99/179/67 114/187/75 115/188/76
f 93/182/70 92/180/68 107/186/74 108/189/77
f 101/183/71 100/181/69 115/188/76 116/190/78
f 94/184/72 93/182/70 108/189/77 109/191/79
f 102/168/58 101/183/71 116/190/78 117/192/80
f 95/170/60 94/184/72 109/191/79 110/193/81
f 103/169/59 102/168/58 117/192/80 118/194/82
f 96/171/61 95/170/60 110/193/81 111/195/83
f 104/172/62 103/169/59 118/194/82 119/196/84
f 97/173/63 96/171/61 111/195/83 112/197/85
f 90/175/64 346/198/36 105/199/86
f 255/200/38 104/172/62 119/196/84
f 98/177/65 97/173/63 112/197/85 113/201/87
f 91/178/66 90/175/64 105/199/86 106/185/73
f 99/179/67 98/177/65 113/201/87 114/187/75
f 111/195/83 110/193/81 125/202/88 126/203/89
f 119/196/84 118/194/82 133/204/90 134/205/91
f 112/197/85 111/195/83 126/203/89 127/206/92
f 105/199/86 346/207/36 120/208/93
f 255/209/38 119/196/84 134/205/91
f 113/201/87 112/197/85 127/206/92 128/210/94
f 106/185/73 105/199/86 120/208/93 121/211/95
f 114/187/75 113/201/87 128/210/94 129/212/96
f 107/186/74 106/185/73 121/211/95 122/213/97
f 115/188/76 114/187/75 129/212/96 130/214/98
f 108/189/77 107/186/74 122/213/97 123/215/99
f 116/190/78 115/188/76 130/214/98 131/216/100
f 109/191/79 108/189/77 123/215/99 124/217/101
f 117/192/80 116/190/78 131/216/100 132/218/102
f 110/193/81 109/191/79 124/217/101 125/202/88
f 118/194/82 117/192/80 132/218/102 133/204/90
f 130/214/98 129/212/96 144/219/103 145/220/104
f 123/215/99 122/213/97 137/221/105 138/222/106
f 131/216/100 130/214/98 145/220/104 146/223/107
f 124/217/101 123/215/99 138/222/106 139/224/108
f 132/218/102 131/216/100 146/223/107 147/225/109
f 125/202/88 124/217/101 139/224/108 140/226/110
f 133/204/90 132/218/102 147/225/109 148/227/111
f 126/203/89 125/202/88 140/226/110 141/228/112
f 134/205/91 133/204/90 148/227/111 149/229/113
f 127/206/92 126/203/89 141/228/112 142/230/114
f 120/208/93 346/231/36 135/232/115
f 255/233/38 134/205/91 149/229/113
f 128/210/94 127/206/92 142/230/114 143/234/116
f 121/211/95 120/208/93 135/232/115 136/235/117
f 129/212/96 128/210/94 143/234/116 144/219/103
f 122/213/97 121/211/95 136/235/117 137/221/105
f 149/229/113 148/227/111 163/236/118 164/237/119
f 142/230/114 141/228/112 156/238/120 157/239/121
f 135/232/115 346/240/36 150/241/122
f 255/242/38 149/229/113 164/237/119
f 143/234/116 142/230/114 157/239/121 158/243/123
f 136/235/117 135/232/115 150/241/122 151/244/124
f 144/219/103 143/234/116 158/243/123 159/245/125
f 137/221/105 136/235/117 151/244/124 152/246/126
f 145/220/104 144/219/103 159/245/125 160/247/127
f 138/222/106 137/221/105 152/246/126 153/248/128
f 146/223/107 145/220/104 160/247/127 161/249/129
f 139/224/108 138/222/106 153/248/128 154/250/130
f 147/225/109 146/223/107 161/249/129 162/251/131
f 140/226/110 139/224/108 154/250/130 155/252/132
f 148/227/111 147/225/109 162/251/131 163/236/118
f 141/228/112 140/226/110 155/252/132 156/238/120
f 153/248/128 152/246/126 167/253/133 168/254/134
f 161/249/129 160/247/127 175/255/135 176/256/136
f 154/250/130 153/248/128 168/254/134 169/257/137
f 162/251/131 161/249/129 176/256/136 177/258/138
f 155/252/132 154/250/130 169/257/137 170/259/139
f 163/236/118 162/251/131 177/258/138 178/260/140
f 156/238/120 155/252/132 170/259/139 171/261/141
f 164/237/119 163/236/118 178/260/140 179/262/142
f 157/239/121 156/238/120 171/261/141 172/263/143
f 150/241/122 346/264/36 165/265/144
f 255/266/38 164/237/119 179/262/142
f 158/243/123 157/239/121 172/263/143 173/267/145
f 151/244/124 150/241/122 165/265/144 166/268/146
f 159/245/125 158/243/123 173/267/145 174/269/147
f 152/246/126 151/244/124 166/268/146 167/253/133
f 160/247/127 159/245/125 174/269/147 175/255/135
f 172/263/143 171/261/141 186/270/148 187/271/149
f 165/265/144 346/272/36 180/273/150
f 255/274/38 179/262/142 194/275/151
f 173/267/145 172/263/143 187/271/149 188/276/152
f 166/268/146 165/265/144 180/273/150 181/277/153
f 174/269/147 173/267/145 188/276/152 189/278/154
f 167/253/133 166/268/146 181/277/153 182/279/155
f 175/255/135 174/269/147 189/278/154 190/280/156
f 168/254/134 167/253/133 182/279/155 183/281/157
f 176/256/136 175/255/135 190/280/156 191/282/158
f 169/257/137 168/254/134 183/281/157 184/283/159
f 177/258/138 176/256/136 191/282/158 192/284/160
f 170/259/139 169/257/137 184/283/159 185/285/161
f 178/260/140 177/258/138 192/284/160 193/286/162
f 171/261/141 170/259/139 185/285/161 186/270/148
f 179/262/142 178/260/140 193/286/162 194/275/151
f 191/282/158 190/280/156 205/287/163 206/288/164
f 184/283/159 183/281/157 198/289/165 199/290/166
f 192/284/160 191/282/158 206/288/164 207/291/167
f 185/285/161 184/283/159 199/290/166 200/292/168
f 193/286/162 192/284/160 207/291/167 208/293/169
f 186/270/148 185/285/161 200/292/168 201/294/170
f 194/275/151 193/286/162 208/293/169 209/295/171
f 187/271/149 186/270/148 201/294/170 202/296/172
f 180/273/150 346/297/36 195/298/173
f 255/299/38 194/275/151 209/295/171
f 188/276/152 187/271/149 202/296/172 203/300/174
f 181/277/153 180/273/150 195/298/173 196/301/175
f 189/278/154 188/276/152 203/300/174 204/302/176
f 182/279/155 181/277/153 196/301/175 197/303/177
f 190/280/156 189/278/154 204/302/176 205/287/163
f 183/281/157 182/279/155 197/303/177 198/289/165
f 255/304/38 209/295/171 224/305/178
f 203/300/174 202/296/172 217/306/179 218/307/180
f 196/301/175 195/298/173 210/308/181 211/309/182
f 204/302/176 203/300/174 218/307/180 219/310/183
f 197/303/177 196/301/175 211/309/182 212/311/184
f 205/287/163 204/302/176 219/310/183 220/312/185
f 198/289/165 197/303/177 212/311/184 213/313/186
f 206/288/164 205/287/163 220/312/185 221/314/187
f 199/290/166 198/289/165 213/313/186 214/315/188
f 207/291/167 206/288/164 221/314/187 222/316/189
f 200/292/168 199/290/166 214/315/188 215/317/190
f 208/293/169 207/291/167 222/316/189 223/318/191
f 201/294/170 200/292/168 215/317/190 216/319/192
f 209/295/171 208/293/169 223/318/191 224/305/178
f 202/296/172 201/294/170 216/319/192 217/306/179
f 195/298/173 346/320/36 210/308/181
f 222/316/189 221/314/187 236/321/193 237/322/194
f 215/317/190 214/315/188 229/323/195 230/324/196
f 223/318/191 222/316/189 237/322/194 238/325/197
f 216/319/192 215/317/190 230/324/196 231/326/198
f 224/305/178 223/318/191 238/325/197 239/327/199
f 217/306/179 216/319/192 231/326/198 232/328/200
f 210/308/181 346/329/36 225/330/201
f 255/331/38 224/305/178 239/327/199
f 218/307/180 217/306/179 232/328/200 233/332/202
f 211/309/182 210/308/181 225/330/201 226/333/203
f 219/310/183 218/307/180 233/332/202 234/334/204
f 212/311/184 211/309/182 226/333/203 227/335/205
f 220/312/185 219/310/183 234/334/204 235/336/206
f 213/313/186 212/311/184 227/335/205 228/337/207
f 221/314/187 220/312/185 235/336/206 236/321/193
f 214/315/188 213/313/186 228/337/207 229/323/195
f 226/333/203 225/330/201 240/338/208 241/339/209
f 234/334/204 233/332/202 248/340/210 249/341/211
f 227/335/205 226/333/203 241/339/209 242/342/212
f 235/336/206 234/334/204 249/341/211 250/343/213
f 228/337/207 227/335/205 242/342/212 243/344/214
f 236/321/193 235/336/206 250/343/213 251/345/215
f 229/323/195 228/337/207 243/344/214 244/346/216
f 237/322/194 236/321/193 251/345/215 252/347/217
f 230/324/196 229/323/195 244/346/216 245/348/218
f 238/325/197 237/322/194 252/347/217 253/349/219
f 231/326/198 230/324/196 245/348/218 246/350/220
f 239/327/199 238/325/197 253/349/219 254/351/221
f 232/328/200 231/326/198 246/350/220 247/352/222
f 225/330/201 346/353/36 240/338/208
f 255/354/38 239/327/199 254/351/221
f 233/332/202 232/328/200 247/352/222 248/340/210
f 245/348/218 244/346/216 260/355/223 261/356/224
f 253/349/219 252/347/217 268/357/225 269/358/226
f 246/350/220 245/348/218 261/356/224 262/359/227
f 254/351/221 253/349/219 269/358/226 270/360/228
f 247/352/222 246/350/220 262/359/227 263/361/229
f 240/338/208 346/362/36 256/363/230
f 255/364/38 254/351/221 270/360/228
f 248/340/210 247/352/222 263/361/229 264/365/231
f 241/339/209 240/338/208 256/363/230 257/366/232
f 249/341/211 248/340/210 264/365/231 265/367/233
f 242/342/212 241/339/209 257/366/232 258/368/234
f 250/343/213 249/341/211 265/367/233 266/369/235
f 243/344/214 242/342/212 258/368/234 259/370/236
f 251/345/215 250/343/213 266/369/235 267/371/237
f 244/346/216 243/344/214 259/370/236 260/355/223
f 252/347/217 251/345/215 267/371/237 268/357/225
f 265/367/233 264/365/231 279/372/238 280/373/239
f 258/368/234 257/366/232 272/374/240 273/375/241
f 266/369/235 265/367/233 280/373/239 281/376/242
f 259/370/236 258/368/234 273/375/241 274/377/243
f 267/371/237 266/369/235 281/376/242 282/378/244
f 260/355/223 259/370/236 274/377/243 275/379/245
f 268/357/225 267/371/237 282/378/244 283/380/246
f 261/356/224 260/355/223 275/379/245 276/381/247
f 269/358/226 268/357/225 283/380/246 284/382/248
f 262/359/227 261/356/224 276/381/247 277/383/249
f 270/360/228 269/358/226 284/382/248 285/384/250
f 263/361/229 262/359/227 277/383/249 278/385/251
f 256/363/230 346/386/36 271/387/252
f 255/388/38 270/360/228 285/384/250
f 264/365/231 263/361/229 278/385/251 279/372/238
f 257/366/232 256/363/230 271/387/252 272/374/240
f 284/382/248 283/380/246 298/389/253 299/390/254
f 277/383/249 276/381/247 291/391/255 292/392/256
f 285/384/250 284/382/248 299/390/254 300/393/257
f 278/385/251 277/383/249 292/392/256 293/394/258
f 271/387/252 346/395/36 286/396/259
f 255/397/38 285/384/250 300/393/257
f 279/372/238 278/385/251 293/394/258 294/398/260
f 272/374/240 271/387/252 286/396/259 287/399/261
f 280/373/239 279/372/238 294/398/260 295/400/262
f 273/375/241 272/374/240 287/399/261 288/401/263
f 281/376/242 280/373/239 295/400/262 296/402/264
f 274/377/243 273/375/241 288/401/263 289/403/265
f 282/378/244 281/376/242 296/402/264 297/404/266
f 275/379/245 274/377/243 289/403/265 290/405/267
f 283/380/246 282/378/244 297/404/266 298/389/253
f 276/381/247 275/379/245 290/405/267 291/391/255
f 288/401/263 287/399/261 302/406/268 303/407/269
f 296/402/264 295/400/262 310/408/270 311/409/271
f 289/403/265 288/401/263 303/407/269 304/410/272
f 297/404/266 296/402/264 311/409/271 312/411/273
f 290/405/267 289/403/265 304/410/272 305/412/274
f 298/389/253 297/404/266 312/411/273 313/413/275
f 291/391/255 290/405/267 305/412/274 306/414/276
f 299/390/254 298/389/253 313/413/275 314/415/277
f 292/392/256 291/391/255 306/414/276 307/416/278
f 300/393/257 299/390/254 314/415/277 315/417/279
f 293/394/258 292/392/256 307/416/278 308/418/280
f 286/396/259 346/419/36 301/420/281
f 255/421/38 300/393/257 315/417/279
f 294/398/260 293/394/258 308/418/280 309/422/282
f 287/399/261 286/396/259 301/420/281 302/406/268
f 295/400/262 294/398/260 309/422/282 310/408/270
f 307/416/278 306/414/276 321/423/283 322/424/284
f 315/417/279 314/415/277 329/425/285 330/426/286
f 308/418/280 307/416/278 322/424/284 323/427/287
f 301/420/281 346/428/36 316/429/288
f 255/430/38 315/417/279 330/426/286
f 309/422/282 308/418/280 323/427/287 324/431/289
f 302/406/268 301/420/281 316/429/288 317/432/290
f 310/408/270 309/422/282 324/431/289 325/433/291
f 303/407/269 302/406/268 317/432/290 318/434/292
f 311/409/271 310/408/270 325/433/291 326/435/293
f 304/410/272 303/407/269 318/434/292 319/436/294
f 312/411/273 311/409/271 326/435/293 327/437/295
f 305/412/274 304/410/272 319/436/294 320/438/296
f 313/413/275 312/411/273 327/437/295 328/439/297
f 306/414/276 305/412/274 320/438/296 321/423/283
f 314/415/277 313/413/275 328/439/297 329/425/285
f 326/435/293 325/433/291 340/440/298 341/441/299
f 319/436/294 318/434/292 333/442/300 334/443/301
f 327/437/295 326/435/293 341/441/299 342/444/302
f 320/438/296 319/436/294 334/443/301 335/445/303
f 328/439/297 327/437/295 342/444/302 343/446/304
f 321/423/283 320/438/296 335/445/303 336/447/305
f 329/425/285 328/439/297 343/446/304 344/448/306
f 322/424/284 321/423/283 336/447/305 337/449/307
f 330/426/286 329/425/285 344/448/306 345/450/308
f 323/427/287 322/424/284 337/449/307 338/451/309
f 316/429/288 346/452/36 331/453/310
f 255/454/38 330/426/286 345/450/308
f 324/431/289 323/427/287 338/451/309 339/455/311
f 317/432/290 316/429/288 331/453/310 332/456/312
f 325/433/291 324/431/289 339/455/311 340/440/298
f 318/434/292 317/432/290 332/456/312 333/442/300
f 345/450/308 344/448/306 360/457/313 361/458/314
f 338/451/309 337/449/307 353/459/315 354/460/316
f 331/453/310 346/461/36 347/462/317
f 255/463/38 345/450/308 361/458/314
f 339/455/311 338/451/309 354/460/316 355/464/318
f 332/456/312 331/453/310 347/462/317 348/465/319
f 340/440/298 339/455/311 355/464/318 356/466/320
f 333/442/300 332/456/312 348/465/319 349/467/321
f 341/441/299 340/440/298 356/466/320 357/468/322
f 334/443/301 333/442/300 349/467/321 350/469/323
f 342/444/302 341/441/299 357/468/322 358/470/324
f 335/445/303 334/443/301 350/469/323 351/471/325
f 343/446/304 342/444/302 358/470/324 359/472/326
f 336/447/305 335/445/303 351/471/325 352/473/327
f 344/448/306 343/446/304 359/472/326 360/457/313
f 337/449/307 336/447/305 352/473/327 353/459/315
f 358/470/324 357/468/322 372/474/328 373/475/329
f 351/471/325 350/469/323 365/476/330 366/477/331
f 359/472/326 358/470/324 373/475/329 374/478/332
f 352/473/327 351/471/325 366/477/331 367/479/333
f 360/457/313 359/472/326 374/478/332 375/480/334
f 353/459/315 352/473/327 367/479/333 368/481/335
f 361/458/314 360/457/313 375/480/334 376/482/336
f 354/460/316 353/459/315 368/481/335 369/483/337
f 347/462/317 346/484/36 362/485/338
f 255/486/38 361/458/314 376/482/336
f 355/464/318 354/460/316 369/483/337 370/487/339
f 348/465/319 347/462/317 362/485/338 363/488/340
f 356/466/320 355/464/318 370/487/339 371/489/341
f 349/467/321 348/465/319 363/488/340 364/490/342
f 357/468/322 356/466/320 371/489/341 372/474/328
f 350/469/323 349/467/321 364/490/342 365/476/330
f 362/485/338 346/491/36 377/492/343
f 255/493/38 376/482/336 391/494/344
f 370/487/339 369/483/337 384/495/345 385/496/346
f 363/488/340 362/485/338 377/492/343 378/497/347
f 371/489/341 370/487/339 385/496/346 386/498/348
f 364/490/342 363/488/340 378/497/347 379/499/349
f 372/474/328 371/489/341 386/498/348 387/500/350
f 365/476/330 364/490/342 379/499/349 380/501/351
f 373/475/329 372/474/328 387/500/350 388/502/352
f 366/477/331 365/476/330 380/501/351 381/503/353
f 374/478/332 373/475/329 388/502/352 389/504/354
f 367/479/333 366/477/331 381/503/353 382/505/355
f 375/480/334 374/478/332 389/504/354 390/506/356
f 368/481/335 367/479/333 382/505/355 383/507/357
f 376/482/336 375/480/334 390/506/356 391/494/344
f 369/483/337 368/481/335 383/507/357 384/495/345
f 381/503/353 380/501/351 395/508/358 396/509/359
f 389/504/354 388/502/352 403/510/360 404/511/361
f 382/505/355 381/503/353 396/509/359 397/512/362
f 390/506/356 389/504/354 404/511/361 405/513/363
f 383/507/357 382/505/355 397/512/362 398/514/364
f 391/494/344 390/506/356 405/513/363 406/515/365
f 384/495/345 383/507/357 398/514/364 399/516/366
f 377/492/343 346/517/36 392/518/367
f 255/519/38 391/494/344 406/515/365
f 385/496/346 384/495/345 399/516/366 400/520/368
f 378/497/347 377/492/343 392/518/367 393/521/369
f 386/498/348 385/496/346 400/520/368 401/522/370
f 379/499/349 378/497/347 393/521/369 394/523/371
f 387/500/350 386/498/348 401/522/370 402/524/372
f 380/501/351 379/499/349 394/523/371 395/508/358
f 388/502/352 387/500/350 402/524/372 403/510/360
f 400/520/368 399/516/366 414/525/373 415/526/374
f 393/521/369 392/518/367 407/527/375 408/528/376
f 401/522/370 400/520/368 415/526/374 416/529/377
f 394/523/371 393/521/369 408/528/376 409/530/378
f 402/524/372 401/522/370 416/529/377 417/531/379
f 395/508/358 394/523/371 409/530/378 410/532/380
f 403/510/360 402/524/372 417/531/379 418/533/381
f 396/509/359 395/508/358 410/532/380 411/534/382
f 404/511/361 403/510/360 418/533/381 419/535/383
f 397/512/362 396/509/359 411/534/382 412/536/384
f 405/513/363 404/511/361 419/535/383 420/537/385
f 398/514/364 397/512/362 412/536/384 413/538/386
f 406/515/365 405/513/363 420/537/385 421/539/387
f 399/516/366 398/514/364 413/538/386 414/525/373
f 392/518/367 346/540/36 407/527/375
f 255/541/38 406/515/365 421/539/387
f 419/542/383 418/543/381 433/544/388 434/545/389
f 412/546/384 411/547/382 426/548/390 427/549/391
f 420/550/385 419/542/383 434/545/389 435/551/392
f 413/552/386 412/546/384 427/549/391 428/553/393
f 421/554/387 420/550/385 435/551/392 436/555/394
f 414/556/373 413/552/386 428/553/393 429/557/395
f 407/558/375 346/559/36 422/560/396
f 255/561/38 421/554/387 436/555/394
f 415/562/374 414/556/373 429/557/395 430/563/397
f 408/564/376 407/558/375 422/560/396 423/565/398
f 416/566/377 415/562/374 430/563/397 431/567/399
f 409/568/378 408/564/376 423/565/398 424/569/400
f 417/570/379 416/566/377 431/567/399 432/571/401
f 410/572/380 409/568/378 424/569/400 425/573/402
f 418/543/381 417/570/379 432/571/401 433/544/388
f 411/547/382 410/572/380 425/573/402 426/548/390
f 423/565/398 422/560/396 437/574/403 438/575/404
f 431/567/399 430/563/397 445/576/405 446/577/406
f 424/569/400 423/565/398 438/575/404 439/578/407
f 432/571/401 431/567/399 446/577/406 447/579/408
f 425/573/402 424/569/400 439/578/407 440/580/409
f 433/544/388 432/571/401 447/579/408 448/581/410
f 426/548/390 425/573/402 440/580/409 441/582/411
f 434/545/389 433/544/388 448/581/410 449/583/412
f 427/549/391 426/548/390 441/582/411 442/584/413
f 435/551/392 434/545/389 449/583/412 450/585/414
f 428/553/393 427/549/391 442/584/413 443/586/415
f 436/555/394 435/551/392 450/585/414 451/587/416
f 429/557/395 428/553/393 443/586/415 444/588/417
f 422/560/396 346/589/36 437/574/403
f 255/590/38 436/555/394 451/587/416
f 430/563/397 429/557/395 444/588/417 445/576/405
f 442/584/413 441/582/411 456/591/418 457/592/419
f 450/585/414 449/583/412 464/593/420 465/594/421
f 443/586/415 442/584/413 457/592/419 458/595/422
f 451/587/416 450/585/414 465/594/421 466/596/423
f 444/588/417 443/586/415 458/595/422 459/597/424
f 437/574/403 346/598/36 452/599/425
f 255/600/38 451/587/416 466/596/423
f 445/576/405 444/588/417 459/597/424 460/601/426
f 438/575/404 437/574/403 452/599/425 453/602/427
f 446/577/406 445/576/405 460/601/426 461/603/428
f 439/578/407 438/575/404 453/602/427 454/604/429
f 447/579/408 446/577/406 461/603/428 462/605/430
f 440/580/409 439/578/407 454/604/429 455/606/431
f 448/581/410 447/579/408 462/605/430 463/607/432
f 441/582/411 440/580/409 455/606/431 456/591/418
f 449/583/412 448/581/410 463/607/432 464/593/420
f 461/603/428 460/601/426 475/608/433 476/609/434
f 454/604/429 453/602/427 468/610/435 469/611/436
f 462/605/430 461/603/428 476/609/434 477/612/437
f 455/606/431 454/604/429 469/611/436 470/613/438
f 463/607/432 462/605/430 477/612/437 478/614/439
f 456/591/418 455/606/431 470/613/438 471/615/440
f 464/593/420 463/607/432 478/614/439 479/616/441
f 457/592/419 456/591/418 471/615/440 472/617/442
f 465/594/421 464/593/420 479/616/441 480/618/443
f 458/595/422 457/592/419 472/617/442 473/619/444
f 466/596/423 465/594/421 480/618/443 481/620/445
f 459/597/424 458/595/422 473/619/444 474/621/446
f 452/599/425 346/622/36 467/623/447
f 255/624/38 466/596/423 481/620/445
f 460/601/426 459/597/424 474/621/446 475/608/433
f 453/602/427 452/599/425 467/623/447 468/610/435
f 480/618/443 479/616/441 494/625/448 495/626/449
f 473/619/444 472/617/442 487/627/450 488/628/451
f 481/620/445 480/618/443 495/626/449 496/629/452
f 474/621/446 473/619/444 488/628/451 489/630/453
f 467/623/447 346/631/36 482/632/454
f 255/633/38 481/620/445 496/629/452
f 475/608/433 474/621/446 489/630/453 490/634/455
f 468/610/435 467/623/447 482/632/454 483/635/456
f 476/609/434 475/608/433 490/634/455 491/636/457
f 469/611/436 468/610/435 483/635/456 484/637/458
f 477/612/437 476/609/434 491/636/457 492/638/459
f 470/613/438 469/611/436 484/637/458 485/639/460
f 478/614/439 477/612/437 492/638/459 493/640/461
f 471/615/440 470/613/438 485/639/460 486/641/462
f 479/616/441 478/614/439 493/640/461 494/625/448
f 472/617/442 471/615/440 486/641/462 487/627/450
f 492/638/459 491/636/457 506/642/463 507/643/464
f 485/639/460 484/637/458 499/644/465 500/645/466
f 493/640/461 492/638/459 507/643/464 508/646/467
f 486/641/462 485/639/460 500/645/466 501/647/468
f 494/625/448 493/640/461 508/646/467 509/648/469
f 487/627/450 486/641/462 501/647/468 502/649/470
f 495/626/449 494/625/448 509/648/469 510/650/471
f 488/628/451 487/627/450 502/649/470 503/651/472
f 496/629/452 495/626/449 510/650/471 511/652/473
f 489/630/453 488/628/451 503/651/472 504/653/474
f 482/632/454 346/654/36 497/655/475
f 255/656/38 496/629/452 511/652/473
f 490/634/455 489/630/453 504/653/474 505/657/476
f 483/635/456 482/632/454 497/655/475 498/658/477
f 491/636/457 490/634/455 505/657/476 506/642/463
f 484/637/458 483/635/456 498/658/477 499/644/465
f 511/652/473 510/650/471 525/659/478 526/660/479
f 504/653/474 503/651/472 518/661/480 519/662/481
f 497/655/475 346/663/36 512/664/482
f 255/665/38 511/652/473 526/660/479
f 505/657/476 504/653/474 519/662/481 520/666/483
f 498/658/477 497/655/475 512/664/482 513/667/484
f 506/642/463 505/657/476 520/666/483 521/668/485
f 499/644/465 498/658/477 513/667/484 514/669/486
f 507/643/464 506/642/463 521/668/485 522/670/487
f 500/645/466 499/644/465 514/669/486 515/671/488
f 508/646/467 507/643/464 522/670/487 523/672/489
f 501/647/468 500/645/466 515/671/488 516/673/490
f 509/648/469 508/646/467 523/672/489 524/674/491
f 502/649/470 501/647/468 516/673/490 517/675/492
f 510/650/471 509/648/469 524/674/491 525/659/478
f 503/651/472 502/649/470 517/675/492 518/661/480
f 515/671/488 514/669/486 52/124/16 53/123/15
f 523/672/489 522/670/487 528/119/11 529/127/19
f 516/673/490 515/671/488 53/123/15 54/129/21
f 524/674/491 523/672/489 529/127/19 59/131/23
f 517/675/492 516/673/490 54/129/21 55/133/25
f 525/659/478 524/674/491 59/131/23 530/135/27
f 518/661/480 517/675/492 55/133/25 56/137/29
f 526/660/479 525/659/478 530/135/27 531/139/31
f 519/662/481 518/661/480 56/137/29 57/141/33
f 512/664/482 346/676/36 50/143/35
f 255/677/38 526/660/479 531/139/31
f 520/666/483 519/662/481 57/141/33 58/147/39
f 513/667/484 512/664/482 50/143/35 51/149/41
f 521/668/485 520/666/483 58/147/39 527/120/12
f 514/669/486 513/667/484 51/149/41 52/124/16
f 522/670/487 521/668/485 527/120/12 528/119/11
f 1010/678/11 1009/679/12 551/680/13 552/681/14
f 535/682/15 534/683/16 544/684/17 545/685/18
f 1011/686/19 1010/678/11 552/681/14 553/687/20
f 536/688/21 535/682/15 545/685/18 546/689/22
f 541/690/23 1011/686/19 553/687/20 554/691/24
f 537/692/25 536/688/21 546/689/22 547/693/26
f 1012/694/27 541/690/23 554/691/24 555/695/28
f 538/696/29 537/692/25 547/693/26 548/697/30
f 1013/698/31 1012/694/27 555/695/28 556/699/32
f 539/700/33 538/696/29 548/697/30 549/701/34
f 532/702/35 828/703/36 542/704/37
f 737/705/38 1013/698/31 556/699/32
f 540/706/39 539/700/33 549/701/34 550/707/40
f 533/708/41 532/702/35 542/704/37 543/709/42
f 1009/679/12 540/706/39 550/707/40 551/680/13
f 534/683/16 533/708/41 543/709/42 544/684/17
f 551/680/13 550/707/40 565/710/43 566/711/44
f 544/684/17 543/709/42 558/712/45 559/713/46
f 552/681/14 551/680/13 566/711/44 567/714/47
f 545/685/18 544/684/17 559/713/46 560/715/48
f 553/687/20 552/681/14 567/714/47 568/716/49
f 546/689/22 545/685/18 560/715/48 561/717/50
f 554/691/24 553/687/20 568/716/49 569/718/51
f 547/693/26 546/689/22 561/717/50 562/719/52
f 555/695/28 554/691/24 569/718/51 570/720/53
f 548/697/30 547/693/26 562/719/52 563/721/54
f 556/699/32 555/695/28 570/720/53 571/722/55
f 549/701/34 548/697/30 563/721/54 564/723/56
f 542/704/37 828/724/36 557/725/57
f 737/726/38 556/699/32 571/722/55
f 550/707/40 549/701/34 564/723/56 565/710/43
f 543/709/42 542/704/37 557/725/57 558/712/45
f 570/720/53 569/718/51 584/727/58 585/728/59
f 563/721/54 562/719/52 577/729/60 578/730/61
f 571/722/55 570/720/53 585/728/59 586/731/62
f 564/723/56 563/721/54 578/730/61 579/732/63
f 557/725/57 828/733/36 572/734/64
f 737/735/38 571/722/55 586/731/62
f 565/710/43 564/723/56 579/732/63 580/736/65
f 558/712/45 557/725/57 572/734/64 573/737/66
f 566/711/44 565/710/43 580/736/65 581/738/67
f 559/713/46 558/712/45 573/737/66 574/739/68
f 567/714/47 566/711/44 581/738/67 582/740/69
f 560/715/48 559/713/46 574/739/68 575/741/70
f 568/716/49 567/714/47 582/740/69 583/742/71
f 561/717/50 560/715/48 575/741/70 576/743/72
f 569/718/51 568/716/49 583/742/71 584/727/58
f 562/719/52 561/717/50 576/743/72 577/729/60
f 574/739/68 573/737/66 588/744/73 589/745/74
f 582/740/69 581/738/67 596/746/75 597/747/76
f 575/741/70 574/739/68 589/745/74 590/748/77
f 583/742/71 582/740/69 597/747/76 598/749/78
f 576/743/72 575/741/70 590/748/77 591/750/79
f 584/727/58 583/742/71 598/749/78 599/751/80
f 577/729/60 576/743/72 591/750/79 592/752/81
f 585/728/59 584/727/58 599/751/80 600/753/82
f 578/730/61 577/729/60 592/752/81 593/754/83
f 586/731/62 585/728/59 600/753/82 601/755/84
f 579/732/63 578/730/61 593/754/83 594/756/85
f 572/734/64 828/757/36 587/758/86
f 737/759/38 586/731/62 601/755/84
f 580/736/65 579/732/63 594/756/85 595/760/87
f 573/737/66 572/734/64 587/758/86 588/744/73
f 581/738/67 580/736/65 595/760/87 596/746/75
f 593/754/83 592/752/81 607/761/88 608/762/89
f 601/755/84 600/753/82 615/763/90 616/764/91
f 594/756/85 593/754/83 608/762/89 609/765/92
f 587/758/86 828/766/36 602/767/93
f 737/768/38 601/755/84 616/764/91
f 595/760/87 594/756/85 609/765/92 610/769/94
f 588/744/73 587/758/86 602/767/93 603/770/95
f 596/746/75 595/760/87 610/769/94 611/771/96
f 589/745/74 588/744/73 603/770/95 604/772/97
f 597/747/76 596/746/75 611/771/96 612/773/98
f 590/748/77 589/745/74 604/772/97 605/774/99
f 598/749/78 597/747/76 612/773/98 613/775/100
f 591/750/79 590/748/77 605/774/99 606/776/101
f 599/751/80 598/749/78 613/775/100 614/777/102
f 592/752/81 591/750/79 606/776/101 607/761/88
f 600/753/82 599/751/80 614/777/102 615/763/90
f 612/773/98 611/771/96 626/778/103 627/779/104
f 605/774/99 604/772/97 619/780/105 620/781/106
f 613/775/100 612/773/98 627/779/104 628/782/107
f 606/776/101 605/774/99 620/781/106 621/783/108
f 614/777/102 613/775/100 628/782/107 629/784/109
f 607/761/88 606/776/101 621/783/108 622/785/110
f 615/763/90 614/777/102 629/784/109 630/786/111
f 608/762/89 607/761/88 622/785/110 623/787/112
f 616/764/91 615/763/90 630/786/111 631/788/113
f 609/765/92 608/762/89 623/787/112 624/789/114
f 602/767/93 828/790/36 617/791/115
f 737/792/38 616/764/91 631/788/113
f 610/769/94 609/765/92 624/789/114 625/793/116
f 603/770/95 602/767/93 617/791/115 618/794/117
f 611/771/96 610/769/94 625/793/116 626/778/103
f 604/772/97 603/770/95 618/794/117 619/780/105
f 631/788/113 630/786/111 645/795/118 646/796/119
f 624/789/114 623/787/112 638/797/120 639/798/121
f 617/791/115 828/799/36 632/800/122
f 737/801/38 631/788/113 646/796/119
f 625/793/116 624/789/114 639/798/121 640/802/123
f 618/794/117 617/791/115 632/800/122 633/803/124
f 626/778/103 625/793/116 640/802/123 641/804/125
f 619/780/105 618/794/117 633/803/124 634/805/126
f 627/779/104 626/778/103 641/804/125 642/806/127
f 620/781/106 619/780/105 634/805/126 635/807/128
f 628/782/107 627/779/104 642/806/127 643/808/129
f 621/783/108 620/781/106 635/807/128 636/809/130
f 629/784/109 628/782/107 643/808/129 644/810/131
f 622/785/110 621/783/108 636/809/130 637/811/132
f 630/786/111 629/784/109 644/810/131 645/795/118
f 623/787/112 622/785/110 637/811/132 638/797/120
f 635/807/128 634/805/126 649/812/133 650/813/134
f 643/808/129 642/806/127 657/814/135 658/815/136
f 636/809/130 635/807/128 650/813/134 651/816/137
f 644/810/131 643/808/129 658/815/136 659/817/138
f 637/811/132 636/809/130 651/816/137 652/818/139
f 645/795/118 644/810/131 659/817/138 660/819/140
f 638/797/120 637/811/132 652/818/139 653/820/141
f 646/796/119 645/795/118 660/819/140 661/821/142
f 639/798/121 638/797/120 653/820/141 654/822/143
f 632/800/122 828/823/36 647/824/144
f 737/825/38 646/796/119 661/821/142
f 640/802/123 639/798/121 654/822/143 655/826/145
f 633/803/124 632/800/122 647/824/144 648/827/146
f 641/804/125 640/802/123 655/826/145 656/828/147
f 634/805/126 633/803/124 648/827/146 649/812/133
f 642/806/127 641/804/125 656/828/147 657/814/135
f 654/822/143 653/820/141 668/829/148 669/830/149
f 647/824/144 828/831/36 662/832/150
f 737/833/38 661/821/142 676/834/151
f 655/826/145 654/822/143 669/830/149 670/835/152
f 648/827/146 647/824/144 662/832/150 663/836/153
f 656/828/147 655/826/145 670/835/152 671/837/154
f 649/812/133 648/827/146 663/836/153 664/838/155
f 657/814/135 656/828/147 671/837/154 672/839/156
f 650/813/134 649/812/133 664/838/155 665/840/157
f 658/815/136 657/814/135 672/839/156 673/841/158
f 651/816/137 650/813/134 665/840/157 666/842/159
f 659/817/138 658/815/136 673/841/158 674/843/160
f 652/818/139 651/816/137 666/842/159 667/844/161
f 660/819/140 659/817/138 674/843/160 675/845/162
f 653/820/141 652/818/139 667/844/161 668/829/148
f 661/821/142 660/819/140 675/845/162 676/834/151
f 673/841/158 672/839/156 687/846/163 688/847/164
f 666/842/159 665/840/157 680/848/165 681/849/166
f 674/843/160 673/841/158 688/847/164 689/850/167
f 667/844/161 666/842/159 681/849/166 682/851/168
f 675/845/162 674/843/160 689/850/167 690/852/169
f 668/829/148 667/844/161 682/851/168 683/853/170
f 676/834/151 675/845/162 690/852/169 691/854/171
f 669/830/149 668/829/148 683/853/170 684/855/172
f 662/832/150 828/856/36 677/857/173
f 737/858/38 676/834/151 691/854/171
f 670/835/152 669/830/149 684/855/172 685/859/174
f 663/836/153 662/832/150 677/857/173 678/860/175
f 671/837/154 670/835/152 685/859/174 686/861/176
f 664/838/155 663/836/153 678/860/175 679/862/177
f 672/839/156 671/837/154 686/861/176 687/846/163
f 665/840/157 664/838/155 679/862/177 680/848/165
f 737/863/38 691/854/171 706/864/178
f 685/859/174 684/855/172 699/865/179 700/866/180
f 678/860/175 677/857/173 692/867/181 693/868/182
f 686/861/176 685/859/174 700/866/180 701/869/183
f 679/862/177 678/860/175 693/868/182 694/870/184
f 687/846/163 686/861/176 701/869/183 702/871/185
f 680/848/165 679/862/177 694/870/184 695/872/186
f 688/847/164 687/846/163 702/871/185 703/873/187
f 681/849/166 680/848/165 695/872/186 696/874/188
f 689/850/167 688/847/164 703/873/187 704/875/189
f 682/851/168 681/849/166 696/874/188 697/876/190
f 690/852/169 689/850/167 704/875/189 705/877/191
f 683/853/170 682/851/168 697/876/190 698/878/192
f 691/854/171 690/852/169 705/877/191 706/864/178
f 684/855/172 683/853/170 698/878/192 699/865/179
f 677/857/173 828/879/36 692/867/181
f 704/875/189 703/873/187 718/880/193 719/881/194
f 697/876/190 696/874/188 711/882/195 712/883/196
f 705/877/191 704/875/189 719/881/194 720/884/197
f 698/878/192 697/876/190 712/883/196 713/885/198
f 706/864/178 705/877/191 720/884/197 721/886/199
f 699/865/179 698/878/192 713/885/198 714/887/200
f 692/867/181 828/888/36 707/889/201
f 737/890/38 706/864/178 721/886/199
f 700/866/180 699/865/179 714/887/200 715/891/202
f 693/868/182 692/867/181 707/889/201 708/892/203
f 701/869/183 700/866/180 715/891/202 716/893/204
f 694/870/184 693/868/182 708/892/203 709/894/205
f 702/871/185 701/869/183 716/893/204 717/895/206
f 695/872/186 694/870/184 709/894/205 710/896/207
f 703/873/187 702/871/185 717/895/206 718/880/193
f 696/874/188 695/872/186 710/896/207 711/882/195
f 708/892/203 707/889/201 722/897/208 723/898/209
f 716/893/204 715/891/202 730/899/210 731/900/211
f 709/894/205 708/892/203 723/898/209 724/901/212
f 717/895/206 716/893/204 731/900/211 732/902/213
f 710/896/207 709/894/205 724/901/212 725/903/214
f 718/880/193 717/895/206 732/902/213 733/904/215
f 711/882/195 710/896/207 725/903/214 726/905/216
f 719/881/194 718/880/193 733/904/215 734/906/217
f 712/883/196 711/882/195 726/905/216 727/907/218
f 720/884/197 719/881/194 734/906/217 735/908/219
f 713/885/198 712/883/196 727/907/218 728/909/220
f 721/886/199 720/884/197 735/908/219 736/910/221
f 714/887/200 713/885/198 728/909/220 729/911/222
f 707/889/201 828/912/36 722/897/208
f 737/913/38 721/886/199 736/910/221
f 715/891/202 714/887/200 729/911/222 730/899/210
f 727/907/218 726/905/216 742/914/223 743/915/224
f 735/908/219 734/906/217 750/916/225 751/917/226
f 728/909/220 727/907/218 743/915/224 744/918/227
f 736/910/221 735/908/219 751/917/226 752/919/228
f 729/911/222 728/909/220 744/918/227 745/920/229
f 722/897/208 828/921/36 738/922/230
f 737/923/38 736/910/221 752/919/228
f 730/899/210 729/911/222 745/920/229 746/924/231
f 723/898/209 722/897/208 738/922/230 739/925/232
f 731/900/211 730/899/210 746/924/231 747/926/233
f 724/901/212 723/898/209 739/925/232 740/927/234
f 732/902/213 731/900/211 747/926/233 748/928/235
f 725/903/214 724/901/212 740/927/234 741/929/236
f 733/904/215 732/902/213 748/928/235 749/930/237
f 726/905/216 725/903/214 741/929/236 742/914/223
f 734/906/217 733/904/215 749/930/237 750/916/225
f 747/926/233 746/924/231 761/931/238 762/932/239
f 740/927/234 739/925/232 754/933/240 755/934/241
f 748/928/235 747/926/233 762/932/239 763/935/242
f 741/929/236 740/927/234 755/934/241 756/936/243
f 749/930/237 748/928/235 763/935/242 764/937/244
f 742/914/223 741/929/236 756/936/243 757/938/245
f 750/916/225 749/930/237 764/937/244 765/939/246
f 743/915/224 742/914/223 757/938/245 758/940/247
f 751/917/226 750/916/225 765/939/246 766/941/248
f 744/918/227 743/915/224 758/940/247 759/942/249
f 752/919/228 751/917/226 766/941/248 767/943/250
f 745/920/229 744/918/227 759/942/249 760/944/251
f 738/922/230 828/945/36 753/946/252
f 737/947/38 752/919/228 767/943/250
f 746/924/231 745/920/229 760/944/251 761/931/238
f 739/925/232 738/922/230 753/946/252 754/933/240
f 766/941/248 765/939/246 780/948/253 781/949/254
f 759/942/249 758/940/247 773/950/255 774/951/256
f 767/943/250 766/941/248 781/949/254 782/952/257
f 760/944/251 759/942/249 774/951/256 775/953/258
f 753/946/252 828/954/36 768/955/259
f 737/956/38 767/943/250 782/952/257
f 761/931/238 760/944/251 775/953/258 776/957/260
f 754/933/240 753/946/252 768/955/259 769/958/261
f 762/932/239 761/931/238 776/957/260 777/959/262
f 755/934/241 754/933/240 769/958/261 770/960/263
f 763/935/242 762/932/239 777/959/262 778/961/264
f 756/936/243 755/934/241 770/960/263 771/962/265
f 764/937/244 763/935/242 778/961/264 779/963/266
f 757/938/245 756/936/243 771/962/265 772/964/267
f 765/939/246 764/937/244 779/963/266 780/948/253
f 758/940/247 757/938/245 772/964/267 773/950/255
f 770/960/263 769/958/261 784/965/268 785/966/269
f 778/961/264 777/959/262 792/967/270 793/968/271
f 771/962/265 770/960/263 785/966/269 786/969/272
f 779/963/266 778/961/264 793/968/271 794/970/273
f 772/964/267 771/962/265 786/969/272 787/971/274
f 780/948/253 779/963/266 794/970/273 795/972/275
f 773/950/255 772/964/267 787/971/274 788/973/276
f 781/949/254 780/948/253 795/972/275 796/974/277
f 774/951/256 773/950/255 788/973/276 789/975/278
f 782/952/257 781/949/254 796/974/277 797/976/279
f 775/953/258 774/951/256 789/975/278 790/977/280
f 768/955/259 828/978/36 783/979/281
f 737/980/38 782/952/257 797/976/279
f 776/957/260 775/953/258 790/977/280 791/981/282
f 769/958/261 768/955/259 783/979/281 784/965/268
f 777/959/262 776/957/260 791/981/282 792/967/270
f 789/975/278 788/973/276 803/982/283 804/983/284
f 797/976/279 796/974/277 811/984/285 812/985/286
f 790/977/280 789/975/278 804/983/284 805/986/287
f 783/979/281 828/987/36 798/988/288
f 737/989/38 797/976/279 812/985/286
f 791/981/282 790/977/280 805/986/287 806/990/289
f 784/965/268 783/979/281 798/988/288 799/991/290
f 792/967/270 791/981/282 806/990/289 807/992/291
f 785/966/269 784/965/268 799/991/290 800/993/292
f 793/968/271 792/967/270 807/992/291 808/994/293
f 786/969/272 785/966/269 800/993/292 801/995/294
f 794/970/273 793/968/271 808/994/293 809/996/295
f 787/971/274 786/969/272 801/995/294 802/997/296
f 795/972/275 794/970/273 809/996/295 810/998/297
f 788/973/276 787/971/274 802/997/296 803/982/283
f 796/974/277 795/972/275 810/998/297 811/984/285
f 808/994/293 807/992/291 822/999/298 823/1000/299
f 801/995/294 800/993/292 815/1001/300 816/1002/301
f 809/996/295 808/994/293 823/1000/299 824/1003/302
f 802/997/296 801/995/294 816/1002/301 817/1004/303
f 810/998/297 809/996/295 824/1003/302 825/1005/304
f 803/982/283 802/997/296 817/1004/303 818/1006/305
f 811/984/285 810/998/297 825/1005/304 826/1007/306
f 804/983/284 803/982/283 818/1006/305 819/1008/307
f 812/985/286 811/984/285 826/1007/306 827/1009/308
f 805/986/287 804/983/284 819/1008/307 820/1010/309
f 798/988/288 828/1011/36 813/1012/310
f 737/1013/38 812/985/286 827/1009/308
f 806/990/289 805/986/287 820/1010/309 821/1014/311
f 799/991/290 798/988/288 813/1012/310 814/1015/312
f 807/992/291 806/990/289 821/1014/311 822/999/298
f 800/993/292 799/991/290 814/1015/312 815/1001/300
f 827/1009/308 826/1007/306 842/1016/313 843/1017/314
f 820/1010/309 819/1008/307 835/1018/315 836/1019/316
f 813/1012/310 828/1020/36 829/1021/317
f 737/1022/38 827/1009/308 843/1017/314
f 821/1014/311 820/1010/309 836/1019/316 837/1023/318
f 814/1015/312 813/1012/310 829/1021/317 830/1024/319
f 822/999/298 821/1014/311 837/1023/318 838/1025/320
f 815/1001/300 814/1015/312 830/1024/319 831/1026/321
f 823/1000/299 822/999/298 838/1025/320 839/1027/322
f 816/1002/301 815/1001/300 831/1026/321 832/1028/323
f 824/1003/302 823/1000/299 839/1027/322 840/1029/324
f 817/1004/303 816/1002/301 832/1028/323 833/1030/325
f 825/1005/304 824/1003/302 840/1029/324 841/1031/326
f 818/1006/305 817/1004/303 833/1030/325 834/1032/327
f 826/1007/306 825/1005/304 841/1031/326 842/1016/313
f 819/1008/307 818/1006/305 834/1032/327 835/1018/315
f 840/1029/324 839/1027/322 854/1033/328 855/1034/329
f 833/1030/325 832/1028/323 847/1035/330 848/1036/331
f 841/1031/326 840/1029/324 855/1034/329 856/1037/332
f 834/1032/327 833/1030/325 848/1036/331 849/1038/333
f 842/1016/313 841/1031/326 856/1037/332 857/1039/334
f 835/1018/315 834/1032/327 849/1038/333 850/1040/335
f 843/1017/314 842/1016/313 857/1039/334 858/1041/336
f 836/1019/316 835/1018/315 850/1040/335 851/1042/337
f 829/1021/317 828/1043/36 844/1044/338
f 737/1045/38 843/1017/314 858/1041/336
f 837/1023/318 836/1019/316 851/1042/337 852/1046/339
f 830/1024/319 829/1021/317 844/1044/338 845/1047/340
f 838/1025/320 837/1023/318 852/1046/339 853/1048/341
f 831/1026/321 830/1024/319 845/1047/340 846/1049/342
f 839/1027/322 838/1025/320 853/1048/341 854/1033/328
f 832/1028/323 831/1026/321 846/1049/342 847/1035/330
f 844/1044/338 828/1050/36 859/1051/343
f 737/1052/38 858/1041/336 873/1053/344
f 852/1046/339 851/1042/337 866/1054/345 867/1055/346
f 845/1047/340 844/1044/338 859/1051/343 860/1056/347
f 853/1048/341 852/1046/339 867/1055/346 868/1057/348
f 846/1049/342 845/1047/340 860/1056/347 861/1058/349
f 854/1033/328 853/1048/341 868/1057/348 869/1059/350
f 847/1035/330 846/1049/342 861/1058/349 862/1060/351
f 855/1034/329 854/1033/328 869/1059/350 870/1061/352
f 848/1036/331 847/1035/330 862/1060/351 863/1062/353
f 856/1037/332 855/1034/329 870/1061/352 871/1063/354
f 849/1038/333 848/1036/331 863/1062/353 864/1064/355
f 857/1039/334 856/1037/332 871/1063/354 872/1065/356
f 850/1040/335 849/1038/333 864/1064/355 865/1066/357
f 858/1041/336 857/1039/334 872/1065/356 873/1053/344
f 851/1042/337 850/1040/335 865/1066/357 866/1054/345
f 863/1062/353 862/1060/351 877/1067/358 878/1068/359
f 871/1063/354 870/1061/352 885/1069/360 886/1070/361
f 864/1064/355 863/1062/353 878/1068/359 879/1071/362
f 872/1065/356 871/1063/354 886/1070/361 887/1072/363
f 865/1066/357 864/1064/355 879/1071/362 880/1073/364
f 873/1053/344 872/1065/356 887/1072/363 888/1074/365
f 866/1054/345 865/1066/357 880/1073/364 881/1075/366
f 859/1051/343 828/1076/36 874/1077/367
f 737/1078/38 873/1053/344 888/1074/365
f 867/1055/346 866/1054/345 881/1075/366 882/1079/368
f 860/1056/347 859/1051/343 874/1077/367 875/1080/369
f 868/1057/348 867/1055/346 882/1079/368 883/1081/370
f 861/1058/349 860/1056/347 875/1080/369 876/1082/371
f 869/1059/350 868/1057/348 883/1081/370 884/1083/372
f 862/1060/351 861/1058/349 876/1082/371 877/1067/358
f 870/1061/352 869/1059/350 884/1083/372 885/1069/360
f 882/1079/368 881/1075/366 896/1084/373 897/1085/374
f 875/1080/369 874/1077/367 889/1086/375 890/1087/376
f 883/1081/370 882/1079/368 897/1085/374 898/1088/377
f 876/1082/371 875/1080/369 890/1087/376 891/1089/378
f 884/1083/372 883/1081/370 898/1088/377 899/1090/379
f 877/1067/358 876/1082/371 891/1089/378 892/1091/380
f 885/1069/360 884/1083/372 899/1090/379 900/1092/381
f 878/1068/359 877/1067/358 892/1091/380 893/1093/382
f 886/1070/361 885/1069/360 900/1092/381 901/1094/383
f 879/1071/362 878/1068/359 893/1093/382 894/1095/384
f 887/1072/363 886/1070/361 901/1094/383 902/1096/385
f 880/1073/364 879/1071/362 894/1095/384 895/1097/386
f 888/1074/365 887/1072/363 902/1096/385 903/1098/387
f 881/1075/366 880/1073/364 895/1097/386 896/1084/373
f 874/1077/367 828/1099/36 889/1086/375
f 737/1100/38 888/1074/365 903/1098/387
f 901/1101/383 900/1102/381 915/1103/388 916/1104/389
f 894/1105/384 893/1106/382 908/1107/390 909/1108/391
f 902/1109/385 901/1101/383 916/1104/389 917/1110/392
f 895/1111/386 894/1105/384 909/1108/391 910/1112/393
f 903/1113/387 902/1109/385 917/1110/392 918/1114/394
f 896/1115/373 895/1111/386 910/1112/393 911/1116/395
f 889/1117/375 828/1118/36 904/1119/396
f 737/1120/38 903/1113/387 918/1114/394
f 897/1121/374 896/1115/373 911/1116/395 912/1122/397
f 890/1123/376 889/1117/375 904/1119/396 905/1124/398
f 898/1125/377 897/1121/374 912/1122/397 913/1126/399
f 891/1127/378 890/1123/376 905/1124/398 906/1128/400
f 899/1129/379 898/1125/377 913/1126/399 914/1130/401
f 892/1131/380 891/1127/378 906/1128/400 907/1132/402
f 900/1102/381 899/1129/379 914/1130/401 915/1103/388
f 893/1106/382 892/1131/380 907/1132/402 908/1107/390
f 905/1124/398 904/1119/396 919/1133/403 920/1134/404
f 913/1126/399 912/1122/397 927/1135/405 928/1136/406
f 906/1128/400 905/1124/398 920/1134/404 921/1137/407
f 914/1130/401 913/1126/399 928/1136/406 929/1138/408
f 907/1132/402 906/1128/400 921/1137/407 922/1139/409
f 915/1103/388 914/1130/401 929/1138/408 930/1140/410
f 908/1107/390 907/1132/402 922/1139/409 923/1141/411
f 916/1104/389 915/1103/388 930/1140/410 931/1142/412
f 909/1108/391 908/1107/390 923/1141/411 924/1143/413
f 917/1110/392 916/1104/389 931/1142/412 932/1144/414
f 910/1112/393 909/1108/391 924/1143/413 925/1145/415
f 918/1114/394 917/1110/392 932/1144/414 933/1146/416
f 911/1116/395 910/1112/393 925/1145/415 926/1147/417
f 904/1119/396 828/1148/36 919/1133/403
f 737/1149/38 918/1114/394 933/1146/416
f 912/1122/397 911/1116/395 926/1147/417 927/1135/405
f 924/1143/413 923/1141/411 938/1150/418 939/1151/419
f 932/1144/414 931/1142/412 946/1152/420 947/1153/421
f 925/1145/415 924/1143/413 939/1151/419 940/1154/422
f 933/1146/416 932/1144/414 947/1153/421 948/1155/423
f 926/1147/417 925/1145/415 940/1154/422 941/1156/424
f 919/1133/403 828/1157/36 934/1158/425
f 737/1159/38 933/1146/416 948/1155/423
f 927/1135/405 926/1147/417 941/1156/424 942/1160/426
f 920/1134/404 919/1133/403 934/1158/425 935/1161/427
f 928/1136/406 927/1135/405 942/1160/426 943/1162/428
f 921/1137/407 920/1134/404 935/1161/427 936/1163/429
f 929/1138/408 928/1136/406 943/1162/428 944/1164/430
f 922/1139/409 921/1137/407 936/1163/429 937/1165/431
f 930/1140/410 929/1138/408 944/1164/430 945/1166/432
f 923/1141/411 922/1139/409 937/1165/431 938/1150/418
f 931/1142/412 930/1140/410 945/1166/432 946/1152/420
f 943/1162/428 942/1160/426 957/1167/433 958/1168/434
f 936/1163/429 935/1161/427 950/1169/435 951/1170/436
f 944/1164/430 943/1162/428 958/1168/434 959/1171/437
f 937/1165/431 936/1163/429 951/1170/436 952/1172/438
f 945/1166/432 944/1164/430 959/1171/437 960/1173/439
f 938/1150/418 937/1165/431 952/1172/438 953/1174/440
f 946/1152/420 945/1166/432 960/1173/439 961/1175/441
f 939/1151/419 938/1150/418 953/1174/440 954/1176/442
f 947/1153/421 946/1152/420 961/1175/441 962/1177/443
f 940/1154/422 939/1151/419 954/1176/442 955/1178/444
f 948/1155/423 947/1153/421 962/1177/443 963/1179/445
f 941/1156/424 940/1154/422 955/1178/444 956/1180/446
f 934/1158/425 828/1181/36 949/1182/447
f 737/1183/38 948/1155/423 963/1179/445
f 942/1160/426 941/1156/424 956/1180/446 957/1167/433
f 935/1161/427 934/1158/425 949/1182/447 950/1169/435
f 962/1177/443 961/1175/441 976/1184/448 977/1185/449
f 955/1178/444 954/1176/442 969/1186/450 970/1187/451
f 963/1179/445 962/1177/443 977/1185/449 978/1188/452
f 956/1180/446 955/1178/444 970/1187/451 971/1189/453
f 949/1182/447 828/1190/36 964/1191/454
f 737/1192/38 963/1179/445 978/1188/452
f 957/1167/433 956/1180/446 971/1189/453 972/1193/455
f 950/1169/435 949/1182/447 964/1191/454 965/1194/456
f 958/1168/434 957/1167/433 972/1193/455 973/1195/457
f 951/1170/436 950/1169/435 965/1194/456 966/1196/458
f 959/1171/437 958/1168/434 973/1195/457 974/1197/459
f 952/1172/438 951/1170/436 966/1196/458 967/1198/460
f 960/1173/439 959/1171/437 974/1197/459 975/1199/461
f 953/1174/440 952/1172/438 967/1198/460 968/1200/462
f 961/1175/441 960/1173/439 975/1199/461 976/1184/448
f 954/1176/442 953/1174/440 968/1200/462 969/1186/450
f 974/1197/459 973/1195/457 988/1201/463 989/1202/464
f 967/1198/460 966/1196/458 981/1203/465 982/1204/466
f 975/1199/461 974/1197/459 989/1202/464 990/1205/467
f 968/1200/462 967/1198/460 982/1204/466 983/1206/468
f 976/1184/448 975/1199/461 990/1205/467 991/1207/469
f 969/1186/450 968/1200/462 983/1206/468 984/1208/470
f 977/1185/449 976/1184/448 991/1207/469 992/1209/471
f 970/1187/451 969/1186/450 984/1208/470 985/1210/472
f 978/1188/452 977/1185/449 992/1209/471 993/1211/473
f 971/1189/453 970/1187/451 985/1210/472 986/1212/474
f 964/1191/454 828/1213/36 979/1214/475
f 737/1215/38 978/1188/452 993/1211/473
f 972/1193/455 971/1189/453 986/1212/474 987/1216/476
f 965/1194/456 964/1191/454 979/1214/475 980/1217/477
f 973/1195/457 972/1193/455 987/1216/476 988/1201/463
f 966/1196/458 965/1194/456 980/1217/477 981/1203/465
f 993/1211/473 992/1209/471 1007/1218/478 1008/1219/479
f 986/1212/474 985/1210/472 1000/1220/480 1001/1221/481
f 979/1214/475 828/1222/36 994/1223/482
f 737/1224/38 993/1211/473 1008/1219/479
f 987/1216/476 986/1212/474 1001/1221/481 1002/1225/483
f 980/1217/477 979/1214/475 994/1223/482 995/1226/484
f 988/1201/463 987/1216/476 1002/1225/483 1003/1227/485
f 981/1203/465 980/1217/477 995/1226/484 996/1228/486
f 989/1202/464 988/1201/463 1003/1227/485 1004/1229/487
f 982/1204/466 981/1203/465 996/1228/486 997/1230/488
f 990/1205/467 989/1202/464 1004/1229/487 1005/1231/489
f 983/1206/468 982/1204/466 997/1230/488 998/1232/490
f 991/1207/469 990/1205/467 1005/1231/489 1006/1233/491
f 984/1208/470 983/1206/468 998/1232/490 999/1234/492
f 992/1209/471 991/1207/469 1006/1233/491 1007/1218/478
f 985/1210/472 984/1208/470 999/1234/492 1000/1220/480
f 997/1230/488 996/1228/486 534/683/16 535/682/15
f 1005/1231/489 1004/1229/487 1010/678/11 1011/686/19
f 998/1232/490 997/1230/488 535/682/15 536/688/21
f 1006/1233/491 1005/1231/489 1011/686/19 541/690/23
f 999/1234/492 998/1232/490 536/688/21 537/692/25
f 1007/1218/478 1006/1233/491 541/690/23 1012/694/27
f 1000/1220/480 999/1234/492 537/692/25 538/696/29
f 1008/1219/479 1007/1218/478 1012/694/27 1013/698/31
f 1001/1221/481 1000/1220/480 538/696/29 539/700/33
f 994/1223/482 828/1235/36 532/702/35
f 737/1236/38 1008/1219/479 1013/698/31
f 1002/1225/483 1001/1221/481 539/700/33 540/706/39
f 995/1226/484 994/1223/482 532/702/35 533/708/41
f 1003/1227/485 1002/1225/483 540/706/39 1009/679/12
f 996/1228/486 995/1226/484 533/708/41 534/683/16
f 1004/1229/487 1003/1227/485 1009/679/12 1010/678/11
o Cubo
v -0.239197 -1.833198 -0.012225
v -0.239197 1.833198 -0.012225
v -0.239197 -1.833198 -0.051152
v -0.239197 1.833198 -0.051152
v 0.215226 -1.833198 -0.012225
v 0.215226 1.833198 -0.012225
v 0.215226 -1.833198 -0.051152
v 0.215226 1.833198 -0.051152
vt 0.375000 0.000000
vt 0.625000 0.000000
vt 0.625000 0.250000
vt 0.375000 0.250000
vt 0.625000 0.500000
vt 0.375000 0.500000
vt 0.625000 0.750000
vt 0.375000 0.750000
vt 0.625000 1.000000
vt 0.375000 1.000000
vt 0.125000 0.500000
vt 0.125000 0.750000
vt 0.875000 0.500000
vt 0.875000 0.750000
vn -1.0000 0.0000 0.0000
vn 0.0000 0.0000 -1.0000
vn 1.0000 0.0000 0.0000
vn 0.0000 0.0000 1.0000
vn 0.0000 -1.0000 0.0000
vn 0.0000 1.0000 0.0000
usemtl Material.003
s off
f 1014/1237/493 1015/1238/493 1017/1239/493 1016/1240/493
f 1016/1240/494 1017/1239/494 1021/1241/494 1020/1242/494
f 1020/1242/495 1021/1241/495 1019/1243/495 1018/1244/495
f 1018/1244/496 1019/1243/496 1015/1245/496 1014/1246/496
f 1016/1247/497 1020/1242/497 1018/1244/497 1014/1248/497
f 1021/1241/498 1017/1249/498 1015/1250/498 1019/1243/498
